Client,E-DMS,PB-E,MQL,ME,Response Count,Bounce count,WON,Date,Inboxes,Prospects Count,Week,Month,Year,MQL Diff,ME Diff,WON Diff,Client Name,Sequencer,Negative,Out of Office Accumulated,Human Replies,Human Replies Accumulated,Out of Office,Schedule volume for Today,Schedule volume for Tomorrow,Schedule volume for Day after tomorrow,Invitations sent,Schedule volume for Today (Aimfox),Schedule volume for Tomorrow (Aimfox),Schedule volume for Day after tomorrow (Aimfox)
50475,0,0,0,0,0,0,0,2025-04-21,464,1843,17,4,,,,,,Smartlead,,,,0,,,,,,,,
50475,0,0,0,0,0,0,0,2025-04-21,464,1843,17,4,,,,,,Smartlead,,,,0,,,,,,,,
50705,0,0,0,0,0,0,0,2025-04-21,36,1285,17,4,,,,,,Smartlead,,,,0,,,,,,,,
51212,0,0,0,0,0,0,0,2025-04-21,160,931,17,4,,,,,,Smartlead,,,,0,,,,,,,,
50475,0,0,0,0,0,0,0,2025-04-22,464,1843,17,4,,,,,,Smartlead,,,,0,,,,,,,,
50705,0,0,0,0,0,0,0,2025-04-22,36,1285,17,4,,,,,,Smartlead,,,,0,,,,,,,,
51212,0,0,0,0,0,0,0,2025-04-22,160,931,17,4,,,,,,Smartlead,,,,0,,,,,,,,
50475,0,0,0,0,0,0,0,2025-04-23,464,1843,17,4,,,,,,Smartlead,,,,0,,,,,,,,
50705,0,0,0,0,0,0,0,2025-04-23,36,1285,17,4,,,,,,Smartlead,,,,0,,,,,,,,
51212,0,0,0,0,0,0,0,2025-04-23,160,931,17,4,,,,,,Smartlead,,,,0,,,,,,,,
50475,0,0,0,0,0,0,0,2025-04-24,464,1843,17,4,,,,,,Smartlead,,,,0,,,,,,,,
50705,0,0,0,0,0,0,0,2025-04-24,36,1285,17,4,,,,,,Smartlead,,,,0,,,,,,,,
51212,0,0,0,0,0,0,0,2025-04-24,160,931,17,4,,,,,,Smartlead,,,,0,,,,,,,,
50475,0,0,0,0,0,0,0,2025-04-25,464,1843,17,4,,,,,,Smartlead,,,,0,,,,,,,,
50705,0,0,0,0,0,0,0,2025-04-25,36,1285,17,4,,,,,,Smartlead,,,,0,,,,,,,,
51212,0,0,0,0,0,0,0,2025-04-25,160,931,17,4,,,,,,Smartlead,,,,0,,,,,,,,
50475,0,0,0,0,0,0,0,2025-04-26,464,1843,17,4,,,,,,Smartlead,,,,0,,,,,,,,
50705,0,0,0,0,0,0,0,2025-04-26,36,1285,17,4,,,,,,Smartlead,,,,0,,,,,,,,
51212,0,0,0,0,0,0,0,2025-04-26,160,931,17,4,,,,,,Smartlead,,,,0,,,,,,,,
50475,0,0,0,0,0,0,0,2025-04-27,464,1843,18,4,,,,,,Smartlead,,,,0,,,,,,,,
50705,0,0,0,0,0,0,0,2025-04-27,36,1285,18,4,,,,,,Smartlead,,,,0,,,,,,,,
51212,0,0,0,0,0,0,0,2025-04-27,160,931,18,4,,,,,,Smartlead,,,,0,,,,,,,,
50475,0,0,0,0,0,0,0,2025-04-28,464,1843,18,4,,,,,,Smartlead,,,,0,,,,,,,,
50705,0,0,0,0,0,0,0,2025-04-28,36,1285,18,4,,,,,,Smartlead,,,,0,,,,,,,,
51212,0,0,0,0,0,0,0,2025-04-28,160,931,18,4,,,,,,Smartlead,,,,0,,,,,,,,
50475,0,0,0,0,0,0,0,2025-04-29,464,1843,18,4,,,,,,Smartlead,,,,0,,,,,,,,
50705,0,0,0,0,0,0,0,2025-04-29,36,1285,18,4,,,,,,Smartlead,,,,0,,,,,,,,
51212,0,0,0,0,0,0,0,2025-04-29,160,931,18,4,,,,,,Smartlead,,,,0,,,,,,,,
50475,0,0,0,0,0,0,0,2025-04-30,464,1843,18,4,,,,,,Smartlead,,,,0,,,,,,,,
50705,0,0,0,0,0,0,0,2025-04-30,36,1285,18,4,,,,,,Smartlead,,,,0,,,,,,,,
51212,0,0,0,0,0,0,0,2025-04-30,160,931,18,4,,,,,,Smartlead,,,,0,,,,,,,,
50475,0,0,0,0,0,0,0,2025-05-01,464,1843,18,5,,,,,,Smartlead,,,,0,,,,,,,,
50705,0,0,0,0,0,0,0,2025-05-01,36,1285,18,5,,,,,,Smartlead,,,,0,,,,,,,,
51212,0,0,0,0,0,0,0,2025-05-01,160,931,18,5,,,,,,Smartlead,,,,0,,,,,,,,
50475,0,0,0,0,0,0,0,2025-05-02,464,1843,18,5,,,,,,Smartlead,,,,0,,,,,,,,
50705,0,0,0,0,0,0,0,2025-05-02,36,1285,18,5,,,,,,Smartlead,,,,0,,,,,,,,
51212,0,0,0,0,0,0,0,2025-05-02,160,931,18,5,,,,,,Smartlead,,,,0,,,,,,,,
50475,0,0,0,0,0,0,0,2025-05-03,464,1843,18,5,,,,,,Smartlead,,,,0,,,,,,,,
50705,0,0,0,0,0,0,0,2025-05-03,36,1285,18,5,,,,,,Smartlead,,,,0,,,,,,,,
51212,0,0,0,0,0,0,0,2025-05-03,160,931,18,5,,,,,,Smartlead,,,,0,,,,,,,,
50475,0,0,0,0,0,0,0,2025-05-04,464,1843,19,5,,,,,,Smartlead,,,,0,,,,,,,,
50705,0,0,0,0,0,0,0,2025-05-04,36,1285,19,5,,,,,,Smartlead,,,,0,,,,,,,,
51212,0,0,0,0,0,0,0,2025-05-04,160,931,19,5,,,,,,Smartlead,,,,0,,,,,,,,
50475,320,0,0,0,3,2,0,2025-05-05,464,1843,19,5,,,,,,Smartlead,,,,0,,,,,,,,
50705,0,0,0,0,0,0,0,2025-05-05,36,1285,19,5,,,,,,Smartlead,,,,0,,,,,,,,
51212,0,0,0,0,0,0,0,2025-05-05,160,931,19,5,,,,,,Smartlead,,,,0,,,,,,,,
50475,995,0,3,0,22,8,0,2025-05-06,464,1843,19,5,,,,,,Smartlead,,,,0,,,,,,,,
50705,0,0,0,0,0,0,0,2025-05-06,36,1285,19,5,,,,,,Smartlead,,,,0,,,,,,,,
51212,0,0,0,0,0,0,0,2025-05-06,160,931,19,5,,,,,,Smartlead,,,,0,,,,,,,,
50475,601,0,2,0,24,3,0,2025-05-07,464,1843,19,5,,,,,,Smartlead,,,,0,,,,,,,,
50705,0,0,0,0,0,0,0,2025-05-07,36,1285,19,5,,,,,,Smartlead,,,,0,,,,,,,,
51212,0,0,0,0,0,0,0,2025-05-07,160,931,19,5,,,,,,Smartlead,,,,0,,,,,,,,
50475,250,0,1,0,4,1,0,2025-05-08,464,1843,19,5,,,,,,Smartlead,,,,0,,,,,,,,
50705,0,0,0,0,0,0,0,2025-05-08,36,1285,19,5,,,,,,Smartlead,,,,0,,,,,,,,
51212,0,0,0,0,0,0,0,2025-05-08,160,931,19,5,,,,,,Smartlead,,,,0,,,,,,,,
50475,1,0,0,0,0,0,0,2025-05-09,464,1843,19,5,,,,,,Smartlead,,,,0,,,,,,,,
50705,0,0,0,0,0,0,0,2025-05-09,36,1285,19,5,,,,,,Smartlead,,,,0,,,,,,,,
51212,0,0,0,0,0,0,0,2025-05-09,160,931,19,5,,,,,,Smartlead,,,,0,,,,,,,,
50475,0,0,0,0,0,0,0,2025-05-10,464,1843,19,5,,,,,,Smartlead,,,,0,,,,,,,,
50705,0,0,0,0,0,0,0,2025-05-10,36,1285,19,5,,,,,,Smartlead,,,,0,,,,,,,,
51212,0,0,0,0,0,0,0,2025-05-10,160,931,19,5,,,,,,Smartlead,,,,0,,,,,,,,
50475,0,0,0,0,0,0,0,2025-05-11,464,1843,20,5,,,,,,Smartlead,,,,0,,,,,,,,
50705,0,0,0,0,0,0,0,2025-05-11,36,1285,20,5,,,,,,Smartlead,,,,0,,,,,,,,
51212,0,0,0,0,0,0,0,2025-05-11,160,931,20,5,,,,,,Smartlead,,,,0,,,,,,,,
50475,523,0,0,0,8,0,0,2025-05-12,464,1843,20,5,,,,,,Smartlead,,,,0,,,,,,,,
50705,0,0,0,0,0,0,0,2025-05-12,36,1285,20,5,,,,,,Smartlead,,,,0,,,,,,,,
51212,0,0,0,0,0,0,0,2025-05-12,160,931,20,5,,,,,,Smartlead,,,,0,,,,,,,,
50475,532,0,0,0,4,0,0,2025-05-13,464,1843,20,5,,,,,,Smartlead,,,,0,,,,,,,,
50705,296,0,0,0,6,0,0,2025-05-13,36,1285,20,5,,,,,,Smartlead,,,,0,,,,,,,,
51212,722,0,4,0,23,3,0,2025-05-13,160,931,20,5,,,,,,Smartlead,,,,0,,,,,,,,
50475,440,0,0,0,5,0,0,2025-05-14,464,1843,20,5,,,,,,Smartlead,,,,0,,,,,,,,
50705,666,0,2,1,20,3,0,2025-05-14,36,1285,20,5,,,,,,Smartlead,,,,0,,,,,,,,
51212,152,0,1,0,4,1,0,2025-05-14,160,931,20,5,,,,,,Smartlead,,,,0,,,,,,,,
50475,259,0,0,0,3,0,0,2025-05-15,464,1843,20,5,,,,,,Smartlead,,,,0,,,,,,,,
50705,563,0,2,1,20,7,0,2025-05-15,36,1285,20,5,,,,,,Smartlead,,,,0,,,,,,,,
51212,0,0,4,0,2,0,0,2025-05-15,160,931,20,5,,,,,,Smartlead,,,,0,,,,,,,,
50475,7,0,0,0,0,0,0,2025-05-16,464,1843,20,5,,,,,,Smartlead,,,,0,,,,,,,,
50705,271,0,0,0,2,0,0,2025-05-16,36,1285,20,5,,,,,,Smartlead,,,,0,,,,,,,,
51212,653,0,1,0,10,0,0,2025-05-16,160,931,20,5,,,,,,Smartlead,,,,0,,,,,,,,
50475,0,0,0,0,0,0,0,2025-05-17,464,1843,20,5,,,,,,Smartlead,,,,0,,,,,,,,
50705,0,0,2,0,0,0,0,2025-05-17,36,1285,20,5,,,,,,Smartlead,,,,0,,,,,,,,
51212,0,0,4,0,2,0,0,2025-05-17,160,931,20,5,,,,,,Smartlead,,,,0,,,,,,,,
50475,0,0,0,0,0,0,0,2025-05-18,464,1843,21,5,,,,,,Smartlead,,,,0,,,,,,,,
50705,0,0,0,0,0,0,0,2025-05-18,36,1285,21,5,,,,,,Smartlead,,,,0,,,,,,,,
51212,0,0,0,0,0,0,0,2025-05-18,160,931,21,5,,,,,,Smartlead,,,,0,,,,,,,,
50475,0,0,0,0,2,0,0,2025-05-19,464,1843,21,5,,,,,,Smartlead,,,,0,,,,,,,,
50705,698,0,3,0,12,0,0,2025-05-19,36,1285,21,5,,,,,,Smartlead,,,,0,,,,,,,,
51212,173,0,1,0,4,0,0,2025-05-19,160,931,21,5,,,,,,Smartlead,,,,0,,,,,,,,
50475,0,0,0,0,0,0,0,2025-05-20,464,1843,21,5,,,,,,Smartlead,,,,0,,,,,,,,
50705,397,0,4,0,9,0,0,2025-05-20,36,1285,21,5,,,,,,Smartlead,,,,0,,,,,,,,
51212,554,0,0,0,4,0,0,2025-05-20,160,931,21,5,,,,,,Smartlead,,,,0,,,,,,,,
50475,560,0,5,0,16,1,0,2025-05-21,464,4179,21,5,,,,,,Smartlead,,,,0,,,,,,,,
50705,133,0,0,0,4,0,0,2025-05-21,166,1285,21,5,,,,,,Smartlead,,,,0,,,,,,,,
51212,84,0,0,0,0,0,0,2025-05-21,160,931,21,5,,,,,,Smartlead,,,,0,,,,,,,,
50475,720,0,4,0,14,3,0,2025-05-22,464,4179,21,5,,,,,,Smartlead,,,,0,,,,,,,,
50705,2,0,0,0,0,0,0,2025-05-22,166,1285,21,5,,,,,,Smartlead,,,,0,,,,,,,,
51212,0,0,0,0,0,0,0,2025-05-22,160,931,21,5,,,,,,Smartlead,,,,0,,,,,,,,
50475,721,0,2,0,10,0,0,2025-05-23,464,4179,21,5,,,,,,Smartlead,,,,0,,,,,,,,
50705,577,0,2,0,8,2,0,2025-05-23,166,2327,21,5,,,,,,Smartlead,,,,0,,,,,,,,
51212,169,0,2,0,2,0,0,2025-05-23,160,931,21,5,,,,,,Smartlead,,,,0,,,,,,,,
50475,0,0,0,0,0,0,0,2025-05-24,464,4179,21,5,,,,,,Smartlead,,,,0,,,,,,,,
50705,0,0,0,0,0,0,0,2025-05-24,166,2327,21,5,,,,,,Smartlead,,,,0,,,,,,,,
51212,0,0,0,0,0,0,0,2025-05-24,160,931,21,5,,,,,,Smartlead,,,,0,,,,,,,,
50475,0,0,0,0,2,0,0,2025-05-25,464,4878,22,5,,,,,,Smartlead,,,,0,,,,,,,,
50705,0,0,0,0,1,0,0,2025-05-25,166,2327,22,5,,,,,,Smartlead,,,,0,,,,,,,,
51212,0,0,1,0,1,0,0,2025-05-25,160,931,22,5,,,,,,Smartlead,,,,0,,,,,,,,
50475,1362,0,1,0,18,7,0,2025-05-26,464,4878,22,5,,,,,,Smartlead,,,,0,,,,,,,,
50705,604,0,1,0,5,0,0,2025-05-26,166,2573,22,5,,,,,,Smartlead,,,,0,,,,,,,,
51212,2,0,0,0,0,0,0,2025-05-26,160,931,22,5,,,,,,Smartlead,,,,0,,,,,,,,
50475,1228,0,2,0,17,7,0,2025-05-27,464,4878,22,5,,,,,,Smartlead,,,,0,,,,,,,,
50705,554,0,1,0,10,1,0,2025-05-27,166,2573,22,5,,,,,,Smartlead,,,,0,,,,,,,,
51212,637,0,1,0,14,0,0,2025-05-27,160,1568,22,5,,,,,,Smartlead,,,,0,,,,,,,,
50475,717,0,4,0,11,1,0,2025-05-28,464,4878,22,5,,,,,,Smartlead,,,,0,,,,,,,,
50705,556,0,1,1,3,0,0,2025-05-28,166,2573,22,5,,,,,,Smartlead,,,,0,,,,,,,,
51212,1,0,0,0,1,0,0,2025-05-28,160,1568,22,5,,,,,,Smartlead,,,,0,,,,,,,,
50475,104,0,2,0,6,0,0,2025-05-29,464,4878,22,5,,,,,,Smartlead,,,,0,,,,,,,,
50705,364,0,1,0,7,2,0,2025-05-29,120,2573,22,5,,,,,,Smartlead,,,,0,,,,,,,,
51212,236,0,3,0,3,9,0,2025-05-29,160,2026,22,5,,,,,,Smartlead,,,,0,,,,,,,,
50475,8,0,1,0,1,0,0,2025-05-30,464,4878,22,5,,,,,,Smartlead,,,,0,,,,,,,,
50705,596,0,0,0,4,0,0,2025-05-30,120,2573,22,5,,,,,,Smartlead,,,,0,,,,,,,,
51212,806,0,4,0,12,18,0,2025-05-30,160,2026,22,5,,,,,,Smartlead,,,,0,,,,,,,,
50475,0,0,0,0,0,0,0,2025-05-31,464,4878,22,5,,,,,,Smartlead,,,,0,,,,,,,,
50705,0,0,0,0,0,0,0,2025-05-31,120,2573,22,5,,,,,,Smartlead,,,,0,,,,,,,,
51212,0,0,0,0,1,0,0,2025-05-31,160,2026,22,5,,,,,,Smartlead,,,,0,,,,,,,,
50475,0,0,0,0,0,0,0,2025-06-01,464,4878,23,6,,,,,,Smartlead,,,,0,,,,,,,,
50705,0,0,0,0,0,0,0,2025-06-01,120,2573,23,6,,,,,,Smartlead,,,,0,,,,,,,,
51212,0,0,0,0,0,0,0,2025-06-01,160,2026,23,6,,,,,,Smartlead,,,,0,,,,,,,,
50475,1912,0,3,0,18,28,0,2025-06-02,464,8628,23,6,,,,,,Smartlead,,,,0,,,,,,,,
50705,657,0,3,1,8,0,0,2025-06-02,120,2573,23,6,,,,,,Smartlead,,,,0,,,,,,,,
51212,462,0,0,0,7,0,0,2025-06-02,160,2026,23,6,,,,,,Smartlead,,,,0,,,,,,,,
50475,970,0,3,0,26,5,0,2025-06-03,464,8628,23,6,,,,,,Smartlead,,,,0,,,,,,,,
50705,975,0,3,0,29,7,0,2025-06-03,120,4654,23,6,,,,,,Smartlead,,,,0,,,,,,,,
51212,468,0,2,0,4,0,0,2025-06-03,160,2026,23,6,,,,,,Smartlead,,,,0,,,,,,,,
50475,720,0,3,0,14,0,0,2025-06-04,464,3750,23,6,,,,,,Smartlead,,,,0,,,,,,,,
50705,485,0,0,0,6,7,0,2025-06-04,120,2081,23,6,,,,,,Smartlead,,,,0,,,,,,,,
51212,100,0,0,0,2,0,0,2025-06-04,160,0,23,6,,,,,,Smartlead,,,,0,,,,,,,,
50475,480,0,5,0,13,1,0,2025-06-05,464,3750,23,6,,,,,,Smartlead,,,,0,,,,,,,,
50705,592,0,2,0,23,1,0,2025-06-05,120,2072,23,6,,,,,,Smartlead,,,,0,,,,,,,,
51212,403,0,0,0,3,0,0,2025-06-05,160,0,23,6,,,,,,Smartlead,,,,0,,,,,,,,
50475,730,0,0,0,24,4,0,2025-06-06,464,4162,23,6,,,,,,Smartlead,,,,0,,,,,,,,
50705,669,0,2,0,12,0,0,2025-06-06,120,2072,23,6,,,,,,Smartlead,,,,0,,,,,,,,
51212,53,0,0,0,1,0,0,2025-06-06,160,0,23,6,,,,,,Smartlead,,,,0,,,,,,,,
50475,0,0,0,0,2,0,0,2025-06-07,464,4162,23,6,,,,,,Smartlead,,,,0,,,,,,,,
50705,0,0,0,0,0,0,0,2025-06-07,120,2072,23,6,,,,,,Smartlead,,,,0,,,,,,,,
51212,0,0,0,0,0,0,0,2025-06-07,160,0,23,6,,,,,,Smartlead,,,,0,,,,,,,,
50475,0,0,0,0,1,0,0,2025-06-08,464,4162,24,6,,,,,,Smartlead,,,,0,,,,,,,,
50705,0,0,0,0,0,0,0,2025-06-08,120,2072,24,6,,,,,,Smartlead,,,,0,,,,,,,,
51212,0,0,0,0,1,0,0,2025-06-08,160,0,24,6,,,,,,Smartlead,,,,0,,,,,,,,
50475,1545,0,4,0,19,0,0,2025-06-09,464,4162,24,6,,,,,,Smartlead,,,,0,,,,,,,,
50705,819,0,3,0,18,0,0,2025-06-09,120,2072,24,6,,,,,,Smartlead,,,,0,,,,,,,,
51212,472,0,0,0,7,4,0,2025-06-09,160,1003,24,6,,,,,,Smartlead,,,,0,,,,,,,,
50475,1333,0,4,0,27,2,0,2025-06-10,464,4162,24,6,,,,,,Smartlead,,,,0,,,,,,,,
50705,578,0,1,0,15,0,0,2025-06-10,120,2072,24,6,,,,,,Smartlead,,,,0,,,,,,,,
51212,379,0,1,0,6,0,0,2025-06-10,160,1003,24,6,,,,,,Smartlead,,,,0,,,,,,,,
64796,0,0,0,0,0,0,0,2025-06-10,320,0,24,6,,,,,,Smartlead,,,,0,,,,,,,,
50475,1334,0,4,0,19,1,0,2025-06-11,464,4162,24,6,,,,,,Smartlead,,,,0,,,,,,,,
50705,365,0,1,0,12,2,0,2025-06-11,120,2279,24,6,,,,,,Smartlead,,,,0,,,,,,,,
51212,152,0,0,0,3,0,0,2025-06-11,160,1003,24,6,,,,,,Smartlead,,,,0,,,,,,,,
64796,0,0,0,0,0,0,0,2025-06-11,320,0,24,6,,,,,,Smartlead,,,,0,,,,,,,,
50475,797,0,3,0,15,0,0,2025-06-12,464,4162,24,6,,,,,,Smartlead,,,,0,,,,,,,,
50705,488,0,1,0,12,1,0,2025-06-12,120,2640,24,6,,,,,,Smartlead,,,,0,,,,,,,,
51212,377,0,1,0,4,0,0,2025-06-12,160,1003,24,6,,,,,,Smartlead,,,,0,,,,,,,,
64796,0,0,0,0,0,0,0,2025-06-12,320,0,24,6,,,,,,Smartlead,,,,0,,,,,,,,
50475,397,0,4,0,13,1,0,2025-06-13,464,4162,24,6,,,,,,Smartlead,,,,0,,,,,,,,
50705,621,0,0,0,8,1,0,2025-06-13,120,2640,24,6,,,,,,Smartlead,,,,0,,,,,,,,
51212,372,0,0,0,4,0,0,2025-06-13,160,1003,24,6,,,,,,Smartlead,,,,0,,,,,,,,
64796,0,0,0,0,0,0,0,2025-06-13,320,0,24,6,,,,,,Smartlead,,,,0,,,,,,,,
50475,0,0,0,0,0,0,0,2025-06-14,464,4162,24,6,,,,,,Smartlead,,,,0,,,,,,,,
50705,0,0,0,0,1,0,0,2025-06-14,120,2640,24,6,,,,,,Smartlead,,,,0,,,,,,,,
51212,0,0,0,0,0,0,0,2025-06-14,160,1003,24,6,,,,,,Smartlead,,,,0,,,,,,,,
64796,0,0,0,0,0,0,0,2025-06-14,320,0,24,6,,,,,,Smartlead,,,,0,,,,,,,,
50475,0,0,1,0,1,0,0,2025-06-15,464,4162,25,6,,,,,,Smartlead,,,,0,,,,,,,,
50705,0,0,0,0,0,0,0,2025-06-15,120,2648,25,6,,,,,,Smartlead,,,,0,,,,,,,,
51212,0,0,0,0,1,0,0,2025-06-15,160,1003,25,6,,,,,,Smartlead,,,,0,,,,,,,,
64796,0,0,0,0,0,0,0,2025-06-15,320,0,25,6,,,,,,Smartlead,,,,0,,,,,,,,
50475,957,0,0,0,15,0,0,2025-06-16,464,4162,25,6,,,,,,Smartlead,,,,0,,,,,,,,
50705,729,0,0,0,5,2,0,2025-06-16,120,2648,25,6,,,,,,Smartlead,,,,0,,,,,,,,
51212,299,0,1,0,3,0,0,2025-06-16,160,1003,25,6,,,,,,Smartlead,,,,0,,,,,,,,
64796,0,0,0,0,0,0,0,2025-06-16,320,0,25,6,,,,,,Smartlead,,,,0,,,,,,,,
50475,256,0,1,0,6,0,0,2025-06-17,464,4162,25,6,,,,,,Smartlead,,,,0,,,,,,,,
50705,239,0,0,0,7,1,0,2025-06-17,120,2648,25,6,,,,,,Smartlead,,,,0,,,,,,,,
51212,359,0,0,0,3,0,0,2025-06-17,160,1003,25,6,,,,,,Smartlead,,,,0,,,,,,,,
64796,0,0,0,0,0,0,0,2025-06-17,320,0,25,6,,,,,,Smartlead,,,,0,,,,,,,,
50475,62,0,1,0,2,0,0,2025-06-18,464,4162,25,6,,,,,,Smartlead,,,,0,,,,,,,,
50705,104,0,1,0,4,0,0,2025-06-18,0,2648,25,6,,,,,,Smartlead,,,,0,,,,,,,,
51212,276,0,0,0,0,0,0,2025-06-18,160,1003,25,6,,,,,,Smartlead,,,,0,,,,,,,,
64796,0,0,0,0,0,0,0,2025-06-18,320,0,25,6,,,,,,Smartlead,,,,0,,,,,,,,
50475,5,0,1,0,1,0,0,2025-06-19,464,4162,25,6,,,,,,Smartlead,,,,0,,,,,,,,
50705,0,0,0,0,0,0,0,2025-06-19,0,2648,25,6,,,,,,Smartlead,,,,0,,,,,,,,
51212,23,0,0,0,0,0,0,2025-06-19,160,1003,25,6,,,,,,Smartlead,,,,0,,,,,,,,
64796,0,0,0,0,0,0,0,2025-06-19,320,0,25,6,,,,,,Smartlead,,,,0,,,,,,,,
50475,14,0,0,0,0,0,0,2025-06-20,464,4162,25,6,,,,,,Smartlead,,,,0,,,,,,,,
50705,0,0,0,0,0,0,0,2025-06-20,0,2648,25,6,,,,,,Smartlead,,,,0,,,,,,,,
51212,114,0,0,0,0,0,0,2025-06-20,160,1003,25,6,,,,,,Smartlead,,,,0,,,,,,,,
64796,0,0,0,0,0,0,0,2025-06-20,320,0,25,6,,,,,,Smartlead,,,,0,,,,,,,,
50475,0,0,0,0,0,0,0,2025-06-21,464,4162,25,6,,,,,,Smartlead,,,,0,,,,,,,,
51212,0,0,0,0,0,0,0,2025-06-21,160,1003,25,6,,,,,,Smartlead,,,,0,,,,,,,,
64796,0,0,0,0,0,0,0,2025-06-21,320,0,25,6,,,,,,Smartlead,,,,0,,,,,,,,
50475,0,0,0,0,0,0,0,2025-06-22,464,4162,26,6,,,,,,Smartlead,,,,0,,,,,,,,
51212,0,0,0,0,0,0,0,2025-06-22,160,1003,26,6,,,,,,Smartlead,,,,0,,,,,,,,
64796,0,0,0,0,0,0,0,2025-06-22,320,0,26,6,,,,,,Smartlead,,,,0,,,,,,,,
50475,1078,0,2,0,17,2,0,2025-06-23,464,4162,26,6,,,,,,Smartlead,,,,0,,,,,,,,
51212,102,0,1,0,1,0,0,2025-06-23,160,1003,26,6,,,,,,Smartlead,,,,0,,,,,,,,
64796,0,0,0,0,0,0,0,2025-06-23,320,0,26,6,,,,,,Smartlead,,,,0,,,,,,,,
50475,490,0,4,0,7,1,0,2025-06-24,464,4162,26,6,,,,,,Smartlead,,,,0,,,,,,,,
51212,1,0,0,0,0,0,0,2025-06-24,160,1003,26,6,,,,,,Smartlead,,,,0,,,,,,,,
64796,0,0,0,0,0,0,0,2025-06-24,320,0,26,6,,,,,,Smartlead,,,,0,,,,,,,,
50475,511,0,3,0,8,0,0,2025-06-25,464,4162,26,6,,,,,,Smartlead,,,,0,,,,,,,,
51212,0,0,0,0,0,0,0,2025-06-25,160,1003,26,6,,,,,,Smartlead,,,,0,,,,,,,,
64796,0,0,0,0,0,0,0,2025-06-25,320,0,26,6,,,,,,Smartlead,,,,0,,,,,,,,
50475,937,0,3,0,13,2,0,2025-06-26,464,6913,26,6,,,,,,Smartlead,,,,0,,,,,,,,
51212,278,0,0,0,5,2,0,2025-06-26,160,1491,26,6,,,,,,Smartlead,,,,0,,,,,,,,
64796,0,0,0,0,0,0,0,2025-06-26,320,0,26,6,,,,,,Smartlead,,,,0,,,,,,,,
50475,536,0,1,0,8,0,0,2025-06-27,464,6913,26,6,,,,,,Smartlead,,,,0,,,,,,,,
51212,212,0,0,0,4,1,0,2025-06-27,160,1491,26,6,,,,,,Smartlead,,,,0,,,,,,,,
64796,0,0,0,0,0,0,0,2025-06-27,320,0,26,6,,,,,,Smartlead,,,,0,,,,,,,,
50475,0,0,0,0,0,0,0,2025-06-28,464,6913,26,6,,,,,,Smartlead,,,,0,,,,,,,,
51212,0,0,0,0,1,0,0,2025-06-28,160,1491,26,6,,,,,,Smartlead,,,,0,,,,,,,,
64796,0,0,0,0,0,0,0,2025-06-28,320,0,26,6,,,,,,Smartlead,,,,0,,,,,,,,
50475,0,0,0,0,0,0,0,2025-06-29,464,6913,27,6,,,,,,Smartlead,,,,0,,,,,,,,
51212,0,0,0,0,0,0,0,2025-06-29,160,1491,27,6,,,,,,Smartlead,,,,0,,,,,,,,
64796,0,0,0,0,0,0,0,2025-06-29,320,0,27,6,,,,,,Smartlead,,,,0,,,,,,,,
50475,1085,0,2,0,14,0,0,2025-06-30,464,6913,27,6,,,,,,Smartlead,,,,0,,,,,,,,
51212,194,0,2,0,2,0,0,2025-06-30,160,1491,27,6,,,,,,Smartlead,,,,0,,,,,,,,
64796,0,0,0,0,0,0,0,2025-06-30,320,0,27,6,,,,,,Smartlead,,,,0,,,,,,,,
50475,995,0,0,0,14,0,0,2025-07-01,464,0,27,7,,,,,,Smartlead,,,,0,,,,,,,,
51212,373,0,1,0,3,0,0,2025-07-01,160,0,27,7,,,,,,Smartlead,,,,0,,,,,,,,
64796,0,0,0,0,0,0,0,2025-07-01,320,0,27,7,,,,,,Smartlead,,,,0,,,,,,,,
50475,920,0,0,0,1,1,0,2025-07-02,464,0,27,7,,,,,,Smartlead,,,,0,,,,,,,,
51212,352,0,0,0,0,0,0,2025-07-02,160,0,27,7,,,,,,Smartlead,,,,0,,,,,,,,
64796,0,0,0,0,0,0,0,2025-07-02,320,0,27,7,,,,,,Smartlead,,,,0,,,,,,,,
50475,187,0,1,0,2,0,0,2025-07-03,464,0,27,7,,,,,,Smartlead,,,,0,,,,,,,,
51212,307,0,1,0,1,0,0,2025-07-03,160,0,27,7,,,,,,Smartlead,,,,0,,,,,,,,
64796,0,0,0,0,0,0,0,2025-07-03,320,0,27,7,,,,,,Smartlead,,,,0,,,,,,,,
50475,19,0,0,0,1,0,0,2025-07-04,464,0,27,7,,,,,,Smartlead,,,,0,,,,,,,,
51212,151,0,0,0,1,0,0,2025-07-04,160,0,27,7,,,,,,Smartlead,,,,0,,,,,,,,
64796,0,0,0,0,0,0,0,2025-07-04,320,0,27,7,,,,,,Smartlead,,,,0,,,,,,,,
50475,0,0,0,0,0,0,0,2025-07-05,464,0,27,7,,,,,,Smartlead,,,,0,,,,,,,,
51212,0,0,0,0,0,0,0,2025-07-05,160,0,27,7,,,,,,Smartlead,,,,0,,,,,,,,
64796,0,0,0,0,0,0,0,2025-07-05,320,0,27,7,,,,,,Smartlead,,,,0,,,,,,,,
50475,0,0,0,0,0,0,0,2025-07-06,464,0,28,7,,,,,,Smartlead,,,,0,,,,,,,,
51212,0,0,0,0,0,0,0,2025-07-06,160,0,28,7,,,,,,Smartlead,,,,0,,,,,,,,
64796,0,0,0,0,0,0,0,2025-07-06,320,0,28,7,,,,,,Smartlead,,,,0,,,,,,,,
50475,618,0,1,0,7,6,0,2025-07-07,464,1862,28,7,,,,,,Smartlead,,,,0,,,,,,,,
51212,315,0,1,0,2,1,0,2025-07-07,160,987,28,7,,,,,,Smartlead,,,,0,,,,,,,,
64796,0,0,0,0,0,0,0,2025-07-07,320,0,28,7,,,,,,Smartlead,,,,0,,,,,,,,
89316,0,0,0,0,0,0,0,2025-07-07,64,0,28,7,,,,,,Smartlead,,,,0,,,,,,,,
50475,652,0,1,0,7,1,0,2025-07-08,464,3765,28,7,,,,,,Smartlead,,,,0,,,,,,,,
51212,322,0,1,0,3,4,0,2025-07-08,160,987,28,7,,,,,,Smartlead,,,,0,,,,,,,,
64796,0,0,0,0,0,0,0,2025-07-08,320,0,28,7,,,,,,Smartlead,,,,0,,,,,,,,
89316,0,0,0,0,0,0,0,2025-07-08,64,0,28,7,,,,,,Smartlead,,,,0,,,,,,,,
50475,648,0,1,0,6,1,0,2025-07-09,464,3770,28,7,,,,,,Smartlead,,,,0,,,,,,,,
51212,362,0,1,0,3,3,0,2025-07-09,160,987,28,7,,,,,,Smartlead,,,,0,,,,,,,,
64796,0,0,0,0,0,0,0,2025-07-09,320,0,28,7,,,,,,Smartlead,,,,0,,,,,,,,
89316,0,0,0,0,0,0,0,2025-07-09,64,0,28,7,,,,,,Smartlead,,,,0,,,,,,,,
50475,709,0,2,0,9,5,0,2025-07-10,464,3770,28,7,,,,,,Smartlead,,,,0,,,,,,,,
51212,360,0,0,0,1,0,0,2025-07-10,160,987,28,7,,,,,,Smartlead,,,,0,,,,,,,,
64796,0,0,0,0,0,0,0,2025-07-10,320,0,28,7,,,,,,Smartlead,,,,0,,,,,,,,
89316,0,0,0,0,0,0,0,2025-07-10,64,0,28,7,,,,,,Smartlead,,,,0,,,,,,,,
50475,659,0,0,0,3,5,0,2025-07-11,464,3770,28,7,,,,,,Smartlead,,,,0,,,,,,,,
51212,362,0,0,0,6,0,0,2025-07-11,160,987,28,7,,,,,,Smartlead,,,,0,,,,,,,,
64796,0,0,0,0,0,0,0,2025-07-11,320,0,28,7,,,,,,Smartlead,,,,0,,,,,,,,
89316,0,0,0,0,0,0,0,2025-07-11,64,0,28,7,,,,,,Smartlead,,,,0,,,,,,,,
50475,0,0,0,0,0,0,0,2025-07-12,464,3770,28,7,,,,,,Smartlead,,,,0,,,,,,,,
51212,0,0,0,0,0,0,0,2025-07-12,160,987,28,7,,,,,,Smartlead,,,,0,,,,,,,,
64796,0,0,0,0,0,0,0,2025-07-12,320,0,28,7,,,,,,Smartlead,,,,0,,,,,,,,
89316,0,0,0,0,0,0,0,2025-07-12,64,0,28,7,,,,,,Smartlead,,,,0,,,,,,,,
50475,0,0,0,0,0,0,0,2025-07-13,464,3770,29,7,,,,,,Smartlead,,,,0,,,,,,,,
51212,0,0,0,0,0,0,0,2025-07-13,160,987,29,7,,,,,,Smartlead,,,,0,,,,,,,,
64796,0,0,0,0,0,0,0,2025-07-13,320,0,29,7,,,,,,Smartlead,,,,0,,,,,,,,
89316,0,0,0,0,0,0,0,2025-07-13,64,0,29,7,,,,,,Smartlead,,,,0,,,,,,,,
50475,1395,0,1,0,10,2,0,2025-07-14,464,3770,29,7,,,,,,Smartlead,,,,0,,,,,,,,
51212,369,0,0,0,5,1,0,2025-07-14,160,987,29,7,,,,,,Smartlead,,,,0,,,,,,,,
64796,0,0,0,0,0,0,0,2025-07-14,320,0,29,7,,,,,,Smartlead,,,,0,,,,,,,,
89316,0,0,0,0,0,0,0,2025-07-14,64,0,29,7,,,,,,Smartlead,,,,0,,,,,,,,
50475,1342,0,1,0,9,2,0,2025-07-15,464,3770,29,7,,,,,,Smartlead,,,,0,,,,,,,,
51212,360,0,0,0,2,0,0,2025-07-15,160,986,29,7,,,,,,Smartlead,,,,0,,,,,,,,
64796,0,0,0,0,0,0,0,2025-07-15,320,0,29,7,,,,,,Smartlead,,,,0,,,,,,,,
89316,0,0,0,0,0,0,0,2025-07-15,64,0,29,7,,,,,,Smartlead,,,,0,,,,,,,,
50475,1352,0,2,0,14,0,0,2025-07-16,464,3770,29,7,,,,,,Smartlead,,,,0,,,,,,,,
51212,234,0,2,0,5,0,0,2025-07-16,160,986,29,7,,,,,,Smartlead,,,,0,,,,,,,,
64796,0,0,0,0,0,0,0,2025-07-16,320,0,29,7,,,,,,Smartlead,,,,0,,,,,,,,
89316,0,0,0,0,0,0,0,2025-07-16,64,0,29,7,,,,,,Smartlead,,,,0,,,,,,,,
50475,801,0,2,0,10,0,0,2025-07-17,464,3770,29,7,,,,,,Smartlead,,,,0,,,,,,,,
51212,0,0,0,0,0,0,0,2025-07-17,160,986,29,7,,,,,,Smartlead,,,,0,,,,,,,,
64796,0,0,0,0,0,0,0,2025-07-17,320,0,29,7,,,,,,Smartlead,,,,0,,,,,,,,
89316,0,0,0,0,0,0,0,2025-07-17,64,0,29,7,,,,,,Smartlead,,,,0,,,,,,,,
88790,0,0,0,0,0,0,0,2025-07-17,64,0,29,7,,,,,,Smartlead,,,,0,,,,,,,,
50475,643,0,1,0,7,5,0,2025-07-18,464,3770,29,7,,,,,,Smartlead,,,,0,,,,,,,,
51212,218,0,0,0,1,0,0,2025-07-18,160,986,29,7,,,,,,Smartlead,,,,0,,,,,,,,
64796,0,0,0,0,0,0,0,2025-07-18,320,0,29,7,,,,,,Smartlead,,,,0,,,,,,,,
89316,0,0,0,0,0,0,0,2025-07-18,64,0,29,7,,,,,,Smartlead,,,,0,,,,,,,,
88790,319,0,3,0,14,3,0,2025-07-18,64,1619,29,7,,,,,,Smartlead,,,,0,,,,,,,,
50475,0,0,0,0,0,0,0,2025-07-19,464,3770,29,7,,,,,,Smartlead,,,,0,,,,,,,,
51212,0,0,0,0,0,0,0,2025-07-19,160,986,29,7,,,,,,Smartlead,,,,0,,,,,,,,
64796,0,0,0,0,0,0,0,2025-07-19,320,0,29,7,,,,,,Smartlead,,,,0,,,,,,,,
89316,0,0,0,0,0,0,0,2025-07-19,64,0,29,7,,,,,,Smartlead,,,,0,,,,,,,,
88790,0,0,0,0,0,0,0,2025-07-19,64,1619,29,7,,,,,,Smartlead,,,,0,,,,,,,,
50475,0,0,0,0,0,0,0,2025-07-20,464,3770,30,7,,,,,,Smartlead,,,,0,,,,,,,,
51212,0,0,0,0,0,0,0,2025-07-20,160,986,30,7,,,,,,Smartlead,,,,0,,,,,,,,
64796,0,0,0,0,0,0,0,2025-07-20,320,0,30,7,,,,,,Smartlead,,,,0,,,,,,,,
89316,0,0,0,0,0,0,0,2025-07-20,64,0,30,7,,,,,,Smartlead,,,,0,,,,,,,,
88790,0,0,0,0,0,0,0,2025-07-20,64,1619,30,7,,,,,,Smartlead,,,,0,,,,,,,,
50475,398,0,0,0,7,0,0,2025-07-21,464,3770,30,7,,,,,,Smartlead,,,,0,,,,,,,,
51212,20,0,0,0,0,0,0,2025-07-21,160,986,30,7,,,,,,Smartlead,,,,0,,,,,,,,
64796,182,0,1,0,3,4,0,2025-07-21,320,181,30,7,,,,,,Smartlead,,,,0,,,,,,,,
89316,0,0,0,0,0,0,0,2025-07-21,64,0,30,7,,,,,,Smartlead,,,,0,,,,,,,,
88790,320,0,0,0,9,0,0,2025-07-21,64,2016,30,7,,,,,,Smartlead,,,,0,,,,,,,,
50475,227,0,0,0,1,0,0,2025-07-22,464,3770,30,7,,,,,,Smartlead,,,,0,,,,,,,,
51212,239,0,1,0,5,0,0,2025-07-22,160,1764,30,7,,,,,,Smartlead,,,,0,,,,,,,,
64796,798,0,5,0,27,3,0,2025-07-22,320,2052,30,7,,,,,,Smartlead,,,,0,,,,,,,,
89316,0,0,0,0,0,0,0,2025-07-22,64,0,30,7,,,,,,Smartlead,,,,0,,,,,,,,
88790,318,0,0,0,4,0,0,2025-07-22,64,2016,30,7,,,,,,Smartlead,,,,0,,,,,,,,
50475,189,0,0,0,1,0,0,2025-07-23,464,3770,30,7,,,,,,Smartlead,,,,0,,,,,,,,
51212,362,0,2,0,5,1,0,2025-07-23,160,1897,30,7,,,,,,Smartlead,,,,0,,,,,,,,
64796,437,0,1,0,11,4,0,2025-07-23,320,2052,30,7,,,,,,Smartlead,,,,0,,,,,,,,
89316,0,0,0,0,0,0,0,2025-07-23,64,0,30,7,,,,,,Smartlead,,,,0,,,,,,,,
88790,164,0,0,0,2,0,0,2025-07-23,64,2016,30,7,,,,,,Smartlead,,,,0,,,,,,,,
91328,341,0,0,0,3,2,0,2025-07-23,64,1482,30,7,,,,,,Smartlead,,,,0,,,,,,,,
50475,7,0,0,0,0,0,0,2025-07-24,464,3770,30,7,,,,,,Smartlead,,,,0,,,,,,,,
51212,312,0,1,0,2,0,0,2025-07-24,160,1897,30,7,,,,,,Smartlead,,,,0,,,,,,,,
64796,601,0,5,0,19,2,0,2025-07-24,320,2052,30,7,,,,,,Smartlead,,,,0,,,,,,,,
89316,0,0,0,0,0,0,0,2025-07-24,0,0,30,7,,,,,,Smartlead,,,,0,,,,,,,,
91328,374,0,1,0,2,5,0,2025-07-24,64,1482,30,7,,,,,,Smartlead,,,,0,,,,,,,,
88790,268,0,0,0,7,8,0,2025-07-24,64,2016,30,7,,,,,,Smartlead,,,,0,,,,,,,,
50475,12,0,0,0,2,0,0,2025-07-25,464,3770,30,7,,,,,,Smartlead,,,,0,,,,,,,,
51212,2,0,1,0,2,0,0,2025-07-25,160,1897,30,7,,,,,,Smartlead,,,,0,,,,,,,,
64796,171,0,1,0,7,0,0,2025-07-25,320,2052,30,7,,,,,,Smartlead,,,,0,,,,,,,,
89316,0,0,0,0,0,0,0,2025-07-25,0,0,30,7,,,,,,Smartlead,,,,0,,,,,,,,
91328,311,0,2,0,6,1,0,2025-07-25,64,1482,30,7,,,,,,Smartlead,,,,0,,,,,,,,
88790,295,0,3,0,8,0,0,2025-07-25,64,2448,30,7,,,,,,Smartlead,,,,0,,,,,,,,
50475,0,0,0,0,0,0,0,2025-07-26,464,3770,30,7,,,,,,Smartlead,,,,0,,,,,,,,
51212,0,0,0,0,0,0,0,2025-07-26,160,1897,30,7,,,,,,Smartlead,,,,0,,,,,,,,
64796,0,0,0,0,0,0,0,2025-07-26,320,2052,30,7,,,,,,Smartlead,,,,0,,,,,,,,
89316,0,0,0,0,0,0,0,2025-07-26,0,0,30,7,,,,,,Smartlead,,,,0,,,,,,,,
91328,0,0,0,0,1,0,0,2025-07-26,64,1482,30,7,,,,,,Smartlead,,,,0,,,,,,,,
88790,164,0,0,0,2,0,0,2025-07-26,64,2448,30,7,,,,,,Smartlead,,,,0,,,,,,,,
50475,0,0,0,0,0,0,0,2025-07-27,464,3770,31,7,,,,,,Smartlead,,,,0,,,,,,,,
51212,0,0,0,0,0,0,0,2025-07-27,160,1897,31,7,,,,,,Smartlead,,,,0,,,,,,,,
64796,0,0,0,0,0,0,0,2025-07-27,320,2052,31,7,,,,,,Smartlead,,,,0,,,,,,,,
89316,0,0,0,0,0,0,0,2025-07-27,0,0,31,7,,,,,,Smartlead,,,,0,,,,,,,,
91328,0,0,0,0,0,0,0,2025-07-27,64,1482,31,7,,,,,,Smartlead,,,,0,,,,,,,,
88790,0,0,0,0,0,0,0,2025-07-27,64,2448,31,7,,,,,,Smartlead,,,,0,,,,,,,,
50475,432,0,0,0,3,0,0,2025-07-28,464,3770,31,7,,,,,,Smartlead,,,,0,,,,,,,,
51212,366,0,1,0,4,0,0,2025-07-28,160,1897,31,7,,,,,,Smartlead,,,,0,,,,,,,,
64796,689,0,1,0,11,0,0,2025-07-28,320,2052,31,7,,,,,,Smartlead,,,,0,,,,,,,,
89316,0,0,0,0,0,0,0,2025-07-28,0,0,31,7,,,,,,Smartlead,,,,0,,,,,,,,
91328,289,0,0,0,4,1,0,2025-07-28,64,1482,31,7,,,,,,Smartlead,,,,0,,,,,,,,
88790,302,0,0,0,3,0,0,2025-07-28,64,2448,31,7,,,,,,Smartlead,,,,0,,,,,,,,
50475,0,0,0,0,1,0,0,2025-07-29,464,3770,31,7,,,,,,Smartlead,0,0,,0,,,,,,,,
51212,361,0,0,0,5,0,0,2025-07-29,160,1897,31,7,,,,,,Smartlead,0,0,,0,,,,,,,,
64796,1,0,0,0,1,0,0,2025-07-29,319,2540,31,7,,,,,,Smartlead,0,0,,0,,,,,,,,
89316,0,0,0,0,0,0,0,2025-07-29,0,0,31,7,,,,,,Smartlead,0,0,,0,,,,,,,,
91328,0,0,0,0,0,0,0,2025-07-29,64,1482,31,7,,,,,,Smartlead,0,0,,0,,,,,,,,
88790,0,0,0,0,0,0,0,2025-07-29,64,2448,31,7,,,,,,Smartlead,0,0,,0,,,,,,,,
50475,0,0,0,0,0,0,0,2025-07-30,0,3770,31,7,,,,,,Smartlead,0,0,,0,,,,,,,,
51212,167,0,1,0,5,0,0,2025-07-30,0,1897,31,7,,,,,,Smartlead,0,0,,0,,,,,,,,
64796,0,0,0,0,0,0,0,2025-07-30,0,2540,31,7,,,,,,Smartlead,0,0,,0,,,,,,,,
89316,0,0,0,0,0,0,0,2025-07-30,0,0,31,7,,,,,,Smartlead,0,0,,0,,,,,,,,
91328,0,0,0,0,0,0,0,2025-07-30,0,1482,31,7,,,,,,Smartlead,0,0,,0,,,,,,,,
88790,0,0,0,0,1,0,0,2025-07-30,0,2448,31,7,,,,,,Smartlead,0,0,,0,,,,,,,,
50475,0,0,0,0,0,0,0,2025-07-31,0,3770,31,7,,,,,,Smartlead,0,0,,0,,,,,,,,
51212,0,0,0,0,0,0,0,2025-07-31,0,1897,31,7,,,,,,Smartlead,0,0,,0,,,,,,,,
64796,0,0,0,0,0,0,0,2025-07-31,0,2540,31,7,,,,,,Smartlead,0,0,,0,,,,,,,,
89316,0,50,0,0,0,0,0,2025-07-30,0,0,31,7,,,,,,Bizon,0,0,,0,,,,,,,,
91328,0,0,0,0,0,0,0,2025-07-31,0,1482,31,7,,,,,,Smartlead,0,0,,0,,,,,,,,
88790,0,0,0,0,0,0,0,2025-07-31,0,2448,31,7,,,,,,Smartlead,0,0,,0,,,,,,,,
89316,0,0,0,0,0,0,0,2025-07-31,0,0,31,7,,,,,,,0,0,,0,,,,,,,,
89316,0,0,0,0,0,0,0,2025-07-31,0,0,31,7,,,,,,,0,0,,0,,,,,,,,
89316,0,0,0,0,0,0,0,2025-07-31,0,0,31,7,,,,,,,0,0,,0,,,,,,,,
89316,0,0,0,0,0,0,0,2025-07-31,0,0,31,7,,,,,,,0,0,,0,,,,,,,,
89316,0,0,0,0,0,0,0,2025-07-31,0,0,31,7,,,,,,,0,0,,0,,,,,,,,
89316,0,0,0,0,0,0,0,2025-07-31,0,0,31,7,,,,,,,0,0,,0,,,,,,,,
2,0,,,,0,0,,2025-08-12,15,15,,,,,,,,Bizon,,,0,0,,,,,,,,
12,0,,,,0,0,,2025-08-12,15,0,,,,,,,,Bizon,,,15,15,,,,,,,,
11,0,,,,0,0,,2025-08-12,15,15,,,,,,,,Bizon,,,15,15,,,,,,,,
20,0,,,,0,0,,2025-08-12,15,15,,,,,,,,Bizon,,,0,0,,,,,,,,
9,0,,,,0,0,,2025-08-12,15,15,,,,,,,,Bizon,,,15,15,,,,,,,,
7,0,,,,0,0,,2025-08-12,15,15,,,,,,,,Bizon,,,15,15,,,,,,,,
2,3,,,,1,0,,2025-08-13,150,3366,,,,,,,,Bizon,,,26,26,,,,,,,,
12,0,,,,0,0,,2025-08-13,60,0,,,,,,,,Bizon,,,2,17,,,,,,,,
11,0,,,,0,0,,2025-08-13,150,1857,,,,,,,,Bizon,,,42,57,,,,,,,,
20,0,,,,0,0,,2025-08-13,30,830,,,,,,,,Bizon,,,0,0,,,,,,,,
9,0,,,,0,0,,2025-08-13,30,1301,,,,,,,,Bizon,,,12,27,,,,,,,,
7,0,,,,0,0,,2025-08-13,30,1503,,,,,,,,Bizon,,,8,23,,,,,,,,
21,0,,,,0,0,,2025-08-13,60,0,,,,,,,,Bizon,,,0,0,,,,,,,,
22,0,,,,0,0,,2025-08-13,30,1503,,,,,,,,Bizon,,,0,0,,,,,,,,
8,0,,,,0,0,,2025-08-13,30,0,,,,,,,,Bizon,,,1,1,,,,,,,,
19,0,,,,0,0,,2025-08-13,30,0,,,,,,,,Bizon,,,0,0,,,,,,,,
25,0,,,,0,0,,2025-08-13,150,0,,,,,,,,Bizon,,,0,0,,,,,,,,
23,0,,,,0,0,,2025-08-13,30,0,,,,,,,,Bizon,,,0,0,,,,,,,,
24,0,,,,0,0,,2025-08-13,30,0,,,,,,,,Bizon,,,0,0,,,,,,,,
6,0,,,,0,0,,2025-08-13,30,0,,,,,,,,Bizon,,,0,0,,,,,,,,
5,0,,,,0,0,,2025-08-13,30,0,,,,,,,,Bizon,,,0,0,,,,,,,,
29,0,,,,0,0,,2025-08-13,30,0,,,,,,,,Bizon,,,0,0,,,,,,,,
26,0,,,,0,0,,2025-08-13,300,0,,,,,,,,Bizon,,,0,0,,,,,,,,
2,1,,,,1,0,,2025-08-14,150,4005,,,,,,,,Bizon,,,1,27,,,,,,,,
11,0,,,,0,0,,2025-08-14,150,1857,,,,,,,,Bizon,,,0,57,,,,,,,,
20,0,,,,0,0,,2025-08-14,30,830,,,,,,,,Bizon,,,0,0,,,,,,,,
21,0,,,,0,0,,2025-08-14,60,0,,,,,,,,Bizon,,,0,0,,,,,,,,
9,0,,,,0,0,,2025-08-14,30,1301,,,,,,,,Bizon,,,0,27,,,,,,,,
7,0,,,,0,0,,2025-08-14,30,1503,,,,,,,,Bizon,,,0,23,,,,,,,,
22,0,,,,0,0,,2025-08-14,30,1503,,,,,,,,Bizon,,,0,0,,,,,,,,
8,0,,,,0,0,,2025-08-14,30,0,,,,,,,,Bizon,,,0,1,,,,,,,,
19,0,,,,0,0,,2025-08-14,30,0,,,,,,,,Bizon,,,0,0,,,,,,,,
25,0,,,,0,0,,2025-08-14,150,0,,,,,,,,Bizon,,,0,0,,,,,,,,
23,0,,,,0,0,,2025-08-14,30,1565,,,,,,,,Bizon,,,0,0,,,,,,,,
24,0,,,,0,0,,2025-08-14,30,0,,,,,,,,Bizon,,,0,0,,,,,,,,
6,0,,,,0,0,,2025-08-14,30,0,,,,,,,,Bizon,,,0,0,,,,,,,,
5,0,,,,0,0,,2025-08-14,30,0,,,,,,,,Bizon,,,0,0,,,,,,,,
29,0,,,,0,0,,2025-08-14,30,0,,,,,,,,Bizon,,,0,0,,,,,,,,
26,0,,,,0,0,,2025-08-14,300,0,,,,,,,,Bizon,,,0,0,,,,,,,,
2,1,,,,0,0,,2025-08-15,150,4005,,,,,,,,Bizon,,,1,28,,,,,,,,
11,0,,,,0,0,,2025-08-15,150,1857,,,,,,,,Bizon,,,0,57,,,,,,,,
20,0,,,,0,0,,2025-08-15,30,830,,,,,,,,Bizon,,,0,0,,,,,,,,
21,0,,,,0,0,,2025-08-15,60,0,,,,,,,,Bizon,,,0,0,,,,,,,,
9,0,,,,0,0,,2025-08-15,30,1301,,,,,,,,Bizon,,,0,27,,,,,,,,
7,0,,,,0,0,,2025-08-15,30,1503,,,,,,,,Bizon,,,0,23,,,,,,,,
22,0,,,,0,0,,2025-08-15,30,1503,,,,,,,,Bizon,,,0,0,,,,,,,,
8,0,,,,0,0,,2025-08-15,30,959,,,,,,,,Bizon,,,0,1,,,,,,,,
19,0,,,,0,0,,2025-08-15,30,0,,,,,,,,Bizon,,,0,0,,,,,,,,
25,0,,,,0,0,,2025-08-15,150,0,,,,,,,,Bizon,,,0,0,,,,,,,,
23,0,,,,0,0,,2025-08-15,30,1565,,,,,,,,Bizon,,,0,0,,,,,,,,
24,0,,,,0,0,,2025-08-15,30,0,,,,,,,,Bizon,,,0,0,,,,,,,,
6,0,,,,0,0,,2025-08-15,30,0,,,,,,,,Bizon,,,0,0,,,,,,,,
5,0,,,,0,0,,2025-08-15,30,0,,,,,,,,Bizon,,,0,0,,,,,,,,
29,0,,,,0,0,,2025-08-15,30,0,,,,,,,,Bizon,,,0,0,,,,,,,,
26,0,,,,0,0,,2025-08-15,300,0,,,,,,,,Bizon,,,0,0,,,,,,,,
2,0,,,,0,0,,2025-08-16,150,4005,,,,,,,,Bizon,,,0,28,,,,,,,,
11,0,,,,0,0,,2025-08-16,150,1857,,,,,,,,Bizon,,,0,57,,,,,,,,
20,0,,,,0,0,,2025-08-16,30,830,,,,,,,,Bizon,,,0,0,,,,,,,,
21,0,,,,0,0,,2025-08-16,60,0,,,,,,,,Bizon,,,0,0,,,,,,,,
9,0,,,,0,0,,2025-08-16,30,1301,,,,,,,,Bizon,,,0,27,,,,,,,,
7,0,,,,0,0,,2025-08-16,30,1503,,,,,,,,Bizon,,,0,23,,,,,,,,
22,0,,,,0,0,,2025-08-16,30,1503,,,,,,,,Bizon,,,0,0,,,,,,,,
8,0,,,,0,0,,2025-08-16,30,959,,,,,,,,Bizon,,,0,1,,,,,,,,
19,0,,,,0,0,,2025-08-16,30,0,,,,,,,,Bizon,,,0,0,,,,,,,,
25,0,,,,0,0,,2025-08-16,150,0,,,,,,,,Bizon,,,0,0,,,,,,,,
23,0,,,,0,0,,2025-08-16,30,1565,,,,,,,,Bizon,,,0,0,,,,,,,,
24,0,,,,0,0,,2025-08-16,30,0,,,,,,,,Bizon,,,0,0,,,,,,,,
6,0,,,,0,0,,2025-08-16,30,990,,,,,,,,Bizon,,,0,0,,,,,,,,
5,0,,,,0,0,,2025-08-16,30,0,,,,,,,,Bizon,,,0,0,,,,,,,,
29,0,,,,0,0,,2025-08-16,30,0,,,,,,,,Bizon,,,0,0,,,,,,,,
26,0,,,,0,0,,2025-08-16,300,0,,,,,,,,Bizon,,,0,0,,,,,,,,
2,0,,,,0,0,,2025-08-17,150,4005,,,,,,,,Bizon,,,0,28,,,,,,,,
11,0,,,,0,0,,2025-08-17,150,1857,,,,,,,,Bizon,,,0,57,,,,,,,,
20,0,,,,0,0,,2025-08-17,30,830,,,,,,,,Bizon,,,0,0,,,,,,,,
21,0,,,,0,0,,2025-08-17,60,0,,,,,,,,Bizon,,,0,0,,,,,,,,
9,0,,,,0,0,,2025-08-17,30,1301,,,,,,,,Bizon,,,0,27,,,,,,,,
7,0,,,,0,0,,2025-08-17,30,1503,,,,,,,,Bizon,,,0,23,,,,,,,,
22,0,,,,0,0,,2025-08-17,30,1503,,,,,,,,Bizon,,,0,0,,,,,,,,
8,0,,,,0,0,,2025-08-17,30,959,,,,,,,,Bizon,,,0,1,,,,,,,,
19,0,,,,0,0,,2025-08-17,30,0,,,,,,,,Bizon,,,0,0,,,,,,,,
25,0,,,,0,0,,2025-08-17,150,0,,,,,,,,Bizon,,,0,0,,,,,,,,
23,0,,,,0,0,,2025-08-17,30,1565,,,,,,,,Bizon,,,0,0,,,,,,,,
24,0,,,,0,0,,2025-08-17,30,0,,,,,,,,Bizon,,,0,0,,,,,,,,
6,0,,,,0,0,,2025-08-17,30,990,,,,,,,,Bizon,,,0,0,,,,,,,,
5,0,,,,0,0,,2025-08-17,30,0,,,,,,,,Bizon,,,0,0,,,,,,,,
29,0,,,,0,0,,2025-08-17,30,0,,,,,,,,Bizon,,,0,0,,,,,,,,
26,0,,,,0,0,,2025-08-17,300,0,,,,,,,,Bizon,,,0,0,,,,,,,,
2,717,,,,64,0,,2025-08-18,150,4005,,,,,,,,Bizon,,,13,41,,,,,,,,
11,750,,,,37,0,,2025-08-18,150,1857,,,,,,,,Bizon,,,26,83,,,,,,,,
20,300,,,,9,0,,2025-08-18,30,830,,,,,,,,Bizon,,,5,5,,,,,,,,
21,0,,,,0,0,,2025-08-18,60,0,,,,,,,,Bizon,,,0,0,,,,,,,,
9,300,,,,4,0,,2025-08-18,30,1301,,,,,,,,Bizon,,,4,31,,,,,,,,
7,300,,,,6,0,,2025-08-18,30,1503,,,,,,,,Bizon,,,1,24,,,,,,,,
22,300,,,,4,0,,2025-08-18,30,1503,,,,,,,,Bizon,,,2,2,,,,,,,,
8,300,,,,21,0,,2025-08-18,30,959,,,,,,,,Bizon,,,9,10,,,,,,,,
19,280,,,,28,0,,2025-08-18,30,301,,,,,,,,Bizon,,,8,8,,,,,,,,
25,550,,,,31,0,,2025-08-18,150,6543,,,,,,,,Bizon,,,30,30,,,,,,,,
23,302,,,,13,0,,2025-08-18,30,1565,,,,,,,,Bizon,,,8,8,,,,,,,,
24,0,,,,0,0,,2025-08-18,30,0,,,,,,,,Bizon,,,0,0,,,,,,,,
6,300,,,,26,0,,2025-08-18,30,990,,,,,,,,Bizon,,,10,10,,,,,,,,
5,84,,,,3,0,,2025-08-18,30,547,,,,,,,,Bizon,,,3,3,,,,,,,,
29,300,,,,12,0,,2025-08-18,30,1719,,,,,,,,Bizon,,,7,7,,,,,,,,
26,1000,,,,66,0,,2025-08-18,300,5286,,,,,,,,Bizon,,,25,25,,,,,,,,
28,200,,,,9,0,,2025-08-18,40,1328,,,,,,,,Bizon,,,2,2,,,,,,,,
2,744,,,,6,0,,2025-08-19,150,4006,,,,,,,,Bizon,,,-7,34,,,,,,,,
11,750,,,,6,0,,2025-08-19,150,1857,,,,,,,,Bizon,,,6,89,,,,,,,,
20,300,,,,2,0,,2025-08-19,30,830,,,,,,,,Bizon,,,2,7,,,,,,,,
9,300,,,,0,0,,2025-08-19,30,1301,,,,,,,,Bizon,,,0,31,,,,,,,,
7,300,,,,0,0,,2025-08-19,30,1503,,,,,,,,Bizon,,,0,24,,,,,,,,
22,300,,,,0,0,,2025-08-19,30,1503,,,,,,,,Bizon,,,0,2,,,,,,,,
8,300,,,,0,0,,2025-08-19,30,959,,,,,,,,Bizon,,,0,10,,,,,,,,
19,277,,,,0,0,,2025-08-19,30,579,,,,,,,,Bizon,,,0,8,,,,,,,,
25,750,,,,2,0,,2025-08-19,150,6543,,,,,,,,Bizon,,,3,33,,,,,,,,
23,300,,,,1,0,,2025-08-19,30,1565,,,,,,,,Bizon,,,0,8,,,,,,,,
24,0,,,,0,0,,2025-08-19,30,0,,,,,,,,Bizon,,,0,0,,,,,,,,
6,300,,,,2,0,,2025-08-19,30,990,,,,,,,,Bizon,,,2,12,,,,,,,,
5,300,,,,0,0,,2025-08-19,30,721,,,,,,,,Bizon,,,0,3,,,,,,,,
29,293,,,,1,0,,2025-08-19,30,1719,,,,,,,,Bizon,,,1,8,,,,,,,,
26,1500,,,,12,0,,2025-08-19,300,5286,,,,,,,,Bizon,,,-8,17,,,,,,,,
28,200,,,,3,0,,2025-08-19,40,1328,,,,,,,,Bizon,,,3,5,,,,,,,,
2,749,,,,61,0,,2025-08-20,150,4006,,,,,,,,Bizon,,,21,55,,,,,,,,
11,355,,,,89,0,,2025-08-20,150,1857,,,,,,,,Bizon,,,55,144,,,,,,,,
20,2,,,,13,0,,2025-08-20,30,830,,,,,,,,Bizon,,,-3,4,,,,,,,,
9,300,,,,28,0,,2025-08-20,30,1301,,,,,,,,Bizon,,,15,46,,,,,,,,
7,300,,,,13,0,,2025-08-20,30,1503,,,,,,,,Bizon,,,3,27,,,,,,,,
22,300,,,,18,0,,2025-08-20,30,1503,,,,,,,,Bizon,,,14,16,,,,,,,,
8,298,,,,19,0,,2025-08-20,30,959,,,,,,,,Bizon,,,3,13,,,,,,,,
19,9,,,,17,0,,2025-08-20,30,579,,,,,,,,Bizon,,,5,13,,,,,,,,
25,753,,,,69,0,,2025-08-20,150,7264,,,,,,,,Bizon,,,49,82,,,,,,,,
23,300,,,,39,0,,2025-08-20,30,1565,,,,,,,,Bizon,,,9,17,,,,,,,,
6,300,,,,23,0,,2025-08-20,30,990,,,,,,,,Bizon,,,7,19,,,,,,,,
5,222,,,,15,0,,2025-08-20,30,721,,,,,,,,Bizon,,,4,7,,,,,,,,
29,30,,,,9,0,,2025-08-20,30,1719,,,,,,,,Bizon,,,7,15,,,,,,,,
26,1502,,,,257,0,,2025-08-20,300,5286,,,,,,,,Bizon,,,132,149,,,,,,,,
28,200,,,,10,0,,2025-08-20,40,1328,,,,,,,,Bizon,,,7,12,,,,,,,,
2,735,,,,32,0,,2025-08-21,150,4006,,,,,,,,Bizon,,,-2,53,,,,,,,,
11,750,,,,24,0,,2025-08-21,150,3295,,,,,,,,Bizon,,,-3,141,,,,,,,,
20,300,,,,9,0,,2025-08-21,30,830,,,,,,,,Bizon,,,1,5,,,,,,,,
9,274,,,,1,0,,2025-08-21,30,1301,,,,,,,,Bizon,,,-9,37,,,,,,,,
7,300,,,,12,0,,2025-08-21,30,1503,,,,,,,,Bizon,,,7,34,,,,,,,,
22,302,,,,5,0,,2025-08-21,30,1503,,,,,,,,Bizon,,,4,20,,,,,,,,
8,300,,,,7,0,,2025-08-21,30,959,,,,,,,,Bizon,,,-1,12,,,,,,,,
19,292,,,,19,0,,2025-08-21,30,865,,,,,,,,Bizon,,,2,15,,,,,,,,
25,749,,,,42,0,,2025-08-21,150,7264,,,,,,,,Bizon,,,30,112,,,,,,,,
23,291,,,,9,0,,2025-08-21,30,1566,,,,,,,,Bizon,,,-7,10,,,,,,,,
6,301,,,,8,0,,2025-08-21,30,1256,,,,,,,,Bizon,,,-5,14,,,,,,,,
5,3,,,,0,0,,2025-08-21,30,721,,,,,,,,Bizon,,,-6,1,,,,,,,,
29,274,,,,7,0,,2025-08-21,30,2149,,,,,,,,Bizon,,,2,17,,,,,,,,
26,1285,,,,73,0,,2025-08-21,300,5286,,,,,,,,Bizon,,,-106,43,,,,,,,,
28,200,,,,9,0,,2025-08-21,40,1328,,,,,,,,Bizon,,,9,21,,,,,,,,
2,751,,,,23,0,,2025-08-22,150,4006,,,,,,,,Bizon,,,4,57,,,,,,,,
11,688,,,,35,0,,2025-08-22,150,3295,,,,,,,,Bizon,,,12,153,,,,,,,,
20,300,,,,6,0,,2025-08-22,30,831,,,,,,,,Bizon,,,1,6,,,,,,,,
9,300,,,,6,0,,2025-08-22,30,1301,,,,,,,,Bizon,,,6,43,,,,,,,,
7,300,,,,6,0,,2025-08-22,30,1503,,,,,,,,Bizon,,,5,39,,,,,,,,
22,299,,,,7,0,,2025-08-22,30,1503,,,,,,,,Bizon,,,6,26,,,,,,,,
8,299,,,,4,0,,2025-08-22,30,959,,,,,,,,Bizon,,,1,13,,,,,,,,
19,255,,,,10,0,,2025-08-22,30,865,,,,,,,,Bizon,,,-2,13,,,,,,,,
25,614,,,,33,0,,2025-08-22,150,7264,,,,,,,,Bizon,,,16,128,,,,,,,,
23,300,,,,3,0,,2025-08-22,30,1566,,,,,,,,Bizon,,,0,10,,,,,,,,
6,293,,,,5,0,,2025-08-22,30,1256,,,,,,,,Bizon,,,0,14,,,,,,,,
5,284,,,,13,0,,2025-08-22,30,1015,,,,,,,,Bizon,,,3,4,,,,,,,,
29,297,,,,3,0,,2025-08-22,30,2149,,,,,,,,Bizon,,,-9,8,,,,,,,,
26,1499,,,,57,0,,2025-08-22,300,5286,,,,,,,,Bizon,,,-3,40,,,,,,,,
28,200,,,,7,0,,2025-08-22,40,1328,,,,,,,,Bizon,,,7,28,,,,,,,,
2,0,,,,0,0,,2025-08-23,150,4006,,,,,,,,Bizon,,,0,57,,,,,,,,
11,0,,,,0,0,,2025-08-23,150,3295,,,,,,,,Bizon,,,0,153,,,,,,,,
20,0,,,,0,0,,2025-08-23,30,831,,,,,,,,Bizon,,,0,6,,,,,,,,
9,0,,,,0,0,,2025-08-23,30,1301,,,,,,,,Bizon,,,0,43,,,,,,,,
7,0,,,,1,0,,2025-08-23,30,1503,,,,,,,,Bizon,,,1,40,,,,,,,,
22,0,,,,1,0,,2025-08-23,30,1503,,,,,,,,Bizon,,,1,27,,,,,,,,
8,0,,,,0,0,,2025-08-23,30,959,,,,,,,,Bizon,,,0,13,,,,,,,,
19,0,,,,0,0,,2025-08-23,30,865,,,,,,,,Bizon,,,0,13,,,,,,,,
25,0,,,,6,0,,2025-08-23,150,7264,,,,,,,,Bizon,,,6,134,,,,,,,,
23,0,,,,0,0,,2025-08-23,30,1566,,,,,,,,Bizon,,,0,10,,,,,,,,
6,0,,,,0,0,,2025-08-23,30,1256,,,,,,,,Bizon,,,0,14,,,,,,,,
5,0,,,,0,0,,2025-08-23,30,1015,,,,,,,,Bizon,,,0,4,,,,,,,,
29,0,,,,0,0,,2025-08-23,30,2149,,,,,,,,Bizon,,,0,8,,,,,,,,
26,0,,,,0,0,,2025-08-23,300,5286,,,,,,,,Bizon,,,0,40,,,,,,,,
28,0,,,,3,0,,2025-08-23,40,1328,,,,,,,,Bizon,,,3,31,,,,,,,,
2,0,,,,0,0,,2025-08-24,150,4006,,,,,,,,Bizon,,,0,57,,,,,,,,
11,0,,,,0,0,,2025-08-24,150,3295,,,,,,,,Bizon,,,0,153,,,,,,,,
20,0,,,,0,0,,2025-08-24,30,831,,,,,,,,Bizon,,,0,6,,,,,,,,
9,0,,,,3,0,,2025-08-24,30,1301,,,,,,,,Bizon,,,1,44,,,,,,,,
7,0,,,,0,0,,2025-08-24,30,1503,,,,,,,,Bizon,,,0,40,,,,,,,,
22,0,,,,0,0,,2025-08-24,30,1503,,,,,,,,Bizon,,,0,27,,,,,,,,
8,0,,,,0,0,,2025-08-24,30,959,,,,,,,,Bizon,,,0,13,,,,,,,,
19,0,,,,0,0,,2025-08-24,30,865,,,,,,,,Bizon,,,0,13,,,,,,,,
25,0,,,,4,0,,2025-08-24,150,7264,,,,,,,,Bizon,,,4,138,,,,,,,,
23,0,,,,0,0,,2025-08-24,30,1566,,,,,,,,Bizon,,,0,10,,,,,,,,
6,0,,,,1,0,,2025-08-24,30,1256,,,,,,,,Bizon,,,1,15,,,,,,,,
5,0,,,,0,0,,2025-08-24,30,1015,,,,,,,,Bizon,,,0,4,,,,,,,,
29,0,,,,0,0,,2025-08-24,30,2149,,,,,,,,Bizon,,,0,8,,,,,,,,
26,0,,,,1,0,,2025-08-24,300,5286,,,,,,,,Bizon,,,1,41,,,,,,,,
28,0,,,,0,0,,2025-08-24,40,1328,,,,,,,,Bizon,,,0,31,,,,,,,,
2,742,,,,20,0,,2025-08-25,150,4120,,,,,,,,Bizon,,,8,65,,,,,,,,
11,735,,,,37,0,,2025-08-25,150,3295,,,,,,,,Bizon,,,25,178,,,,,,,,
20,160,,,,3,0,,2025-08-25,30,831,,,,,,,,Bizon,,,3,9,,,,,,,,
9,298,,,,9,0,,2025-08-25,30,1301,,,,,,,,Bizon,,,5,49,,,,,,,,
7,300,,,,7,0,,2025-08-25,30,1503,,,,,,,,Bizon,,,6,46,,,,,,,,
22,300,,,,8,0,,2025-08-25,30,1503,,,,,,,,Bizon,,,6,33,,,,,,,,
8,299,,,,3,0,,2025-08-25,30,959,,,,,,,,Bizon,,,2,15,,,,,,,,
19,300,,,,10,0,,2025-08-25,30,1303,,,,,,,,Bizon,,,7,20,,,,,,,,
25,730,,,,51,0,,2025-08-25,150,7264,,,,,,,,Bizon,,,29,167,,,,,,,,
23,300,,,,3,0,,2025-08-25,30,1566,,,,,,,,Bizon,,,3,13,,,,,,,,
6,300,,,,2,0,,2025-08-25,30,1256,,,,,,,,Bizon,,,1,16,,,,,,,,
5,300,,,,7,0,,2025-08-25,30,1015,,,,,,,,Bizon,,,3,7,,,,,,,,
29,300,,,,10,0,,2025-08-25,30,2149,,,,,,,,Bizon,,,3,11,,,,,,,,
26,1500,,,,55,0,,2025-08-25,300,5286,,,,,,,,Bizon,,,13,54,,,,,,,,
28,199,,,,15,0,,2025-08-25,40,1328,,,,,,,,Bizon,,,14,45,,,,,,,,
2,727,,,,21,0,,2025-08-26,150,4120,,,,,,,,Bizon,,,8,73,,,,,,,,
11,749,,,,17,0,,2025-08-26,150,3295,,,,,,,,Bizon,,,14,192,,,,,,,,
9,299,,,,8,0,,2025-08-26,30,2838,,,,,,,,Bizon,,,4,53,,,,,,,,
7,300,,,,10,0,,2025-08-26,30,1503,,,,,,,,Bizon,,,9,55,,,,,,,,
22,300,,,,5,0,,2025-08-26,30,1503,,,,,,,,Bizon,,,5,38,,,,,,,,
8,300,,,,2,0,,2025-08-26,30,959,,,,,,,,Bizon,,,1,16,,,,,,,,
19,301,,,,9,0,,2025-08-26,30,1590,,,,,,,,Bizon,,,4,24,,,,,,,,
25,712,,,,13,0,,2025-08-26,150,7264,,,,,,,,Bizon,,,10,177,,,,,,,,
23,300,,,,4,0,,2025-08-26,30,1566,,,,,,,,Bizon,,,3,16,,,,,,,,
6,300,,,,2,0,,2025-08-26,30,2362,,,,,,,,Bizon,,,2,18,,,,,,,,
5,299,,,,13,0,,2025-08-26,30,2214,,,,,,,,Bizon,,,2,9,,,,,,,,
29,296,,,,8,0,,2025-08-26,30,2149,,,,,,,,Bizon,,,1,12,,,,,,,,
26,1468,,,,36,0,,2025-08-26,300,5286,,,,,,,,Bizon,,,8,62,,,,,,,,
28,128,,,,16,0,,2025-08-26,40,1328,,,,,,,,Bizon,,,16,61,,,,,,,,
2,743,,,,14,0,,2025-08-27,150,4120,,,,,,,,Bizon,,,8,81,,,,,,,,
11,748,,,,13,0,,2025-08-27,150,3295,,,,,,,,Bizon,,,5,197,,,,,,,,
9,300,,,,0,0,,2025-08-27,30,2838,,,,,,,,Bizon,,,3,56,,,,,,,,
7,300,,,,4,0,,2025-08-27,30,1503,,,,,,,,Bizon,,,3,58,,,,,,,,
22,300,,,,10,0,,2025-08-27,30,1503,,,,,,,,Bizon,,,9,47,,,,,,,,
8,283,,,,4,0,,2025-08-27,30,959,,,,,,,,Bizon,,,1,17,,,,,,,,
19,300,,,,21,0,,2025-08-27,30,1937,,,,,,,,Bizon,,,8,32,,,,,,,,
25,722,,,,11,0,,2025-08-27,150,7264,,,,,,,,Bizon,,,9,186,,,,,,,,
23,300,,,,2,0,,2025-08-27,30,1566,,,,,,,,Bizon,,,2,18,,,,,,,,
6,300,,,,4,0,,2025-08-27,30,2362,,,,,,,,Bizon,,,2,20,,,,,,,,
5,300,,,,14,0,,2025-08-27,30,2214,,,,,,,,Bizon,,,8,17,,,,,,,,
29,299,,,,9,0,,2025-08-27,30,2149,,,,,,,,Bizon,,,3,15,,,,,,,,
26,1506,,,,31,0,,2025-08-27,300,8556,,,,,,,,Bizon,,,6,68,,,,,,,,
28,189,,,,10,0,,2025-08-27,40,1328,,,,,,,,Bizon,,,9,70,,,,,,,,
2,743,,,,18,0,,2025-08-28,150,4120,,,,,,,,Bizon,,,10,91,,,,,,,,
11,363,,,,18,0,,2025-08-28,150,3295,,,,,,,,Bizon,,,11,208,,,,,,,,
9,300,,,,4,0,,2025-08-28,30,2838,,,,,,,,Bizon,,,8,64,,,,,,,,
7,299,,,,6,0,,2025-08-28,30,1503,,,,,,,,Bizon,,,5,63,,,,,,,,
22,300,,,,14,0,,2025-08-28,30,1503,,,,,,,,Bizon,,,12,59,,,,,,,,
8,39,,,,2,0,,2025-08-28,30,959,,,,,,,,Bizon,,,1,18,,,,,,,,
19,299,,,,11,0,,2025-08-28,30,1937,,,,,,,,Bizon,,,2,34,,,,,,,,
25,551,,,,6,0,,2025-08-28,150,7264,,,,,,,,Bizon,,,4,190,,,,,,,,
23,300,,,,8,0,,2025-08-28,30,1566,,,,,,,,Bizon,,,6,24,,,,,,,,
6,300,,,,11,0,,2025-08-28,30,2362,,,,,,,,Bizon,,,2,22,,,,,,,,
5,300,,,,7,0,,2025-08-28,30,2214,,,,,,,,Bizon,,,1,18,,,,,,,,
29,287,,,,10,0,,2025-08-28,30,2149,,,,,,,,Bizon,,,6,21,,,,,,,,
26,1321,,,,68,0,,2025-08-28,300,8556,,,,,,,,Bizon,,,11,79,,,,,,,,
28,191,,,,7,0,,2025-08-28,40,1328,,,,,,,,Bizon,,,6,76,,,,,,,,
24,298,,,,6,0,,2025-08-28,30,785,,,,,,,,Bizon,,,9,9,,,,,,,,
2,592,,,,10,0,,2025-08-29,150,4120,,,,,,,,Bizon,,,1,92,,,,,,,,
11,0,,,,1,0,,2025-08-29,150,3295,,,,,,,,Bizon,,,1,209,,,,,,,,
9,299,,,,8,0,,2025-08-29,30,2838,,,,,,,,Bizon,,,7,71,,,,,,,,
7,300,,,,1,0,,2025-08-29,30,1503,,,,,,,,Bizon,,,1,64,,,,,,,,
22,283,,,,10,0,,2025-08-29,30,1503,,,,,,,,Bizon,,,9,68,,,,,,,,
8,216,,,,4,0,,2025-08-29,30,959,,,,,,,,Bizon,,,3,21,,,,,,,,
19,299,,,,14,0,,2025-08-29,30,1937,,,,,,,,Bizon,,,1,35,,,,,,,,
25,546,,,,5,0,,2025-08-29,150,7264,,,,,,,,Bizon,,,4,194,,,,,,,,
23,289,,,,10,0,,2025-08-29,30,1566,,,,,,,,Bizon,,,3,27,,,,,,,,
6,297,,,,5,0,,2025-08-29,30,2362,,,,,,,,Bizon,,,2,24,,,,,,,,
5,300,,,,5,0,,2025-08-29,30,2214,,,,,,,,Bizon,,,2,20,,,,,,,,
29,188,,,,6,0,,2025-08-29,30,2149,,,,,,,,Bizon,,,-1,20,,,,,,,,
26,1465,,,,85,0,,2025-08-29,300,8556,,,,,,,,Bizon,,,12,91,,,,,,,,
28,189,,,,2,0,,2025-08-29,40,1328,,,,,,,,Bizon,,,1,77,,,,,,,,
24,300,,,,6,0,,2025-08-29,30,785,,,,,,,,Bizon,,,3,12,,,,,,,,
2,0,,,,0,0,,2025-08-30,150,4120,,,,,,,,Bizon,,,0,92,,,,,,,,
11,0,,,,0,0,,2025-08-30,150,3295,,,,,,,,Bizon,,,0,209,,,,,,,,
9,0,,,,0,0,,2025-08-30,30,2838,,,,,,,,Bizon,,,0,71,,,,,,,,
7,0,,,,0,0,,2025-08-30,30,1503,,,,,,,,Bizon,,,0,64,,,,,,,,
22,0,,,,0,0,,2025-08-30,30,1503,,,,,,,,Bizon,,,0,68,,,,,,,,
8,0,,,,0,0,,2025-08-30,30,959,,,,,,,,Bizon,,,0,21,,,,,,,,
19,0,,,,0,0,,2025-08-30,30,1937,,,,,,,,Bizon,,,0,35,,,,,,,,
25,0,,,,0,0,,2025-08-30,150,7264,,,,,,,,Bizon,,,0,194,,,,,,,,
23,0,,,,0,0,,2025-08-30,30,1566,,,,,,,,Bizon,,,0,27,,,,,,,,
6,0,,,,0,0,,2025-08-30,30,2362,,,,,,,,Bizon,,,0,24,,,,,,,,
5,0,,,,0,0,,2025-08-30,30,2214,,,,,,,,Bizon,,,0,20,,,,,,,,
29,0,,,,0,0,,2025-08-30,30,2149,,,,,,,,Bizon,,,0,20,,,,,,,,
26,0,,,,0,0,,2025-08-30,300,8556,,,,,,,,Bizon,,,0,91,,,,,,,,
28,0,,,,0,0,,2025-08-30,40,1328,,,,,,,,Bizon,,,0,77,,,,,,,,
24,0,,,,0,0,,2025-08-30,30,785,,,,,,,,Bizon,,,0,12,,,,,,,,
2,0,,,,0,0,,2025-08-31,150,5584,,,,,,,,Bizon,,,0,92,,,,,,,,
11,0,,,,0,0,,2025-08-31,150,3295,,,,,,,,Bizon,,,0,209,,,,,,,,
9,0,,,,0,0,,2025-08-31,30,2838,,,,,,,,Bizon,,,0,71,,,,,,,,
7,0,,,,1,0,,2025-08-31,30,1503,,,,,,,,Bizon,,,1,65,,,,,,,,
22,0,,,,1,0,,2025-08-31,30,1503,,,,,,,,Bizon,,,1,69,,,,,,,,
8,0,,,,0,0,,2025-08-31,30,959,,,,,,,,Bizon,,,0,21,,,,,,,,
19,0,,,,1,0,,2025-08-31,30,1937,,,,,,,,Bizon,,,1,36,,,,,,,,
25,0,,,,0,0,,2025-08-31,150,7264,,,,,,,,Bizon,,,0,194,,,,,,,,
23,0,,,,0,0,,2025-08-31,30,1566,,,,,,,,Bizon,,,0,27,,,,,,,,
6,0,,,,0,0,,2025-08-31,30,2362,,,,,,,,Bizon,,,0,24,,,,,,,,
5,0,,,,0,0,,2025-08-31,30,2214,,,,,,,,Bizon,,,0,20,,,,,,,,
29,0,,,,0,0,,2025-08-31,30,2149,,,,,,,,Bizon,,,0,20,,,,,,,,
26,0,,,,0,0,,2025-08-31,300,8556,,,,,,,,Bizon,,,0,91,,,,,,,,
28,0,,,,2,0,,2025-08-31,40,1328,,,,,,,,Bizon,,,2,79,,,,,,,,
24,0,,,,2,0,,2025-08-31,30,785,,,,,,,,Bizon,,,2,14,,,,,,,,
2,85,,,,4,0,,2025-09-01,150,7395,,,,,,,,Bizon,,,1,93,,,,,,,,
11,0,,,,1,0,,2025-09-01,150,3295,,,,,,,,Bizon,,,1,210,,,,,,,,
9,202,,,,5,0,,2025-09-01,30,2838,,,,,,,,Bizon,,,0,71,,,,,,,,
7,201,,,,3,0,,2025-09-01,30,1503,,,,,,,,Bizon,,,2,67,,,,,,,,
22,207,,,,8,0,,2025-09-01,30,1503,,,,,,,,Bizon,,,9,78,,,,,,,,
8,191,,,,4,0,,2025-09-01,30,1607,,,,,,,,Bizon,,,1,22,,,,,,,,
19,206,,,,8,0,,2025-09-01,30,1937,,,,,,,,Bizon,,,0,36,,,,,,,,
25,355,,,,14,0,,2025-09-01,135,9281,,,,,,,,Bizon,,,8,202,,,,,,,,
23,220,,,,3,0,,2025-09-01,30,4536,,,,,,,,Bizon,,,1,28,,,,,,,,
6,195,,,,2,0,,2025-09-01,30,2362,,,,,,,,Bizon,,,1,25,,,,,,,,
5,197,,,,5,0,,2025-09-01,30,2214,,,,,,,,Bizon,,,2,22,,,,,,,,
29,212,,,,9,0,,2025-09-01,30,4386,,,,,,,,Bizon,,,2,22,,,,,,,,
26,767,,,,16,0,,2025-09-01,300,8556,,,,,,,,Bizon,,,-12,79,,,,,,,,
28,146,,,,3,0,,2025-09-01,40,1329,,,,,,,,Bizon,,,2,81,,,,,,,,
24,190,,,,3,0,,2025-09-01,30,1541,,,,,,,,Bizon,,,4,18,,,,,,,,
3,432,,,,15,0,,2025-09-01,150,6052,,,,,,,,Bizon,,,131,131,,,,,,,,
27,189,,,,15,0,,2025-09-01,30,683,,,,,,,,Bizon,,,2,2,,,,,,,,
12,198,,,,7,0,,2025-09-01,60,1122,,,,,,,,Bizon,,,18,18,,,,,,,,
2,710,,,,15,0,,2025-09-02,150,7395,,,,,,,,Bizon,,,9,102,,,,,,,,
11,0,,,,0,0,,2025-09-02,150,3295,,,,,,,,Bizon,,,0,210,,,,,,,,
9,300,,,,3,0,,2025-09-02,30,2838,,,,,,,,Bizon,,,2,73,,,,,,,,
7,298,,,,6,0,,2025-09-02,30,1503,,,,,,,,Bizon,,,4,71,,,,,,,,
22,300,,,,2,0,,2025-09-02,30,1503,,,,,,,,Bizon,,,2,80,,,,,,,,
8,300,,,,3,0,,2025-09-02,30,1607,,,,,,,,Bizon,,,2,24,,,,,,,,
19,293,,,,6,0,,2025-09-02,30,1937,,,,,,,,Bizon,,,4,40,,,,,,,,
25,813,,,,22,0,,2025-09-02,111,9281,,,,,,,,Bizon,,,17,219,,,,,,,,
23,300,,,,0,0,,2025-09-02,30,4536,,,,,,,,Bizon,,,0,28,,,,,,,,
6,300,,,,2,0,,2025-09-02,30,2362,,,,,,,,Bizon,,,2,27,,,,,,,,
5,300,,,,5,0,,2025-09-02,30,2214,,,,,,,,Bizon,,,4,26,,,,,,,,
29,300,,,,3,0,,2025-09-02,30,4386,,,,,,,,Bizon,,,2,24,,,,,,,,
26,1494,,,,36,0,,2025-09-02,300,8556,,,,,,,,Bizon,,,36,115,,,,,,,,
24,296,,,,2,0,,2025-09-02,30,1541,,,,,,,,Bizon,,,2,20,,,,,,,,
27,292,,,,21,0,,2025-09-02,30,1927,,,,,,,,Bizon,,,17,19,,,,,,,,
12,299,,,,8,0,,2025-09-02,60,1122,,,,,,,,Bizon,,,6,24,,,,,,,,
3,752,,,,26,0,,2025-09-02,150,6052,,,,,,,,Bizon,,,19,150,,,,,,,,
28,198,,,,2,0,,2025-09-02,40,1329,,,,,,,,Bizon,,,1,82,,,,,,,,
41,150,,,,5,0,,2025-09-02,39,1388,,,,,,,,Bizon,,,3,3,,,,,,,,
2,723,,,,28,0,,2025-09-03,150,7395,,,,,,,,Bizon,,,10,112,,,,,,,,
11,0,,,,1,0,,2025-09-03,150,3295,,,,,,,,Bizon,,,1,211,,,,,,,,
9,299,,,,3,0,,2025-09-03,30,2838,,,,,,,,Bizon,,,2,75,,,,,,,,
7,240,,,,7,0,,2025-09-03,30,1503,,,,,,,,Bizon,,,6,77,,,,,,,,
22,287,,,,5,0,,2025-09-03,30,1503,,,,,,,,Bizon,,,4,84,,,,,,,,
8,55,,,,1,0,,2025-09-03,30,1607,,,,,,,,Bizon,,,3,27,,,,,,,,
19,300,,,,5,0,,2025-09-03,30,1937,,,,,,,,Bizon,,,1,41,,,,,,,,
25,842,,,,23,0,,2025-09-03,111,9281,,,,,,,,Bizon,,,17,236,,,,,,,,
41,20,,,,2,0,,2025-09-03,39,1388,,,,,,,,Bizon,,,-2,1,,,,,,,,
23,300,,,,3,0,,2025-09-03,30,4536,,,,,,,,Bizon,,,2,30,,,,,,,,
6,300,,,,3,0,,2025-09-03,30,2362,,,,,,,,Bizon,,,1,28,,,,,,,,
5,298,,,,6,0,,2025-09-03,30,2214,,,,,,,,Bizon,,,2,28,,,,,,,,
29,300,,,,3,0,,2025-09-03,30,4386,,,,,,,,Bizon,,,4,28,,,,,,,,
26,1425,,,,59,0,,2025-09-03,300,10657,,,,,,,,Bizon,,,-1,114,,,,,,,,
24,295,,,,7,0,,2025-09-03,30,3135,,,,,,,,Bizon,,,5,25,,,,,,,,
27,302,,,,19,0,,2025-09-03,30,1927,,,,,,,,Bizon,,,-2,17,,,,,,,,
12,299,,,,4,0,,2025-09-03,60,1122,,,,,,,,Bizon,,,3,27,,,,,,,,
3,748,,,,17,0,,2025-09-03,150,6052,,,,,,,,Bizon,,,-2,148,,,,,,,,
28,191,,,,13,0,,2025-09-03,40,1329,,,,,,,,Bizon,,,12,94,,,,,,,,
2,675,,,,24,0,,2025-09-04,150,7395,,,,,,,,Bizon,,304,11,123,,,,,,,,
11,756,,,,37,0,,2025-09-04,150,5805,,,,,,,,Bizon,,209,19,230,,,,,,,,
9,292,,,,9,0,,2025-09-04,30,2838,,,,,,,,Bizon,,85,2,77,,,,,,,,
7,281,,,,2,0,,2025-09-04,30,1503,,,,,,,,Bizon,,62,2,79,,,,,,,,
22,65,,,,4,0,,2025-09-04,30,1503,,,,,,,,Bizon,,21,4,88,,,,,,,,
19,298,,,,12,0,,2025-09-04,30,1937,,,,,,,,Bizon,,152,6,47,,,,,,,,
25,839,,,,20,0,,2025-09-04,111,9281,,,,,,,,Bizon,,109,23,259,,,,,,,,
41,389,,,,31,0,,2025-09-04,39,1388,,,,,,,,Bizon,,31,8,9,,,,,,,,
23,300,,,,3,0,,2025-09-04,30,4536,,,,,,,,Bizon,,101,3,33,,,,,,,,
6,300,,,,6,0,,2025-09-04,30,2362,,,,,,,,Bizon,,89,2,30,,,,,,,,
5,300,,,,5,0,,2025-09-04,30,2214,,,,,,,,Bizon,,78,2,30,,,,,,,,
29,300,,,,10,0,,2025-09-04,30,4386,,,,,,,,Bizon,,73,10,38,,,,,,,,
26,1411,,,,32,0,,2025-09-04,300,10657,,,,,,,,Bizon,,863,3,117,,,,,,,,
24,294,,,,9,0,,2025-09-04,30,3135,,,,,,,,Bizon,,12,6,31,,,,,,,,
27,299,,,,26,0,,2025-09-04,30,1927,,,,,,,,Bizon,,62,3,20,,,,,,,,
12,298,,,,7,0,,2025-09-04,60,1122,,,,,,,,Bizon,,21,4,31,,,,,,,,
3,747,,,,21,0,,2025-09-04,150,6052,,,,,,,,Bizon,,77,-1,147,,,,,,,,
28,142,,,,7,0,,2025-09-04,40,1329,,,,,,,,Bizon,,22,7,101,,,,,,,,
2,738,,,,19,0,,2025-09-05,150,7395,,,,,,,,Bizon,,321,6,129,17,,,,,,,
11,749,,,,26,0,,2025-09-05,150,5805,,,,,,,,Bizon,,226,11,241,17,,,,,,,
9,300,,,,4,0,,2025-09-05,30,2838,,,,,,,,Bizon,,87,3,80,2,,,,,,,
7,78,,,,3,0,,2025-09-05,30,1503,,,,,,,,Bizon,,63,2,81,1,,,,,,,
22,0,,,,0,0,,2025-09-05,30,1503,,,,,,,,Bizon,,21,0,88,0,,,,,,,
19,300,,,,9,0,,2025-09-05,30,1937,,,,,,,,Bizon,,159,3,50,7,,,,,,,
25,519,,,,23,0,,2025-09-05,111,9281,,,,,,,,Bizon,,117,16,275,8,,,,,,,
41,380,,,,19,0,,2025-09-05,39,1388,,,,,,,,Bizon,,48,2,11,17,,,,,,,
23,300,,,,1,0,,2025-09-05,30,4536,,,,,,,,Bizon,,103,0,33,2,,,,,,,
6,187,,,,1,0,,2025-09-05,30,2362,,,,,,,,Bizon,,90,0,30,1,,,,,,,
5,232,,,,10,0,,2025-09-05,30,2214,,,,,,,,Bizon,,86,3,33,8,,,,,,,
29,300,,,,4,0,,2025-09-05,30,4386,,,,,,,,Bizon,,77,0,38,4,,,,,,,
26,154,,,,4,0,,2025-09-05,300,10657,,,,,,,,Bizon,,864,4,121,1,,,,,,,
24,293,,,,5,0,,2025-09-05,30,3135,,,,,,,,Bizon,,15,2,33,3,,,,,,,
27,300,,,,15,0,,2025-09-05,30,1927,,,,,,,,Bizon,,78,0,20,16,,,,,,,
12,214,,,,6,0,,2025-09-05,60,1122,,,,,,,,Bizon,,24,4,35,3,,,,,,,
3,749,,,,16,0,,2025-09-05,150,6052,,,,,,,,Bizon,,94,1,148,17,,,,,,,
28,0,,,,3,0,,2025-09-05,40,1329,,,,,,,,Bizon,,22,3,104,0,,,,,,,
2,0,,,,1,0,,2025-09-06,150,7395,,,,,,,,Bizon,,321,1,130,0,,,,,,,
11,0,,,,0,0,,2025-09-06,150,5805,,,,,,,,Bizon,,226,0,241,0,,,,,,,
9,0,,,,0,0,,2025-09-06,30,2838,,,,,,,,Bizon,,87,0,80,0,,,,,,,
7,0,,,,1,0,,2025-09-06,30,1503,,,,,,,,Bizon,,63,1,82,0,,,,,,,
22,0,,,,2,0,,2025-09-06,30,1503,,,,,,,,Bizon,,21,2,90,0,,,,,,,
19,0,,,,0,0,,2025-09-06,30,1937,,,,,,,,Bizon,,159,0,50,0,,,,,,,
25,0,,,,4,0,,2025-09-06,111,9281,,,,,,,,Bizon,,117,5,280,0,,,,,,,
41,0,,,,0,0,,2025-09-06,39,1388,,,,,,,,Bizon,,48,0,11,0,,,,,,,
23,0,,,,0,0,,2025-09-06,30,4536,,,,,,,,Bizon,,103,0,33,0,,,,,,,
6,0,,,,0,0,,2025-09-06,30,2362,,,,,,,,Bizon,,90,0,30,0,,,,,,,
5,0,,,,0,0,,2025-09-06,30,2214,,,,,,,,Bizon,,86,0,33,0,,,,,,,
29,0,,,,0,0,,2025-09-06,30,4386,,,,,,,,Bizon,,77,0,38,0,,,,,,,
26,0,,,,2,0,,2025-09-06,300,10657,,,,,,,,Bizon,,864,2,123,0,,,,,,,
24,0,,,,2,0,,2025-09-06,30,3135,,,,,,,,Bizon,,15,3,36,0,,,,,,,
27,0,,,,0,0,,2025-09-06,30,1927,,,,,,,,Bizon,,78,0,20,0,,,,,,,
12,0,,,,0,0,,2025-09-06,60,1122,,,,,,,,Bizon,,24,0,35,0,,,,,,,
3,0,,,,0,0,,2025-09-06,150,6052,,,,,,,,Bizon,,94,0,148,0,,,,,,,
28,0,,,,0,0,,2025-09-06,40,1329,,,,,,,,Bizon,,22,0,104,0,,,,,,,
2,0,,,,2,0,,2025-09-07,150,7395,,,,,,,,Bizon,,321,2,132,0,,,,,,,
11,0,,,,3,0,,2025-09-07,150,5805,,,,,,,,Bizon,,226,3,244,0,,,,,,,
9,0,,,,0,0,,2025-09-07,30,2838,,,,,,,,Bizon,,87,0,80,0,,,,,,,
7,0,,,,1,0,,2025-09-07,30,1503,,,,,,,,Bizon,,63,1,83,0,,,,,,,
22,0,,,,0,0,,2025-09-07,30,1503,,,,,,,,Bizon,,21,0,90,0,,,,,,,
19,0,,,,0,0,,2025-09-07,30,1937,,,,,,,,Bizon,,159,0,50,0,,,,,,,
25,0,,,,1,0,,2025-09-07,111,9281,,,,,,,,Bizon,,117,1,281,0,,,,,,,
41,0,,,,0,0,,2025-09-07,39,1388,,,,,,,,Bizon,,48,0,11,0,,,,,,,
23,0,,,,0,0,,2025-09-07,30,4536,,,,,,,,Bizon,,103,0,33,0,,,,,,,
6,0,,,,0,0,,2025-09-07,30,2362,,,,,,,,Bizon,,90,0,30,0,,,,,,,
5,0,,,,0,0,,2025-09-07,30,2214,,,,,,,,Bizon,,86,0,33,0,,,,,,,
29,0,,,,0,0,,2025-09-07,30,4386,,,,,,,,Bizon,,77,0,38,0,,,,,,,
26,0,,,,1,0,,2025-09-07,300,10657,,,,,,,,Bizon,,864,1,124,0,,,,,,,
24,0,,,,0,0,,2025-09-07,30,3135,,,,,,,,Bizon,,15,0,36,0,,,,,,,
27,0,,,,0,0,,2025-09-07,30,1927,,,,,,,,Bizon,,78,0,20,0,,,,,,,
12,0,,,,0,0,,2025-09-07,60,1122,,,,,,,,Bizon,,24,0,35,0,,,,,,,
3,0,,,,0,0,,2025-09-07,150,6052,,,,,,,,Bizon,,94,0,148,0,,,,,,,
28,0,,,,0,0,,2025-09-07,40,1329,,,,,,,,Bizon,,22,0,104,0,,,,,,,
2,746,,,,22,0,,2025-09-08,150,7395,,,,,,,,Bizon,,342,4,136,21,,,,,,,
11,753,,,,23,0,,2025-09-08,150,5805,,,,,,,,Bizon,,241,12,256,15,,,,,,,
9,300,,,,4,0,,2025-09-08,30,2838,,,,,,,,Bizon,,88,4,84,1,,,,,,,
7,251,,,,2,0,,2025-09-08,30,1503,,,,,,,,Bizon,,63,2,85,0,,,,,,,
22,296,,,,9,0,,2025-09-08,30,1503,,,,,,,,Bizon,,21,9,99,0,,,,,,,
19,133,,,,2,0,,2025-09-08,30,1937,,,,,,,,Bizon,,162,-1,49,3,,,,,,,
25,942,,,,25,0,,2025-09-08,111,9281,,,,,,,,Bizon,,124,20,301,7,,,,,,,
41,373,,,,11,0,,2025-09-08,39,1388,,,,,,,,Bizon,,56,3,14,8,,,,,,,
23,300,,,,5,0,,2025-09-08,30,4536,,,,,,,,Bizon,,106,5,38,3,,,,,,,
6,300,,,,5,0,,2025-09-08,30,2362,,,,,,,,Bizon,,94,1,31,4,,,,,,,
5,298,,,,4,0,,2025-09-08,30,2214,,,,,,,,Bizon,,87,5,38,1,,,,,,,
29,300,,,,5,0,,2025-09-08,30,4386,,,,,,,,Bizon,,77,8,46,0,,,,,,,
26,1489,,,,29,0,,2025-09-08,300,10657,,,,,,,,Bizon,,893,9,133,29,,,,,,,
24,300,,,,1,0,,2025-09-08,30,3135,,,,,,,,Bizon,,16,0,36,1,,,,,,,
27,300,,,,17,0,,2025-09-08,30,1927,,,,,,,,Bizon,,88,8,28,10,,,,,,,
12,300,,,,7,0,,2025-09-08,60,1122,,,,,,,,Bizon,,28,4,39,4,,,,,,,
3,915,,,,16,0,,2025-09-08,150,6052,,,,,,,,Bizon,,109,3,151,15,,,,,,,
28,0,,,,2,0,,2025-09-08,40,1329,,,,,,,,Bizon,,22,2,106,0,,,,,,,
2,741,,,,15,0,,2025-09-09,150,7395,,,,,,,,Bizon,,347,10,146,5,,,,,,,
11,750,,,,19,0,,2025-09-09,150,5805,,,,,,,,Bizon,,252,9,265,11,,,,,,,
9,300,,,,10,0,,2025-09-09,30,2838,,,,,,,,Bizon,,91,7,91,3,,,,,,,
7,2,,,,0,0,,2025-09-09,30,1503,,,,,,,,Bizon,,63,0,85,0,,,,,,,
22,172,,,,1,0,,2025-09-09,30,1503,,,,,,,,Bizon,,22,0,99,1,,,,,,,
19,0,,,,0,0,,2025-09-09,30,1937,,,,,,,,Bizon,,162,0,49,0,,,,,,,
25,702,,,,23,0,,2025-09-09,111,9281,,,,,,,,Bizon,,128,20,321,4,,,,,,,
41,356,,,,31,0,,2025-09-09,39,1388,,,,,,,,Bizon,,69,19,33,13,,,,,,,
23,300,,,,4,0,,2025-09-09,30,4536,,,,,,,,Bizon,,108,2,40,2,,,,,,,
6,8,,,,0,0,,2025-09-09,30,2362,,,,,,,,Bizon,,94,0,31,0,,,,,,,
5,300,,,,5,0,,2025-09-09,30,2214,,,,,,,,Bizon,,90,2,40,3,,,,,,,
29,300,,,,2,0,,2025-09-09,30,4386,,,,,,,,Bizon,,77,2,48,0,,,,,,,
26,1347,,,,24,0,,2025-09-09,300,10657,,,,,,,,Bizon,,909,10,143,16,,,,,,,
24,300,,,,5,0,,2025-09-09,30,3135,,,,,,,,Bizon,,16,5,41,0,,,,,,,
27,294,,,,10,0,,2025-09-09,30,1927,,,,,,,,Bizon,,97,1,29,9,,,,,,,
12,300,,,,5,0,,2025-09-09,60,1122,,,,,,,,Bizon,,29,6,45,1,,,,,,,
3,1484,,,,11,0,,2025-09-09,150,7074,,,,,,,,Bizon,,118,4,155,9,,,,,,,
28,0,,,,0,0,,2025-09-09,40,1329,,,,,,,,Bizon,,22,0,106,0,,,,,,,
2,739,,,,9,0,,2025-09-10,150,7395,,,,,,,,Bizon,,352,5,151,5,,,,,,,
11,742,,,,13,0,,2025-09-10,150,5805,,,,,,,,Bizon,,258,8,273,6,,,,,,,
9,299,,,,6,0,,2025-09-10,30,2838,,,,,,,,Bizon,,96,1,92,5,,,,,,,
7,1,,,,0,0,,2025-09-10,30,1503,,,,,,,,Bizon,,63,0,85,0,,,,,,,
22,0,,,,0,0,,2025-09-10,30,1503,,,,,,,,Bizon,,22,0,99,0,,,,,,,
19,0,,,,0,0,,2025-09-10,30,1937,,,,,,,,Bizon,,162,0,49,0,,,,,,,
25,723,,,,21,0,,2025-09-10,111,9281,,,,,,,,Bizon,,130,19,340,2,,,,,,,
41,305,,,,24,0,,2025-09-10,39,1388,,,,,,,,Bizon,,83,10,43,14,,,,,,,
23,299,,,,4,0,,2025-09-10,30,4536,,,,,,,,Bizon,,110,2,42,2,,,,,,,
6,0,,,,0,0,,2025-09-10,30,2362,,,,,,,,Bizon,,94,0,31,0,,,,,,,
5,300,,,,5,0,,2025-09-10,30,2214,,,,,,,,Bizon,,93,2,42,3,,,,,,,
29,300,,,,4,0,,2025-09-10,30,4386,,,,,,,,Bizon,,78,3,51,1,,,,,,,
26,85,,,,5,0,,2025-09-10,300,10657,,,,,,,,Bizon,,915,-1,142,6,,,,,,,
24,296,,,,8,0,,2025-09-10,30,3135,,,,,,,,Bizon,,19,5,46,3,,,,,,,
27,299,,,,10,0,,2025-09-10,30,1927,,,,,,,,Bizon,,104,4,33,7,,,,,,,
12,287,,,,2,0,,2025-09-10,60,1122,,,,,,,,Bizon,,29,2,47,0,,,,,,,
3,1425,,,,26,0,,2025-09-10,150,7074,,,,,,,,Bizon,,137,9,164,19,,,,,,,
28,0,,,,1,0,,2025-09-10,40,1329,,,,,,,,Bizon,,22,1,107,0,,,,,,,
34,300,,,,32,0,,2025-09-10,30,1563,,,,,,,,Bizon,,25,9,9,,,,,,,,
2,743,,,,17,0,,2025-09-11,150,7395,,,,,,,,Bizon,,364,7,158,12,,,,,,,
11,742,,,,13,0,,2025-09-11,150,5805,,,,,,,,Bizon,,264,8,281,6,,,,,,,
9,299,,,,1,0,,2025-09-11,30,2838,,,,,,,,Bizon,,97,0,92,1,,,,,,,
7,1,,,,0,0,,2025-09-11,30,1503,,,,,,,,Bizon,,63,0,85,0,,,,,,,
22,0,,,,0,0,,2025-09-11,30,1503,,,,,,,,Bizon,,22,0,99,0,,,,,,,
19,0,,,,0,0,,2025-09-11,30,1937,,,,,,,,Bizon,,162,0,49,0,,,,,,,
25,548,,,,11,0,,2025-09-11,111,9281,,,,,,,,Bizon,,131,10,350,1,,,,,,,
41,88,,,,4,0,,2025-09-11,39,1388,,,,,,,,Bizon,,86,1,44,3,,,,,,,
23,300,,,,5,0,,2025-09-11,30,4536,,,,,,,,Bizon,,114,2,44,4,,,,,,,
6,0,,,,0,0,,2025-09-11,30,2362,,,,,,,,Bizon,,94,0,31,0,,,,,,,
5,300,,,,3,0,,2025-09-11,30,2214,,,,,,,,Bizon,,97,2,44,4,,,,,,,
29,300,,,,3,0,,2025-09-11,30,4386,,,,,,,,Bizon,,79,3,54,1,,,,,,,
26,74,,,,6,0,,2025-09-11,300,10657,,,,,,,,Bizon,,920,1,143,5,,,,,,,
24,293,,,,6,0,,2025-09-11,30,3135,,,,,,,,Bizon,,19,6,52,0,,,,,,,
27,298,,,,10,0,,2025-09-11,30,1927,,,,,,,,Bizon,,112,2,35,8,,,,,,,
12,12,,,,0,0,,2025-09-11,60,1122,,,,,,,,Bizon,,29,0,47,0,,,,,,,
3,976,,,,11,0,,2025-09-11,150,7074,,,,,,,,Bizon,,153,-4,160,16,,,,,,,
28,0,,,,0,0,,2025-09-11,40,1329,,,,,,,,Bizon,,22,0,107,0,,,,,,,
34,303,,,,27,0,,2025-09-11,30,1563,,,,,,,,Bizon,,52,5,14,27,,,,,,,
2,749,,,,11,0,,2025-09-12,100,7395,,,,,,,,Bizon,,373,5,163,9,,,,,,,
11,561,,,,20,0,,2025-09-12,150,5805,,,,,,,,Bizon,,277,9,290,13,,,,,,,
9,300,,,,1,0,,2025-09-12,30,2838,,,,,,,,Bizon,,97,1,93,0,,,,,,,
7,0,,,,0,0,,2025-09-12,30,1503,,,,,,,,Bizon,,63,0,85,0,,,,,,,
25,543,,,,24,0,,2025-09-12,111,9281,,,,,,,,Bizon,,132,23,373,1,,,,,,,
41,0,,,,0,0,,2025-09-12,39,1388,,,,,,,,Bizon,,86,0,44,0,,,,,,,
23,300,,,,3,0,,2025-09-12,30,4536,,,,,,,,Bizon,,117,1,45,3,,,,,,,
5,299,,,,1,0,,2025-09-12,30,2214,,,,,,,,Bizon,,97,1,45,0,,,,,,,
29,0,,,,0,0,,2025-09-12,30,4386,,,,,,,,Bizon,,79,0,54,0,,,,,,,
26,0,,,,0,0,,2025-09-12,300,10657,,,,,,,,Bizon,,920,0,143,0,,,,,,,
24,294,,,,6,0,,2025-09-12,30,3135,,,,,,,,Bizon,,21,5,57,2,,,,,,,
27,297,,,,9,0,,2025-09-12,30,1927,,,,,,,,Bizon,,118,4,39,6,,,,,,,
12,0,,,,1,0,,2025-09-12,60,1122,,,,,,,,Bizon,,29,1,48,0,,,,,,,
3,686,,,,19,0,,2025-09-12,150,7074,,,,,,,,Bizon,,167,7,167,14,,,,,,,
28,0,,,,1,0,,2025-09-12,40,1329,,,,,,,,Bizon,,22,1,108,0,,,,,,,
34,290,,,,13,0,,2025-09-12,30,1563,,,,,,,,Bizon,,68,-2,12,16,,,,,,,
2,0,,,,0,0,,2025-09-13,100,7395,,,,,,,,Bizon,,373,0,163,0,,,,,,,
11,0,,,,0,0,,2025-09-13,150,5805,,,,,,,,Bizon,,277,0,290,0,,,,,,,
9,0,,,,0,0,,2025-09-13,30,2838,,,,,,,,Bizon,,97,0,93,0,,,,,,,
7,0,,,,0,0,,2025-09-13,30,1503,,,,,,,,Bizon,,63,0,85,0,,,,,,,
25,0,,,,2,0,,2025-09-13,111,9281,,,,,,,,Bizon,,132,2,375,0,,,,,,,
41,0,,,,0,0,,2025-09-13,39,1388,,,,,,,,Bizon,,86,0,44,0,,,,,,,
23,0,,,,0,0,,2025-09-13,30,4536,,,,,,,,Bizon,,117,0,45,0,,,,,,,
5,0,,,,0,0,,2025-09-13,30,2214,,,,,,,,Bizon,,97,0,45,0,,,,,,,
26,0,,,,0,0,,2025-09-13,200,10657,,,,,,,,Bizon,,920,0,143,0,,,,,,,
24,0,,,,1,0,,2025-09-13,30,3135,,,,,,,,Bizon,,21,2,59,0,,,,,,,
27,0,,,,0,0,,2025-09-13,30,1927,,,,,,,,Bizon,,118,0,39,0,,,,,,,
12,0,,,,0,0,,2025-09-13,60,1122,,,,,,,,Bizon,,29,0,48,0,,,,,,,
3,0,,,,0,0,,2025-09-13,150,7074,,,,,,,,Bizon,,167,0,167,0,,,,,,,
28,0,,,,0,0,,2025-09-13,40,1329,,,,,,,,Bizon,,22,0,108,0,,,,,,,
34,0,,,,0,0,,2025-09-13,30,1563,,,,,,,,Bizon,,68,0,12,0,,,,,,,
2,0,,,,0,0,,2025-09-14,100,7395,,,,,,,,Bizon,,373,0,163,0,,,,,,,
11,0,,,,0,0,,2025-09-14,150,5805,,,,,,,,Bizon,,277,0,290,0,,,,,,,
9,0,,,,0,0,,2025-09-14,30,2838,,,,,,,,Bizon,,97,0,93,0,,,,,,,
7,0,,,,0,0,,2025-09-14,30,1503,,,,,,,,Bizon,,63,0,85,0,,,,,,,
25,0,,,,2,0,,2025-09-14,111,9281,,,,,,,,Bizon,,132,2,377,0,,,,,,,
41,0,,,,0,0,,2025-09-14,39,1388,,,,,,,,Bizon,,86,0,44,0,,,,,,,
23,0,,,,0,0,,2025-09-14,30,4536,,,,,,,,Bizon,,117,0,45,0,,,,,,,
5,0,,,,0,0,,2025-09-14,30,2214,,,,,,,,Bizon,,97,0,45,0,,,,,,,
26,0,,,,0,0,,2025-09-14,200,10657,,,,,,,,Bizon,,920,0,143,0,,,,,,,
24,0,,,,0,0,,2025-09-14,30,3135,,,,,,,,Bizon,,21,0,59,0,,,,,,,
27,0,,,,0,0,,2025-09-14,30,1927,,,,,,,,Bizon,,118,0,39,0,,,,,,,
12,0,,,,0,0,,2025-09-14,60,1122,,,,,,,,Bizon,,29,0,48,0,,,,,,,
3,0,,,,0,0,,2025-09-14,150,7074,,,,,,,,Bizon,,167,0,167,0,,,,,,,
28,0,,,,1,0,,2025-09-14,40,1329,,,,,,,,Bizon,,22,1,109,0,,,,,,,
34,0,,,,0,0,,2025-09-14,30,1563,,,,,,,,Bizon,,68,0,12,0,,,,,,,
2,749,,,,13,0,,2025-09-15,100,7395,,,,,,,,Bizon,,382,8,171,9,,,,,,,
11,753,,,,11,0,,2025-09-15,150,6313,,,,,,,,Bizon,,283,5,295,6,,,,,,,
9,297,,,,3,0,,2025-09-15,30,2838,,,,,,,,Bizon,,98,3,96,1,,,,,,,
7,0,,,,0,0,,2025-09-15,30,1503,,,,,,,,Bizon,,63,0,85,0,,,,,,,
25,408,,,,11,0,,2025-09-15,111,9281,,,,,,,,Bizon,,135,8,385,3,,,,,,,
41,0,,,,1,0,,2025-09-15,39,1388,,,,,,,,Bizon,,86,1,45,0,,,,,,,
23,300,,,,2,0,,2025-09-15,30,4536,,,,,,,,Bizon,,119,1,46,2,,,,,,,
5,299,,,,5,0,,2025-09-15,75,2214,,,,,,,,Bizon,,102,1,46,5,,,,,,,
26,1500,,,,39,0,,2025-09-15,200,10657,,,,,,,,Bizon,,953,11,154,33,,,,,,,
24,300,,,,3,0,,2025-09-15,30,3135,,,,,,,,Bizon,,23,2,61,2,,,,,,,
27,292,,,,10,0,,2025-09-15,30,1927,,,,,,,,Bizon,,125,3,42,7,,,,,,,
12,418,,,,10,0,,2025-09-15,60,1366,,,,,,,,Bizon,,32,8,56,3,,,,,,,
3,774,,,,3,0,,2025-09-15,150,7074,,,,,,,,Bizon,,174,-4,163,7,,,,,,,
28,0,,,,0,0,,2025-09-15,40,1329,,,,,,,,Bizon,,22,0,109,0,,,,,,,
34,297,,,,13,0,,2025-09-15,30,1563,,,,,,,,Bizon,,74,7,19,6,,,,,,,
39,150,,,,11,0,,2025-09-15,32,823,,,,,,,,Bizon,,5,25,25,,,,,,,,
2,744,,,,19,0,,2025-09-16,100,7395,,,,,,,,Bizon,,395,10,181,13,,,,,,,
11,655,,,,28,0,,2025-09-16,150,6313,,,,,,,,Bizon,,303,10,305,20,,,,,,,
9,298,,,,7,0,,2025-09-16,30,2838,,,,,,,,Bizon,,103,3,99,5,,,,,,,
7,0,,,,0,0,,2025-09-16,30,1503,,,,,,,,Bizon,,63,0,85,0,,,,,,,
25,410,,,,11,0,,2025-09-16,111,9281,,,,,,,,Bizon,,138,8,393,3,,,,,,,
41,231,,,,7,0,,2025-09-16,39,2422,,,,,,,,Bizon,,87,6,51,1,,,,,,,
23,176,,,,0,0,,2025-09-16,30,4536,,,,,,,,Bizon,,120,-1,45,1,,,,,,,
5,233,,,,4,0,,2025-09-16,75,2214,,,,,,,,Bizon,,103,5,51,1,,,,,,,
26,518,,,,9,0,,2025-09-16,200,10657,,,,,,,,Bizon,,958,5,159,5,,,,,,,
24,300,,,,8,0,,2025-09-16,30,3135,,,,,,,,Bizon,,23,8,69,0,,,,,,,
27,301,,,,11,0,,2025-09-16,30,2069,,,,,,,,Bizon,,132,4,46,7,,,,,,,
12,314,,,,4,0,,2025-09-16,60,1366,,,,,,,,Bizon,,37,0,56,5,,,,,,,
3,656,,,,7,0,,2025-09-16,150,7074,,,,,,,,Bizon,,179,3,166,5,,,,,,,
28,0,,,,2,0,,2025-09-16,40,1329,,,,,,,,Bizon,,22,3,112,0,,,,,,,
34,296,,,,11,0,,2025-09-16,30,1563,,,,,,,,Bizon,,81,6,25,7,,,,,,,
39,151,,,,15,0,,2025-09-16,32,823,,,,,,,,Bizon,,22,-2,23,17,,,,,,,
2,263,,,,15,0,,2025-09-17,100,7395,,,,,,,,Bizon,,407,3,184,12,,,,,,,
11,781,,,,40,0,,2025-09-17,150,7083,,,,,,,,Bizon,,332,15,320,29,,,,,,,
9,153,,,,2,0,,2025-09-17,30,2838,,,,,,,,Bizon,,104,2,101,1,,,,,,,
7,0,,,,0,0,,2025-09-17,30,1503,,,,,,,,Bizon,,63,0,85,0,,,,,,,
25,378,,,,6,0,,2025-09-17,111,9281,,,,,,,,Bizon,,138,6,399,0,,,,,,,
41,210,,,,9,0,,2025-09-17,39,2422,,,,,,,,Bizon,,94,4,55,7,,,,,,,
23,0,,,,0,0,,2025-09-17,30,4536,,,,,,,,Bizon,,120,0,45,0,,,,,,,
5,256,,,,4,0,,2025-09-17,75,2214,,,,,,,,Bizon,,105,2,53,2,,,,,,,
26,57,,,,0,0,,2025-09-17,200,10657,,,,,,,,Bizon,,958,0,159,0,,,,,,,
24,299,,,,4,0,,2025-09-17,30,3135,,,,,,,,Bizon,,23,4,73,0,,,,,,,
27,242,,,,8,0,,2025-09-17,30,2069,,,,,,,,Bizon,,138,2,48,6,,,,,,,
12,414,,,,7,0,,2025-09-17,60,1366,,,,,,,,Bizon,,46,0,56,9,,,,,,,
3,702,,,,9,0,,2025-09-17,150,7074,,,,,,,,Bizon,,188,0,166,9,,,,,,,
28,0,,,,0,0,,2025-09-17,40,1329,,,,,,,,Bizon,,22,0,112,0,,,,,,,
34,300,,,,18,0,,2025-09-17,30,1563,,,,,,,,Bizon,,91,11,36,10,,,,,,,
39,320,,,,17,0,,2025-09-17,32,823,,,,,,,,Bizon,,36,4,27,14,,,,,,,
2,3,,,,0,0,,2025-09-18,100,7395,,,,,,,,Bizon,,408,-1,183,1,,,,,,,
11,79,,,,8,0,,2025-09-18,150,7083,,,,,,,,Bizon,,343,-3,317,11,,,,,,,
9,0,,,,0,0,,2025-09-18,30,2838,,,,,,,,Bizon,,104,0,101,0,,,,,,,
7,0,,,,0,0,,2025-09-18,30,1503,,,,,,,,Bizon,,63,0,85,0,,,,,,,
25,409,,,,8,0,,2025-09-18,111,9281,,,,,,,,Bizon,,138,9,408,0,,,,,,,
41,147,,,,9,0,,2025-09-18,39,2422,,,,,,,,Bizon,,99,4,59,5,,,,,,,
5,8,,,,1,0,,2025-09-18,75,2214,,,,,,,,Bizon,,105,1,54,0,,,,,,,
12,313,,,,11,0,,2025-09-18,60,1366,,,,,,,,Bizon,,53,5,61,7,,,,,,,
26,42,,,,2,0,,2025-09-18,200,10657,,,,,,,,Bizon,,960,0,159,2,,,,,,,
24,297,,,,6,0,,2025-09-18,30,3135,,,,,,,,Bizon,,23,6,79,0,,,,,,,
27,9,,,,0,0,,2025-09-18,30,2069,,,,,,,,Bizon,,139,-1,47,1,,,,,,,
3,5,,,,0,0,,2025-09-18,150,7074,,,,,,,,Bizon,,189,0,166,1,,,,,,,
28,0,,,,0,0,,2025-09-18,40,1329,,,,,,,,Bizon,,22,0,112,0,,,,,,,
34,297,,,,20,0,,2025-09-18,30,1563,,,,,,,,Bizon,,100,12,48,9,,,,,,,
39,202,,,,11,0,,2025-09-18,32,823,,,,,,,,Bizon,,41,7,34,5,,,,,,,
36,0,,,,0,0,,2025-09-18,79,5071,,,,,,,,Bizon,,0,0,0,,,,,,,,
2,499,,,,4,0,,2025-09-19,100,7395,,,,,,,,Bizon,,412,2,185,4,,,,,,,
11,0,,,,4,0,,2025-09-19,150,7083,,,,,,,,Bizon,,343,4,321,0,,,,,,,
7,0,,,,0,0,,2025-09-19,30,1503,,,,,,,,Bizon,,63,0,85,0,,,,,,,
25,394,,,,3,0,,2025-09-19,111,9281,,,,,,,,Bizon,,138,3,411,0,,,,,,,
41,138,,,,5,0,,2025-09-19,39,2422,,,,,,,,Bizon,,102,3,62,3,,,,,,,
5,0,,,,0,0,,2025-09-19,75,2214,,,,,,,,Bizon,,105,0,54,0,,,,,,,
12,95,,,,3,0,,2025-09-19,60,1366,,,,,,,,Bizon,,55,2,63,2,,,,,,,
26,17,,,,0,0,,2025-09-19,200,10657,,,,,,,,Bizon,,960,0,159,0,,,,,,,
24,297,,,,3,0,,2025-09-19,30,3135,,,,,,,,Bizon,,24,2,81,1,,,,,,,
27,0,,,,0,0,,2025-09-19,30,2069,,,,,,,,Bizon,,139,0,47,0,,,,,,,
3,0,,,,0,0,,2025-09-19,150,7074,,,,,,,,Bizon,,189,0,166,0,,,,,,,
28,0,,,,0,0,,2025-09-19,40,1329,,,,,,,,Bizon,,22,0,112,0,,,,,,,
36,0,,,,0,0,,2025-09-19,79,5071,,,,,,,,Bizon,,0,0,0,0,,,,,,,
34,296,,,,9,0,,2025-09-19,30,1563,,,,,,,,Bizon,,105,4,52,5,,,,,,,
39,0,,,,2,0,,2025-09-19,32,823,,,,,,,,Bizon,,41,2,36,0,,,,,,,
2,0,,,,0,0,,2025-09-20,100,7395,,,,,,,,Bizon,,412,0,185,0,,,,,,,
11,0,,,,0,0,,2025-09-20,150,7083,,,,,,,,Bizon,,343,0,321,0,,,,,,,
7,0,,,,0,0,,2025-09-20,30,1503,,,,,,,,Bizon,,63,0,85,0,,,,,,,
25,0,,,,1,0,,2025-09-20,111,9281,,,,,,,,Bizon,,138,2,413,0,,,,,,,
41,0,,,,0,0,,2025-09-20,39,2422,,,,,,,,Bizon,,102,0,62,0,,,,,,,
5,0,,,,0,0,,2025-09-20,75,2214,,,,,,,,Bizon,,105,0,54,0,,,,,,,
12,0,,,,0,0,,2025-09-20,60,1366,,,,,,,,Bizon,,55,0,63,0,,,,,,,
26,0,,,,0,0,,2025-09-20,200,10657,,,,,,,,Bizon,,960,0,159,0,,,,,,,
24,0,,,,0,0,,2025-09-20,30,3135,,,,,,,,Bizon,,24,0,81,0,,,,,,,
27,0,,,,0,0,,2025-09-20,30,2069,,,,,,,,Bizon,,139,0,47,0,,,,,,,
3,0,,,,0,0,,2025-09-20,150,7074,,,,,,,,Bizon,,189,0,166,0,,,,,,,
28,0,,,,0,0,,2025-09-20,40,1329,,,,,,,,Bizon,,22,0,112,0,,,,,,,
36,0,,,,0,0,,2025-09-20,79,5071,,,,,,,,Bizon,,0,0,0,0,,,,,,,
34,0,,,,0,0,,2025-09-20,30,1563,,,,,,,,Bizon,,105,0,52,0,,,,,,,
39,0,,,,0,0,,2025-09-20,32,823,,,,,,,,Bizon,,41,0,36,0,,,,,,,
2,0,,,,0,0,,2025-09-21,100,7395,,,,,,,,Bizon,,412,0,185,0,,,,,,,
11,0,,,,0,0,,2025-09-21,150,7083,,,,,,,,Bizon,,343,0,321,0,,,,,,,
7,0,,,,0,0,,2025-09-21,30,1503,,,,,,,,Bizon,,63,0,85,0,,,,,,,
25,0,,,,1,0,,2025-09-21,111,9281,,,,,,,,Bizon,,138,1,414,0,,,,,,,
41,0,,,,0,0,,2025-09-21,39,2422,,,,,,,,Bizon,,102,0,62,0,,,,,,,
5,0,,,,0,0,,2025-09-21,75,2214,,,,,,,,Bizon,,105,0,54,0,,,,,,,
12,0,,,,0,0,,2025-09-21,60,1366,,,,,,,,Bizon,,55,0,63,0,,,,,,,
26,0,,,,0,0,,2025-09-21,200,10657,,,,,,,,Bizon,,960,0,159,0,,,,,,,
24,0,,,,0,0,,2025-09-21,30,3135,,,,,,,,Bizon,,24,0,81,0,,,,,,,
27,0,,,,0,0,,2025-09-21,30,2069,,,,,,,,Bizon,,139,0,47,0,,,,,,,
3,0,,,,0,0,,2025-09-21,150,7074,,,,,,,,Bizon,,189,0,166,0,,,,,,,
28,0,,,,0,0,,2025-09-21,40,1329,,,,,,,,Bizon,,22,0,112,0,,,,,,,
36,0,,,,0,0,,2025-09-21,79,5071,,,,,,,,Bizon,,0,0,0,0,,,,,,,
34,0,,,,0,0,,2025-09-21,30,1563,,,,,,,,Bizon,,105,0,52,0,,,,,,,
39,0,,,,0,0,,2025-09-21,32,823,,,,,,,,Bizon,,41,0,36,0,,,,,,,
2,691,,,,13,0,,2025-09-22,100,7395,,,,,,,,Bizon,,417,8,193,5,,,,,,,
11,843,,,,18,0,,2025-09-22,150,7083,,,,,,,,Bizon,,357,9,330,14,,,,,,,
7,0,,,,0,0,,2025-09-22,30,1503,,,,,,,,Bizon,,63,0,85,0,,,,,,,
25,418,,,,8,0,,2025-09-22,111,9281,,,,,,,,Bizon,,138,8,422,0,,,,,,,
41,145,,,,6,0,,2025-09-22,39,2422,,,,,,,,Bizon,,104,5,67,2,,,,,,,
5,139,,,,2,0,,2025-09-22,75,2214,,,,,,,,Bizon,,106,1,55,1,,,,,,,
12,594,,,,6,0,,2025-09-22,60,2084,,,,,,,,Bizon,,56,5,68,1,,,,,,,
26,0,,,,0,0,,2025-09-22,200,10657,,,,,,,,Bizon,,960,0,159,0,,,,,,,
24,298,,,,7,0,,2025-09-22,30,3135,,,,,,,,Bizon,,24,7,88,0,,,,,,,
27,159,,,,3,0,,2025-09-22,30,2069,,,,,,,,Bizon,,139,3,50,0,,,,,,,
3,1363,,,,21,0,,2025-09-22,150,7074,,,,,,,,Bizon,,206,6,172,17,,,,,,,
28,0,,,,0,0,,2025-09-22,40,1329,,,,,,,,Bizon,,22,0,112,0,,,,,,,
36,770,,,,44,0,,2025-09-22,79,5071,,,,,,,,Bizon,,36,11,11,36,,,,,,,
34,299,,,,13,0,,2025-09-22,30,1563,,,,,,,,Bizon,,115,4,56,10,,,,,,,
39,301,,,,12,0,,2025-09-22,32,823,,,,,,,,Bizon,,48,5,41,7,,,,,,,
,0,,,,0,0,,2025-09-22,30,1535,,,,,,,,Bizon,,0,45,45,,,,,,,,
,0,,,,0,0,,2025-09-22,30,1535,,,,,,,,Bizon,,0,45,45,0,,,,,,,
,160,,,,8,0,,2025-09-22,30,1535,,,,,,,,Bizon,,5,49,49,5,,,,,,,
,280,,,,17,0,,2025-09-22,30,1535,,,,,,,,Bizon,,9,54,54,4,,,,,,,
46,280,,,,17,0,,2025-09-22,30,1535,,,,,,,,Bizon,,9,54,54,,,,,,,,
2,98,,,,4,0,,2025-09-23,100,7395,,,,,,,,Bizon,,422,-1,192,5,,,,,,,
11,398,,,,5,0,,2025-09-23,150,7083,,,,,,,,Bizon,,362,-1,329,5,,,,,,,
7,0,,,,0,0,,2025-09-23,30,1503,,,,,,,,Bizon,,63,0,85,0,,,,,,,
25,100,,,,5,0,,2025-09-23,111,9281,,,,,,,,Bizon,,138,5,427,0,,,,,,,
41,141,,,,6,0,,2025-09-23,39,2422,,,,,,,,Bizon,,106,4,71,2,,,,,,,
5,8,,,,0,0,,2025-09-23,75,2214,,,,,,,,Bizon,,106,0,55,0,,,,,,,
12,499,,,,7,0,,2025-09-23,60,2215,,,,,,,,Bizon,,62,5,73,6,,,,,,,
26,0,,,,0,0,,2025-09-23,200,10657,,,,,,,,Bizon,,960,0,159,0,,,,,,,
24,299,,,,4,0,,2025-09-23,30,3135,,,,,,,,Bizon,,24,4,92,0,,,,,,,
27,2,,,,0,0,,2025-09-23,30,2069,,,,,,,,Bizon,,139,0,50,0,,,,,,,
3,853,,,,11,0,,2025-09-23,150,7074,,,,,,,,Bizon,,215,4,176,9,,,,,,,
28,0,,,,0,0,,2025-09-23,40,1329,,,,,,,,Bizon,,22,0,112,0,,,,,,,
36,769,,,,68,0,,2025-09-23,79,5071,,,,,,,,Bizon,,89,19,30,53,,,,,,,
34,299,,,,7,0,,2025-09-23,30,1563,,,,,,,,Bizon,,118,5,61,3,,,,,,,
39,319,,,,12,0,,2025-09-23,32,823,,,,,,,,Bizon,,51,9,50,3,,,,,,,
46,280,,,,23,0,,2025-09-23,30,2318,,,,,,,,Bizon,,31,2,56,22,,,,,,,
2,1,,,,0,0,,2025-09-24,100,7395,,,,,,,,Bizon,,422,0,192,0,,,,,,,
11,1206,,,,45,0,,2025-09-24,150,8029,,,,,,,,Bizon,,396,13,342,34,,,,,,,
25,0,,,,1,0,,2025-09-24,111,9281,,,,,,,,Bizon,,138,1,428,0,,,,,,,
41,146,,,,5,0,,2025-09-24,39,2422,,,,,,,,Bizon,,106,5,76,0,,,,,,,
5,0,,,,0,0,,2025-09-24,75,2214,,,,,,,,Bizon,,106,0,55,0,,,,,,,
12,584,,,,6,0,,2025-09-24,60,2215,,,,,,,,Bizon,,64,4,77,2,,,,,,,
24,299,,,,4,0,,2025-09-24,30,3135,,,,,,,,Bizon,,24,4,96,0,,,,,,,
27,0,,,,1,0,,2025-09-24,30,2069,,,,,,,,Bizon,,139,2,52,0,,,,,,,
3,736,,,,1,0,,2025-09-24,150,7074,,,,,,,,Bizon,,220,-4,172,5,,,,,,,
28,0,,,,0,0,,2025-09-24,40,1329,,,,,,,,Bizon,,22,0,112,0,,,,,,,
36,770,,,,17,0,,2025-09-24,79,5071,,,,,,,,Bizon,,103,3,33,14,,,,,,,
34,297,,,,3,0,,2025-09-24,30,1563,,,,,,,,Bizon,,119,2,63,1,,,,,,,
39,242,,,,8,0,,2025-09-24,32,823,,,,,,,,Bizon,,56,4,54,5,,,,,,,
46,280,,,,15,0,,2025-09-24,30,2318,,,,,,,,Bizon,,42,5,61,11,,,,,,,
7,0,,,,0,0,,2025-09-24,30,1503,,,,,,,,Bizon,,63,0,85,0,,,,,,,
26,13,,,,1,0,,2025-09-24,200,10657,,,,,,,,Bizon,,961,0,159,1,,,,,,,
2,0,,,,1,0,,2025-09-25,100,7395,,,,,,,,Bizon,,422,1,193,0,,,,,,,
11,1447,,,,63,0,,2025-09-25,150,10424,,,,,,,,Bizon,,437,25,367,41,,,,,,,
25,0,,,,2,0,,2025-09-25,111,9281,,,,,,,,Bizon,,138,2,430,0,,,,,,,
41,7,,,,2,0,,2025-09-25,39,2422,,,,,,,,Bizon,,106,2,78,0,,,,,,,
5,3,,,,1,0,,2025-09-25,75,2214,,,,,,,,Bizon,,107,0,55,1,,,,,,,
12,387,,,,3,0,,2025-09-25,60,2215,,,,,,,,Bizon,,65,2,79,1,,,,,,,
24,297,,,,7,0,,2025-09-25,30,3135,,,,,,,,Bizon,,25,6,102,1,,,,,,,
27,300,,,,10,0,,2025-09-25,30,2686,,,,,,,,Bizon,,147,3,55,8,,,,,,,
3,724,,,,8,0,,2025-09-25,150,7074,,,,,,,,Bizon,,227,1,173,7,,,,,,,
28,0,,,,1,0,,2025-09-25,40,1329,,,,,,,,Bizon,,22,1,113,0,,,,,,,
36,766,,,,20,0,,2025-09-25,79,5071,,,,,,,,Bizon,,118,9,42,15,,,,,,,
34,285,,,,8,0,,2025-09-25,30,1563,,,,,,,,Bizon,,120,9,72,1,,,,,,,
39,219,,,,6,0,,2025-09-25,32,823,,,,,,,,Bizon,,61,2,56,5,,,,,,,
46,280,,,,12,0,,2025-09-25,30,2318,,,,,,,,Bizon,,49,6,67,7,,,,,,,
26,16,,,,0,0,,2025-09-25,200,10657,,,,,,,,Bizon,,961,0,159,0,,,,,,,
2,353,,,,7,0,,2025-09-26,100,7395,,,,,,,,Bizon,,428,1,194,6,,,,,,,
11,1280,,,,45,0,,2025-09-26,150,10424,,,,,,,,Bizon,,477,9,376,40,,,,,,,
25,0,,,,1,0,,2025-09-26,111,9281,,,,,,,,Bizon,,138,1,431,0,,,,,,,
41,0,,,,0,0,,2025-09-26,39,2422,,,,,,,,Bizon,,106,0,78,0,,,,,,,
5,1,,,,0,0,,2025-09-26,75,2214,,,,,,,,Bizon,,107,0,55,0,,,,,,,
12,3,,,,0,0,,2025-09-26,60,2215,,,,,,,,Bizon,,65,0,79,0,,,,,,,
24,254,,,,5,0,,2025-09-26,30,3135,,,,,,,,Bizon,,27,4,106,2,,,,,,,
27,299,,,,14,0,,2025-09-26,30,2686,,,,,,,,Bizon,,162,0,55,15,,,,,,,
3,163,,,,4,0,,2025-09-26,150,7074,,,,,,,,Bizon,,230,1,174,3,,,,,,,
28,0,,,,0,0,,2025-09-26,40,1329,,,,,,,,Bizon,,22,0,113,0,,,,,,,
36,768,,,,8,0,,2025-09-26,79,5071,,,,,,,,Bizon,,128,0,42,10,,,,,,,
34,231,,,,9,0,,2025-09-26,30,1563,,,,,,,,Bizon,,128,2,74,8,,,,,,,
39,147,,,,4,0,,2025-09-26,32,823,,,,,,,,Bizon,,62,3,59,1,,,,,,,
46,216,,,,16,0,,2025-09-26,30,2318,,,,,,,,Bizon,,58,9,76,9,,,,,,,
26,15,,,,0,0,,2025-09-26,200,10657,,,,,,,,Bizon,,961,0,159,0,,,,,,,
2,0,,,,0,0,,2025-09-27,100,7395,,,,,,,,Bizon,,428,0,194,0,,,,,,,
11,0,,,,0,0,,2025-09-27,150,10424,,,,,,,,Bizon,,477,1,377,0,,,,,,,
25,0,,,,0,0,,2025-09-27,111,9281,,,,,,,,Bizon,,138,0,431,0,,,,,,,
41,0,,,,0,0,,2025-09-27,39,2422,,,,,,,,Bizon,,106,0,78,0,,,,,,,
5,0,,,,0,0,,2025-09-27,75,2214,,,,,,,,Bizon,,107,0,55,0,,,,,,,
12,0,,,,0,0,,2025-09-27,60,2215,,,,,,,,Bizon,,65,0,79,0,,,,,,,
24,0,,,,0,0,,2025-09-27,30,3135,,,,,,,,Bizon,,27,0,106,0,,,,,,,
27,0,,,,0,0,,2025-09-27,30,2686,,,,,,,,Bizon,,162,1,56,0,,,,,,,
3,0,,,,0,0,,2025-09-27,150,7074,,,,,,,,Bizon,,230,0,174,0,,,,,,,
28,0,,,,0,0,,2025-09-27,40,1329,,,,,,,,Bizon,,22,0,113,0,,,,,,,
36,0,,,,1,0,,2025-09-27,79,5071,,,,,,,,Bizon,,128,1,43,0,,,,,,,
34,0,,,,0,0,,2025-09-27,30,1563,,,,,,,,Bizon,,128,0,74,0,,,,,,,
39,0,,,,0,0,,2025-09-27,32,823,,,,,,,,Bizon,,62,0,59,0,,,,,,,
46,0,,,,0,0,,2025-09-27,30,2318,,,,,,,,Bizon,,58,0,76,0,,,,,,,
26,0,,,,0,0,,2025-09-27,200,10657,,,,,,,,Bizon,,961,0,159,0,,,,,,,
2,0,,,,0,0,,2025-09-28,100,7395,,,,,,,,Bizon,,428,0,194,0,,,,,,,
11,0,,,,0,0,,2025-09-28,150,10424,,,,,,,,Bizon,,477,0,377,0,,,,,,,
25,0,,,,0,0,,2025-09-28,111,9281,,,,,,,,Bizon,,138,0,431,0,,,,,,,
41,0,,,,0,0,,2025-09-28,39,2422,,,,,,,,Bizon,,106,0,78,0,,,,,,,
5,0,,,,0,0,,2025-09-28,75,2214,,,,,,,,Bizon,,107,0,55,0,,,,,,,
12,0,,,,0,0,,2025-09-28,60,2215,,,,,,,,Bizon,,65,0,79,0,,,,,,,
24,0,,,,1,0,,2025-09-28,30,3135,,,,,,,,Bizon,,27,1,107,0,,,,,,,
27,0,,,,0,0,,2025-09-28,30,2686,,,,,,,,Bizon,,162,0,56,0,,,,,,,
3,0,,,,0,0,,2025-09-28,150,7074,,,,,,,,Bizon,,230,0,174,0,,,,,,,
28,0,,,,0,0,,2025-09-28,40,1331,,,,,,,,Bizon,,22,0,113,0,,,,,,,
36,0,,,,0,0,,2025-09-28,79,5071,,,,,,,,Bizon,,128,0,43,0,,,,,,,
34,0,,,,0,0,,2025-09-28,30,1563,,,,,,,,Bizon,,128,0,74,0,,,,,,,
39,0,,,,0,0,,2025-09-28,32,823,,,,,,,,Bizon,,62,0,59,0,,,,,,,
46,0,,,,0,0,,2025-09-28,30,2318,,,,,,,,Bizon,,58,0,76,0,,,,,,,
26,0,,,,0,0,,2025-09-28,200,10657,,,,,,,,Bizon,,961,0,159,0,,,,,,,
2,86,,,,1,0,,2025-09-29,100,7395,,,,,,,,Bizon,,428,1,195,0,,,,,,,
11,913,,,,26,0,,2025-09-29,150,10424,,,,,,,,Bizon,,493,12,389,16,,,,,,,
25,3,,,,0,0,,2025-09-29,111,9281,,,,,,,,Bizon,,138,0,431,0,,,,,,,
41,0,,,,0,0,,2025-09-29,39,2422,,,,,,,,Bizon,,106,0,78,0,,,,,,,
5,2,,,,0,0,,2025-09-29,75,2214,,,,,,,,Bizon,,107,0,55,0,,,,,,,
12,597,,,,5,0,,2025-09-29,60,2215,,,,,,,,Bizon,,68,5,84,3,,,,,,,
24,300,,,,7,0,,2025-09-29,30,3135,,,,,,,,Bizon,,28,7,114,1,,,,,,,
27,295,,,,5,0,,2025-09-29,30,2686,,,,,,,,Bizon,,163,2,58,1,,,,,,,
3,681,,,,3,0,,2025-09-29,150,7074,,,,,,,,Bizon,,232,1,175,2,,,,,,,
28,0,,,,0,0,,2025-09-29,40,1331,,,,,,,,Bizon,,22,0,113,0,,,,,,,
36,770,,,,22,0,,2025-09-29,79,5071,,,,,,,,Bizon,,147,7,50,19,,,,,,,
34,67,,,,5,0,,2025-09-29,30,1563,,,,,,,,Bizon,,132,1,75,4,,,,,,,
39,146,,,,2,0,,2025-09-29,32,823,,,,,,,,Bizon,,62,2,61,0,,,,,,,
46,281,,,,13,0,,2025-09-29,30,2318,,,,,,,,Bizon,,65,9,85,7,,,,,,,
26,0,,,,0,0,,2025-09-29,200,10657,,,,,,,,Bizon,,961,0,159,0,,,,,,,
2,0,,,,0,0,,2025-09-30,100,7395,,,,,,,,Bizon,,429,0,195,1,,,,,,,
11,1095,,,,13,0,,2025-09-30,150,10424,,,,,,,,Bizon,,506,4,393,13,,,,,,,
25,0,,,,1,0,,2025-09-30,111,9281,,,,,,,,Bizon,,138,1,432,0,,,,,,,
41,0,,,,0,0,,2025-09-30,39,2422,,,,,,,,Bizon,,106,0,78,0,,,,,,,
5,296,,,,4,0,,2025-09-30,75,3015,,,,,,,,Bizon,,111,1,56,4,,,,,,,
12,514,,,,3,0,,2025-09-30,60,2215,,,,,,,,Bizon,,68,3,87,0,,,,,,,
24,292,,,,1,0,,2025-09-30,30,3135,,,,,,,,Bizon,,28,2,116,0,,,,,,,
27,297,,,,9,0,,2025-09-30,30,2686,,,,,,,,Bizon,,171,3,61,8,,,,,,,
3,199,,,,2,0,,2025-09-30,150,7074,,,,,,,,Bizon,,233,2,177,1,,,,,,,
28,0,,,,0,0,,2025-09-30,40,1331,,,,,,,,Bizon,,22,0,113,0,,,,,,,
36,769,,,,19,0,,2025-09-30,79,5071,,,,,,,,Bizon,,161,6,56,14,,,,,,,
34,0,,,,0,0,,2025-09-30,30,1563,,,,,,,,Bizon,,132,0,75,0,,,,,,,
39,18,,,,0,0,,2025-09-30,32,823,,,,,,,,Bizon,,63,-1,60,1,,,,,,,
46,280,,,,5,0,,2025-09-30,30,2318,,,,,,,,Bizon,,67,5,90,2,,,,,,,
26,0,,,,0,0,,2025-09-30,200,10657,,,,,,,,Bizon,,961,0,159,0,,,,,,,
2,0,,,,0,0,,2025-10-01,100,7395,,,,,,,,Bizon,,429,0,195,0,,,,,,,
11,1022,,,,20,0,,2025-10-01,100,10424,,,,,,,,Bizon,,515,14,407,9,,,,,,,
25,0,,,,1,0,,2025-10-01,111,9281,,,,,,,,Bizon,,138,1,433,0,,,,,,,
41,0,,,,0,0,,2025-10-01,39,2422,,,,,,,,Bizon,,106,0,78,0,,,,,,,
5,250,,,,8,0,,2025-10-01,70,3015,,,,,,,,Bizon,,117,2,58,6,,,,,,,
12,91,,,,2,0,,2025-10-01,35,2215,,,,,,,,Bizon,,68,2,89,0,,,,,,,
24,129,,,,9,0,,2025-10-01,30,3135,,,,,,,,Bizon,,30,7,123,2,,,,,,,
27,298,,,,8,0,,2025-10-01,25,2686,,,,,,,,Bizon,,175,5,66,4,,,,,,,
3,512,,,,5,0,,2025-10-01,150,7074,,,,,,,,Bizon,,237,1,178,4,,,,,,,
28,0,,,,0,0,,2025-10-01,35,1331,,,,,,,,Bizon,,22,0,113,0,,,,,,,
36,769,,,,11,0,,2025-10-01,79,5071,,,,,,,,Bizon,,167,5,61,6,,,,,,,
34,0,,,,1,0,,2025-10-01,30,1563,,,,,,,,Bizon,,132,1,76,0,,,,,,,
46,274,,,,8,0,,2025-10-01,30,2318,,,,,,,,Bizon,,72,5,95,5,,,,,,,
26,0,,,,0,0,,2025-10-01,200,10657,,,,,,,,Bizon,,961,0,159,0,,,,,,,
35,270,,,,13,0,,2025-10-01,30,1495,,,,,,,,Bizon,,5,9,9,,,,,,,,
2,0,,,,0,0,,2025-10-02,75,7395,,,,,,,,Bizon,,429,0,195,0,,,,,,,
11,1,,,,1,0,,2025-10-02,100,10424,,,,,,,,Bizon,,517,-1,406,2,,,,,,,
25,0,,,,0,0,,2025-10-02,92,9281,,,,,,,,Bizon,,138,0,433,0,,,,,,,
41,0,,,,0,0,,2025-10-02,21,2422,,,,,,,,Bizon,,106,0,78,0,,,,,,,
5,170,,,,9,0,,2025-10-02,70,3015,,,,,,,,Bizon,,126,2,60,9,,,,,,,
12,2,,,,0,0,,2025-10-02,35,2215,,,,,,,,Bizon,,68,0,89,0,,,,,,,
3,5,,,,0,0,,2025-10-02,100,7074,,,,,,,,Bizon,,238,-1,177,1,,,,,,,
36,769,,,,19,0,,2025-10-02,79,5071,,,,,,,,Bizon,,178,11,72,11,,,,,,,
34,0,,,,0,0,,2025-10-02,30,1563,,,,,,,,Bizon,,132,0,76,0,,,,,,,
46,279,,,,11,0,,2025-10-02,30,2318,,,,,,,,Bizon,,76,7,102,4,,,,,,,
35,269,,,,10,0,,2025-10-02,30,1495,,,,,,,,Bizon,,16,-1,8,11,,,,,,,
28,0,,,,0,0,,2025-10-02,35,1331,,,,,,,,Bizon,,22,0,113,0,,,,,,,
27,246,,,,9,0,,2025-10-02,25,2686,,,,,,,,Bizon,,181,4,70,6,,,,,,,
24,0,,,,0,0,,2025-10-02,25,3135,,,,,,,,Bizon,,30,0,123,0,,,,,,,
2,0,,,,0,0,,2025-10-03,75,7395,,,,,,,,Bizon,,429,0,195,0,,,,,,,
11,0,,,,1,0,,2025-10-03,100,10424,,,,,,,,Bizon,,517,1,407,0,,,,,,,
25,0,,,,0,0,,2025-10-03,92,9281,,,,,,,,Bizon,,138,0,433,0,,,,,,,
41,0,,,,0,0,,2025-10-03,21,2422,,,,,,,,Bizon,,106,0,78,0,,,,,,,
5,3,,,,0,0,,2025-10-03,70,3015,,,,,,,,Bizon,,127,-1,59,1,,,,,,,
12,0,,,,0,0,,2025-10-03,35,2215,,,,,,,,Bizon,,68,0,89,0,,,,,,,
3,0,,,,1,0,,2025-10-03,100,7074,,,,,,,,Bizon,,238,1,178,0,,,,,,,
36,770,,,,11,0,,2025-10-03,79,5071,,,,,,,,Bizon,,181,9,81,3,,,,,,,
34,0,,,,0,0,,2025-10-03,30,1563,,,,,,,,Bizon,,132,0,76,0,,,,,,,
46,280,,,,10,0,,2025-10-03,30,2318,,,,,,,,Bizon,,85,3,105,9,,,,,,,
35,271,,,,13,0,,2025-10-03,30,1495,,,,,,,,Bizon,,24,5,13,8,,,,,,,
28,0,,,,0,0,,2025-10-03,35,1331,,,,,,,,Bizon,,22,0,113,0,,,,,,,
27,249,,,,4,0,,2025-10-03,25,2686,,,,,,,,Bizon,,184,2,72,3,,,,,,,
24,0,,,,0,0,,2025-10-03,25,3135,,,,,,,,Bizon,,30,0,123,0,,,,,,,
2,0,,,,0,0,,2025-10-04,75,7395,,,,,,,,Bizon,,429,0,195,0,,,,,,,
11,0,,,,0,0,,2025-10-04,100,10424,,,,,,,,Bizon,,517,0,407,0,,,,,,,
25,0,,,,0,0,,2025-10-04,92,9281,,,,,,,,Bizon,,138,0,433,0,,,,,,,
41,0,,,,0,0,,2025-10-04,21,2422,,,,,,,,Bizon,,106,0,78,0,,,,,,,
5,0,,,,0,0,,2025-10-04,70,3015,,,,,,,,Bizon,,127,0,59,0,,,,,,,
12,0,,,,0,0,,2025-10-04,35,2215,,,,,,,,Bizon,,68,0,89,0,,,,,,,
3,0,,,,0,0,,2025-10-04,100,7074,,,,,,,,Bizon,,238,0,178,0,,,,,,,
36,0,,,,0,0,,2025-10-04,79,5071,,,,,,,,Bizon,,181,0,81,0,,,,,,,
34,0,,,,0,0,,2025-10-04,30,1563,,,,,,,,Bizon,,132,0,76,0,,,,,,,
46,0,,,,0,0,,2025-10-04,30,2318,,,,,,,,Bizon,,85,0,105,0,,,,,,,
35,0,,,,1,0,,2025-10-04,30,1495,,,,,,,,Bizon,,24,1,14,0,,,,,,,
28,0,,,,0,0,,2025-10-04,35,1331,,,,,,,,Bizon,,22,0,113,0,,,,,,,
27,0,,,,0,0,,2025-10-04,25,2686,,,,,,,,Bizon,,184,0,72,0,,,,,,,
24,0,,,,0,0,,2025-10-04,25,3135,,,,,,,,Bizon,,30,0,123,0,,,,,,,
2,0,,,,0,0,,2025-10-05,75,7395,,,,,,,,Bizon,,429,0,195,0,,,,,,,
11,0,,,,0,0,,2025-10-05,100,10424,,,,,,,,Bizon,,517,0,407,0,,,,,,,
25,0,,,,0,0,,2025-10-05,92,9281,,,,,,,,Bizon,,138,0,433,0,,,,,,,
41,0,,,,0,0,,2025-10-05,21,2422,,,,,,,,Bizon,,106,0,78,0,,,,,,,
5,0,,,,0,0,,2025-10-05,70,3015,,,,,,,,Bizon,,127,0,59,0,,,,,,,
12,0,,,,0,0,,2025-10-05,35,2215,,,,,,,,Bizon,,68,0,89,0,,,,,,,
3,0,,,,0,0,,2025-10-05,100,7074,,,,,,,,Bizon,,238,0,178,0,,,,,,,
36,0,,,,0,0,,2025-10-05,79,5071,,,,,,,,Bizon,,181,0,81,0,,,,,,,
34,0,,,,0,0,,2025-10-05,30,1563,,,,,,,,Bizon,,132,0,76,0,,,,,,,
46,0,,,,0,0,,2025-10-05,30,2318,,,,,,,,Bizon,,85,0,105,0,,,,,,,
35,0,,,,0,0,,2025-10-05,30,1495,,,,,,,,Bizon,,24,0,14,0,,,,,,,
28,0,,,,0,0,,2025-10-05,35,1331,,,,,,,,Bizon,,22,0,113,0,,,,,,,
27,0,,,,0,0,,2025-10-05,25,2686,,,,,,,,Bizon,,184,0,72,0,,,,,,,
24,0,,,,0,0,,2025-10-05,25,3135,,,,,,,,Bizon,,30,0,123,0,,,,,,,
2,0,,,,0,0,,2025-10-06,75,7395,,,,,,,,Bizon,,429,0,195,0,,,,,,,
11,412,,,,4,0,,2025-10-06,100,10424,,,,,,,,Bizon,,518,3,410,1,,,,,,,
25,0,,,,0,0,,2025-10-06,92,9281,,,,,,,,Bizon,,138,0,433,0,,,,,,,
41,0,,,,0,0,,2025-10-06,21,2422,,,,,,,,Bizon,,106,0,78,0,,,,,,,
5,245,,,,5,0,,2025-10-06,70,3015,,,,,,,,Bizon,,129,4,63,2,,,,,,,
12,69,,,,2,0,,2025-10-06,35,2902,,,,,,,,Bizon,,69,1,90,1,,,,,,,
3,4,,,,0,0,,2025-10-06,100,7074,,,,,,,,Bizon,,238,0,178,0,,,,,,,
36,762,,,,18,0,,2025-10-06,79,5071,,,,,,,,Bizon,,194,7,88,13,,,,,,,
34,0,,,,0,0,,2025-10-06,30,1563,,,,,,,,Bizon,,132,0,76,0,,,,,,,
46,267,,,,7,0,,2025-10-06,30,2318,,,,,,,,Bizon,,91,3,108,6,,,,,,,
35,269,,,,15,0,,2025-10-06,30,1495,,,,,,,,Bizon,,36,4,18,12,,,,,,,
28,0,,,,0,0,,2025-10-06,35,1331,,,,,,,,Bizon,,22,0,113,0,,,,,,,
27,248,,,,4,0,,2025-10-06,25,2686,,,,,,,,Bizon,,187,1,73,3,,,,,,,
24,249,,,,1,0,,2025-10-06,25,3135,,,,,,,,Bizon,,30,1,124,0,,,,,,,
49,0,,,,0,0,,2025-10-06,30,6,,,,,,,,Bizon,,0,0,0,,,,,,,,
2,0,,,,0,0,,2025-10-07,75,7395,,,,,,,,Bizon,,429,0,195,0,,,,,,,
11,732,,,,13,0,,2025-10-07,100,11304,,,,,,,,Bizon,,524,8,418,6,,,,,,,
25,0,,,,1,0,,2025-10-07,92,9281,,,,,,,,Bizon,,138,1,434,0,,,,,,,
41,0,,,,0,0,,2025-10-07,21,2422,,,,,,,,Bizon,,106,0,78,0,,,,,,,
5,245,,,,7,0,,2025-10-07,70,3015,,,,,,,,Bizon,,133,4,67,4,,,,,,,
12,0,,,,0,0,,2025-10-07,35,3138,,,,,,,,Bizon,,69,0,90,0,,,,,,,
3,0,,,,0,0,,2025-10-07,100,7074,,,,,,,,Bizon,,238,0,178,0,,,,,,,
36,246,,,,6,0,,2025-10-07,79,5071,,,,,,,,Bizon,,200,0,88,6,,,,,,,
46,184,,,,15,0,,2025-10-07,30,2318,,,,,,,,Bizon,,100,8,116,9,,,,,,,
35,265,,,,10,0,,2025-10-07,30,1495,,,,,,,,Bizon,,41,5,23,5,,,,,,,
28,0,,,,0,0,,2025-10-07,35,1331,,,,,,,,Bizon,,22,0,113,0,,,,,,,
27,200,,,,5,0,,2025-10-07,25,2686,,,,,,,,Bizon,,190,3,76,3,,,,,,,
24,171,,,,1,0,,2025-10-07,25,3135,,,,,,,,Bizon,,30,2,126,0,,,,,,,
49,301,,,,7,0,,2025-10-07,30,445,,,,,,,,Bizon,,5,2,2,5,,,,,,,
2,0,,,,0,0,,2025-10-08,75,7395,,,,,,,,Bizon,,429,0,195,0,,,,,,,
11,454,,,,22,0,,2025-10-08,100,11614,,,,,,,,Bizon,,532,16,434,8,,,,,,,
25,0,,,,0,0,,2025-10-08,75,9281,,,,,,,,Bizon,,138,0,434,0,,,,,,,
41,0,,,,0,0,,2025-10-08,33,2423,,,,,,,,Bizon,,106,0,78,0,,,,,,,
5,140,,,,1,0,,2025-10-08,70,3015,,,,,,,,Bizon,,133,2,69,0,,,,,,,
12,0,,,,0,0,,2025-10-08,35,3138,,,,,,,,Bizon,,69,0,90,0,,,,,,,
3,4,,,,0,0,,2025-10-08,100,7074,,,,,,,,Bizon,,238,0,178,0,,,,,,,
36,199,,,,5,0,,2025-10-08,79,5072,,,,,,,,Bizon,,203,3,91,3,,,,,,,
46,0,,,,1,0,,2025-10-08,30,2318,,,,,,,,Bizon,,101,0,116,1,,,,,,,
35,266,,,,3,0,,2025-10-08,30,1495,,,,,,,,Bizon,,44,0,23,3,,,,,,,
28,0,,,,0,0,,2025-10-08,45,1331,,,,,,,,Bizon,,22,0,113,0,,,,,,,
27,241,,,,1,0,,2025-10-08,25,2686,,,,,,,,Bizon,,190,0,76,0,,,,,,,
49,305,,,,4,0,,2025-10-08,30,675,,,,,,,,Bizon,,10,-1,1,5,,,,,,,
24,4,,,,0,0,,2025-10-08,25,3135,,,,,,,,Bizon,,30,0,126,0,,,,,,,
53,500,,,,20,0,,2025-10-08,75,1796,,,,,,,,Bizon,,19,3,3,,,,,,,,
2,0,,,,0,0,,2025-10-09,75,7395,,,,,,,,Bizon,,430,0,195,1,,,,,,,
11,742,,,,14,0,,2025-10-09,100,11614,,,,,,,,Bizon,,532,14,448,0,,,,,,,
25,0,,,,0,0,,2025-10-09,75,9282,,,,,,,,Bizon,,138,0,434,0,,,,,,,
41,0,,,,0,0,,2025-10-09,33,2423,,,,,,,,Bizon,,106,0,78,0,,,,,,,
5,2,,,,1,0,,2025-10-09,70,3015,,,,,,,,Bizon,,133,1,70,0,,,,,,,
12,347,,,,7,0,,2025-10-09,35,3138,,,,,,,,Bizon,,74,2,92,5,,,,,,,
3,2,,,,0,0,,2025-10-09,100,7074,,,,,,,,Bizon,,238,0,178,0,,,,,,,
36,742,,,,11,0,,2025-10-09,79,5072,,,,,,,,Bizon,,209,8,99,6,,,,,,,
46,0,,,,1,0,,2025-10-09,30,2318,,,,,,,,Bizon,,102,1,117,1,,,,,,,
35,268,,,,8,0,,2025-10-09,30,1495,,,,,,,,Bizon,,48,4,27,4,,,,,,,
28,0,,,,0,0,,2025-10-09,45,1331,,,,,,,,Bizon,,22,0,113,0,,,,,,,
27,8,,,,3,0,,2025-10-09,25,2686,,,,,,,,Bizon,,191,2,78,1,,,,,,,
49,301,,,,10,0,,2025-10-09,30,980,,,,,,,,Bizon,,14,6,7,4,,,,,,,
53,501,,,,23,0,,2025-10-09,75,1796,,,,,,,,Bizon,,34,4,7,15,,,,,,,
24,0,,,,0,0,,2025-10-09,25,3135,,,,,,,,Bizon,,30,0,126,0,,,,,,,
2,0,,,,0,0,,2025-10-10,75,7395,,,,,,,,Bizon,,430,0,195,0,,,,,,,
11,95,,,,2,1,,2025-10-10,100,11614,,,,,,,,Bizon,,533,2,450,1,,,,,,,
25,0,,,,0,0,,2025-10-10,75,9282,,,,,,,,Bizon,,138,0,434,0,,,,,,,
41,0,,,,0,0,,2025-10-10,33,2423,,,,,,,,Bizon,,106,0,78,0,,,,,,,
5,0,,,,0,0,,2025-10-10,70,3016,,,,,,,,Bizon,,133,0,70,0,,,,,,,
12,236,,,,2,1,,2025-10-10,35,3138,,,,,,,,Bizon,,75,1,93,1,,,,,,,
3,13,,,,0,0,,2025-10-10,100,7074,,,,,,,,Bizon,,238,0,178,0,,,,,,,
36,746,,,,33,1,,2025-10-10,79,5072,,,,,,,,Bizon,,236,8,107,27,,,,,,,
46,236,,,,4,0,,2025-10-10,30,2318,,,,,,,,Bizon,,105,3,120,3,,,,,,,
35,261,,,,1,0,,2025-10-10,30,1495,,,,,,,,Bizon,,49,0,27,1,,,,,,,
28,0,,,,0,0,,2025-10-10,45,1331,,,,,,,,Bizon,,22,0,113,0,,,,,,,
27,1,,,,0,0,,2025-10-10,25,2686,,,,,,,,Bizon,,191,0,78,0,,,,,,,
49,300,,,,9,3,,2025-10-10,30,1255,,,,,,,,Bizon,,26,-2,5,12,,,,,,,
53,750,,,,26,2,,2025-10-10,75,2764,,,,,,,,Bizon,,52,8,15,18,,,,,,,
24,0,,,,0,0,,2025-10-10,25,3135,,,,,,,,Bizon,,30,0,126,0,,,,,,,
2,0,,,,0,0,,2025-10-11,75,7395,,,,,,,,Bizon,,430,0,195,0,,,,,,,
11,0,,,,0,0,,2025-10-11,100,11614,,,,,,,,Bizon,,533,0,450,0,,,,,,,
25,0,,,,0,0,,2025-10-11,75,9282,,,,,,,,Bizon,,138,0,434,0,,,,,,,
41,0,,,,0,0,,2025-10-11,33,2423,,,,,,,,Bizon,,106,0,78,0,,,,,,,
5,0,,,,0,0,,2025-10-11,70,3016,,,,,,,,Bizon,,133,0,70,0,,,,,,,
12,0,,,,0,0,,2025-10-11,35,3138,,,,,,,,Bizon,,75,0,93,0,,,,,,,
3,0,,,,0,0,,2025-10-11,100,7074,,,,,,,,Bizon,,238,0,178,0,,,,,,,
36,0,,,,1,0,,2025-10-11,79,5072,,,,,,,,Bizon,,236,1,108,0,,,,,,,
46,0,,,,0,0,,2025-10-11,30,2318,,,,,,,,Bizon,,105,0,120,0,,,,,,,
35,0,,,,0,0,,2025-10-11,30,1495,,,,,,,,Bizon,,49,0,27,0,,,,,,,
28,0,,,,0,0,,2025-10-11,45,1331,,,,,,,,Bizon,,22,0,113,0,,,,,,,
27,0,,,,0,0,,2025-10-11,25,2686,,,,,,,,Bizon,,191,0,78,0,,,,,,,
49,0,,,,0,0,,2025-10-11,30,1255,,,,,,,,Bizon,,26,0,5,0,,,,,,,
53,0,,,,0,0,,2025-10-11,75,2764,,,,,,,,Bizon,,52,0,15,0,,,,,,,
24,0,,,,0,0,,2025-10-11,25,3135,,,,,,,,Bizon,,30,0,126,0,,,,,,,
2,0,,,,0,0,,2025-10-12,75,7395,,,,,,,,Bizon,,430,0,195,0,,,,,,,
11,0,,,,1,0,,2025-10-12,100,11614,,,,,,,,Bizon,,533,1,451,0,,,,,,,
25,0,,,,0,0,,2025-10-12,75,9282,,,,,,,,Bizon,,138,0,434,0,,,,,,,
41,0,,,,0,0,,2025-10-12,33,2423,,,,,,,,Bizon,,106,0,78,0,,,,,,,
5,0,,,,0,0,,2025-10-12,70,3016,,,,,,,,Bizon,,133,0,70,0,,,,,,,
12,0,,,,0,0,,2025-10-12,35,3138,,,,,,,,Bizon,,75,0,93,0,,,,,,,
3,0,,,,0,0,,2025-10-12,100,7074,,,,,,,,Bizon,,238,0,178,0,,,,,,,
36,0,,,,0,0,,2025-10-12,79,5072,,,,,,,,Bizon,,236,0,108,0,,,,,,,
46,0,,,,0,0,,2025-10-12,30,2318,,,,,,,,Bizon,,105,0,120,0,,,,,,,
35,0,,,,0,0,,2025-10-12,30,1495,,,,,,,,Bizon,,49,0,27,0,,,,,,,
28,0,,,,0,0,,2025-10-12,45,1331,,,,,,,,Bizon,,22,0,113,0,,,,,,,
27,0,,,,0,0,,2025-10-12,25,2686,,,,,,,,Bizon,,191,0,78,0,,,,,,,
49,0,,,,0,0,,2025-10-12,30,1255,,,,,,,,Bizon,,26,0,5,0,,,,,,,
53,0,,,,1,0,,2025-10-12,75,2764,,,,,,,,Bizon,,52,1,16,0,,,,,,,
24,0,,,,0,0,,2025-10-12,25,3135,,,,,,,,Bizon,,30,0,126,0,,,,,,,
2,0,,,,0,0,,2025-10-13,75,7395,,,,,,,,Bizon,,430,0,195,0,,,,,,,
11,288,,,,4,0,,2025-10-13,100,11614,,,,,,,,Bizon,,535,2,453,2,,,,,,,
25,822,,,,17,11,,2025-10-13,72,12244,,,,,,,,Bizon,,147,11,445,9,,,,,,,
41,159,,,,6,0,,2025-10-13,36,2774,,,,,,,,Bizon,,112,1,79,6,,,,,,,
5,669,,,,13,2,,2025-10-13,70,4952,,,,,,,,Bizon,,141,7,77,8,,,,,,,
12,133,,,,4,7,,2025-10-13,35,3138,,,,,,,,Bizon,,78,1,94,3,,,,,,,
3,0,,,,0,0,,2025-10-13,100,7074,,,,,,,,Bizon,,238,0,178,0,,,,,,,
36,766,,,,11,0,,2025-10-13,79,5206,,,,,,,,Bizon,,240,12,120,4,,,,,,,
46,170,,,,5,0,,2025-10-13,30,2318,,,,,,,,Bizon,,109,3,123,4,,,,,,,
35,266,,,,10,0,,2025-10-13,30,1495,,,,,,,,Bizon,,55,6,33,6,,,,,,,
28,0,,,,0,0,,2025-10-13,45,2563,,,,,,,,Bizon,,22,0,113,0,,,,,,,
27,0,,,,0,0,,2025-10-13,25,2686,,,,,,,,Bizon,,191,0,78,0,,,,,,,
49,300,,,,8,0,,2025-10-13,30,1255,,,,,,,,Bizon,,32,2,7,6,,,,,,,
53,748,,,,32,3,,2025-10-13,75,2764,,,,,,,,Bizon,,76,12,28,24,,,,,,,
24,23,,,,1,0,,2025-10-13,25,3135,,,,,,,,Bizon,,30,1,127,0,,,,,,,
55,0,,,,0,0,,2025-10-13,85,0,,,,,,,,Bizon,,0,0,0,0,,,,,,,
2,0,,,,0,0,,2025-10-14,75,7395,,,,,,,,Bizon,,430,0,195,0,,,,,,,
11,1,,,,2,0,,2025-10-14,100,11614,,,,,,,,Bizon,,535,2,455,0,,,,,,,
25,680,,,,14,1,,2025-10-14,72,12244,,,,,,,,Bizon,,150,12,457,3,,,,,,,
41,146,,,,9,7,,2025-10-14,36,2774,,,,,,,,Bizon,,119,2,81,7,,,,,,,
5,684,,,,18,2,,2025-10-14,70,4952,,,,,,,,Bizon,,149,13,90,8,,,,,,,
12,342,,,,4,5,,2025-10-14,50,3967,,,,,,,,Bizon,,80,2,96,2,,,,,,,
3,0,,,,0,0,,2025-10-14,100,7075,,,,,,,,Bizon,,238,0,178,0,,,,,,,
36,766,,,,13,0,,2025-10-14,79,5206,,,,,,,,Bizon,,246,8,128,6,,,,,,,
46,0,,,,0,0,,2025-10-14,30,2318,,,,,,,,Bizon,,109,0,123,0,,,,,,,
35,268,,,,6,1,,2025-10-14,30,1495,,,,,,,,Bizon,,58,3,36,3,,,,,,,
28,0,,,,1,0,,2025-10-14,45,2796,,,,,,,,Bizon,,22,1,114,0,,,,,,,
49,300,,,,1,0,,2025-10-14,30,1255,,,,,,,,Bizon,,33,0,7,1,,,,,,,
53,749,,,,34,4,,2025-10-14,75,2764,,,,,,,,Bizon,,102,13,41,26,,,,,,,
24,0,,,,0,0,,2025-10-14,25,3135,,,,,,,,Bizon,,30,0,127,0,,,,,,,
55,0,,,,0,0,,2025-10-14,85,0,,,,,,,,Bizon,,0,0,0,0,,,,,,,
54,424,,,,24,8,,2025-10-14,45,425,,,,,,,,Bizon,,18,6,6,18,,,,,,,
2,0,,,,1,0,,2025-10-15,75,7395,,,,,,,,Bizon,,430,1,196,0,,,,,,,
11,0,,,,0,0,,2025-10-15,100,11614,,,,,,,,Bizon,,535,0,455,0,,,,,,,
25,661,,,,9,0,,2025-10-15,72,12244,,,,,,,,Bizon,,154,5,462,4,,,,,,,
41,43,,,,5,1,,2025-10-15,36,2774,,,,,,,,Bizon,,124,2,83,5,,,,,,,
5,684,,,,30,5,,2025-10-15,70,4952,,,,,,,,Bizon,,173,11,101,24,,,,,,,
12,345,,,,3,0,,2025-10-15,50,3967,,,,,,,,Bizon,,84,-1,95,4,,,,,,,
3,121,,,,4,1,,2025-10-15,94,8416,,,,,,,,Bizon,,240,16,194,2,,,,,,,
36,769,,,,9,0,,2025-10-15,79,5206,,,,,,,,Bizon,,249,8,136,3,,,,,,,
46,232,,,,3,0,,2025-10-15,30,2318,,,,,,,,Bizon,,110,4,127,1,,,,,,,
35,269,,,,12,0,,2025-10-15,30,1495,,,,,,,,Bizon,,61,9,45,3,,,,,,,
28,314,,,,13,2,,2025-10-15,45,2796,,,,,,,,Bizon,,30,7,121,8,,,,,,,
49,300,,,,1,0,,2025-10-15,30,2677,,,,,,,,Bizon,,33,1,8,0,,,,,,,
53,746,,,,36,0,,2025-10-15,75,2764,,,,,,,,Bizon,,121,20,61,19,,,,,,,
54,246,,,,23,2,,2025-10-15,45,688,,,,,,,,Bizon,,29,11,17,11,,,,,,,
24,0,,,,0,0,,2025-10-15,25,3135,,,,,,,,Bizon,,30,0,127,0,,,,,,,
2,0,,,,0,0,,2025-10-16,75,7395,,,,,,,,Bizon,,430,0,196,0,,,,,,,
11,0,,,,0,0,,2025-10-16,100,11614,,,,,,,,Bizon,,535,0,455,0,,,,,,,
25,666,,,,19,1,,2025-10-16,72,12244,,,,,,,,Bizon,,158,16,478,4,,,,,,,
41,0,,,,1,0,,2025-10-16,36,2774,,,,,,,,Bizon,,125,0,83,1,,,,,,,
5,135,,,,5,0,,2025-10-16,70,4952,,,,,,,,Bizon,,176,2,103,3,,,,,,,
12,349,,,,4,0,,2025-10-16,50,3967,,,,,,,,Bizon,,85,3,98,1,,,,,,,
3,248,,,,4,3,,2025-10-16,94,8416,,,,,,,,Bizon,,246,-1,193,6,,,,,,,
36,743,,,,6,1,,2025-10-16,79,5206,,,,,,,,Bizon,,255,2,138,6,,,,,,,
46,0,,,,1,0,,2025-10-16,30,2318,,,,,,,,Bizon,,110,1,128,0,,,,,,,
35,268,,,,10,1,,2025-10-16,30,1495,,,,,,,,Bizon,,62,10,55,1,,,,,,,
28,309,,,,23,0,,2025-10-16,45,2796,,,,,,,,Bizon,,35,18,139,5,,,,,,,
49,300,,,,4,1,,2025-10-16,30,2677,,,,,,,,Bizon,,38,2,10,5,,,,,,,
53,430,,,,32,4,,2025-10-16,75,2764,,,,,,,,Bizon,,141,12,73,20,,,,,,,
54,450,,,,16,4,,2025-10-16,45,1283,,,,,,,,Bizon,,47,-1,16,18,,,,,,,
24,0,,,,0,0,,2025-10-16,25,3135,,,,,,,,Bizon,,30,0,127,0,,,,,,,
2,0,,,,0,0,,2025-10-17,75,7395,,,,,,,,Bizon,,430,0,196,0,,,,,,,
11,0,,,,0,0,,2025-10-17,100,11614,,,,,,,,Bizon,,535,0,455,0,,,,,,,
25,532,,,,5,1,,2025-10-17,72,12244,,,,,,,,Bizon,,160,4,482,2,,,,,,,
41,0,,,,1,0,,2025-10-17,36,2774,,,,,,,,Bizon,,125,2,85,0,,,,,,,
5,47,,,,1,0,,2025-10-17,70,4952,,,,,,,,Bizon,,177,0,103,1,,,,,,,
12,330,,,,9,0,,2025-10-17,50,3967,,,,,,,,Bizon,,88,6,104,3,,,,,,,
3,367,,,,7,2,,2025-10-17,94,8416,,,,,,,,Bizon,,250,3,196,4,,,,,,,
36,119,,,,5,1,,2025-10-17,79,5206,,,,,,,,Bizon,,259,3,141,4,,,,,,,
46,0,,,,0,0,,2025-10-17,30,2318,,,,,,,,Bizon,,110,0,128,0,,,,,,,
35,251,,,,7,0,,2025-10-17,30,1495,,,,,,,,Bizon,,63,6,61,1,,,,,,,
28,313,,,,9,1,,2025-10-17,45,2796,,,,,,,,Bizon,,37,8,147,2,,,,,,,
49,288,,,,7,1,,2025-10-17,30,2677,,,,,,,,Bizon,,44,2,12,6,,,,,,,
53,0,,,,0,0,,2025-10-17,75,2764,,,,,,,,Bizon,,143,-2,71,2,,,,,,,
54,162,,,,4,4,,2025-10-17,45,1283,,,,,,,,Bizon,,51,0,16,4,,,,,,,
24,0,,,,0,0,,2025-10-17,25,3135,,,,,,,,Bizon,,30,0,127,0,,,,,,,
2,0,,,,0,0,,2025-10-18,75,7395,,,,,,,,Bizon,,430,0,196,0,,,,,,,
11,0,,,,0,0,,2025-10-18,100,11614,,,,,,,,Bizon,,535,0,455,0,,,,,,,
25,0,,,,1,0,,2025-10-18,72,12244,,,,,,,,Bizon,,160,1,483,0,,,,,,,
41,0,,,,0,0,,2025-10-18,36,2774,,,,,,,,Bizon,,125,0,85,0,,,,,,,
5,0,,,,0,0,,2025-10-18,70,4952,,,,,,,,Bizon,,177,0,103,0,,,,,,,
12,0,,,,0,0,,2025-10-18,50,3967,,,,,,,,Bizon,,88,0,104,0,,,,,,,
3,0,,,,0,0,,2025-10-18,94,8416,,,,,,,,Bizon,,250,0,196,0,,,,,,,
36,0,,,,0,0,,2025-10-18,79,5206,,,,,,,,Bizon,,259,0,141,0,,,,,,,
46,0,,,,0,0,,2025-10-18,30,2318,,,,,,,,Bizon,,110,0,128,0,,,,,,,
35,0,,,,0,0,,2025-10-18,30,1495,,,,,,,,Bizon,,63,0,61,0,,,,,,,
28,0,,,,1,0,,2025-10-18,45,2796,,,,,,,,Bizon,,37,1,148,0,,,,,,,
49,0,,,,0,0,,2025-10-18,30,2677,,,,,,,,Bizon,,44,0,12,0,,,,,,,
53,0,,,,0,0,,2025-10-18,75,2764,,,,,,,,Bizon,,143,0,71,0,,,,,,,
54,0,,,,0,0,,2025-10-18,45,1283,,,,,,,,Bizon,,51,0,16,0,,,,,,,
24,0,,,,0,0,,2025-10-18,25,3135,,,,,,,,Bizon,,30,0,127,0,,,,,,,
2,0,,,,0,0,,2025-10-19,75,7395,,,,,,,,Bizon,,430,0,196,0,,,,,,,
11,0,,,,0,0,,2025-10-19,100,11614,,,,,,,,Bizon,,535,0,455,0,,,,,,,
25,0,,,,1,0,,2025-10-19,72,12244,,,,,,,,Bizon,,160,1,484,0,,,,,,,
41,0,,,,0,0,,2025-10-19,36,2774,,,,,,,,Bizon,,125,0,85,0,,,,,,,
5,0,,,,0,0,,2025-10-19,70,4952,,,,,,,,Bizon,,177,0,103,0,,,,,,,
12,0,,,,0,0,,2025-10-19,80,3967,,,,,,,,Bizon,,88,0,104,0,,,,,,,
3,0,,,,0,0,,2025-10-19,94,8416,,,,,,,,Bizon,,250,0,196,0,,,,,,,
36,0,,,,0,0,,2025-10-19,79,5206,,,,,,,,Bizon,,259,0,141,0,,,,,,,
46,0,,,,0,0,,2025-10-19,30,2318,,,,,,,,Bizon,,110,0,128,0,,,,,,,
35,0,,,,1,0,,2025-10-19,30,1495,,,,,,,,Bizon,,63,1,62,0,,,,,,,
28,0,,,,1,0,,2025-10-19,45,2796,,,,,,,,Bizon,,37,1,149,0,,,,,,,
49,0,,,,0,0,,2025-10-19,30,2677,,,,,,,,Bizon,,44,-1,11,0,,,,,,,
53,0,,,,0,0,,2025-10-19,75,2764,,,,,,,,Bizon,,143,0,71,0,,,,,,,
54,0,,,,0,0,,2025-10-19,45,1283,,,,,,,,Bizon,,51,0,16,0,,,,,,,
24,0,,,,0,0,,2025-10-19,25,3135,,,,,,,,Bizon,,30,0,127,0,,,,,,,
2,0,,,,0,0,,2025-10-20,75,7395,,,,,,,,Bizon,,430,0,196,0,,,,,,,
11,0,,,,0,0,,2025-10-20,100,11614,,,,,,,,Bizon,,535,0,455,0,,,,,,,
25,674,,,,7,0,,2025-10-20,72,12244,,,,,,,,Bizon,,162,6,490,2,,,,,,,
41,19,,,,0,0,,2025-10-20,36,2774,,,,,,,,Bizon,,125,0,85,0,,,,,,,
5,136,,,,6,0,,2025-10-20,70,4952,,,,,,,,Bizon,,179,5,108,2,,,,,,,
12,348,,,,3,0,,2025-10-20,80,3967,,,,,,,,Bizon,,88,3,107,0,,,,,,,
3,363,,,,4,2,,2025-10-20,94,8416,,,,,,,,Bizon,,256,-1,195,6,,,,,,,
36,196,,,,1,0,,2025-10-20,109,5206,,,,,,,,Bizon,,260,0,141,1,,,,,,,
46,0,,,,0,0,,2025-10-20,30,2318,,,,,,,,Bizon,,110,0,128,0,,,,,,,
35,261,,,,10,1,,2025-10-20,30,1495,,,,,,,,Bizon,,66,9,71,3,,,,,,,
28,312,,,,15,1,,2025-10-20,45,2796,,,,,,,,Bizon,,39,13,162,2,,,,,,,
49,300,,,,4,0,,2025-10-20,30,2677,,,,,,,,Bizon,,47,1,12,3,,,,,,,
53,307,,,,5,0,,2025-10-20,75,2764,,,,,,,,Bizon,,147,2,73,4,,,,,,,
54,441,,,,9,0,,2025-10-20,45,1283,,,,,,,,Bizon,,58,2,18,7,,,,,,,
24,0,,,,0,0,,2025-10-20,25,3135,,,,,,,,Bizon,,30,0,127,0,,,,,,,
2,0,,,,0,0,,2025-10-21,75,7395,,,,,,,,Bizon,,430,0,196,0,,,,,,,
11,0,,,,0,0,,2025-10-21,100,11614,,,,,,,,Bizon,,535,0,455,0,,,,,,,
25,647,,,,6,0,,2025-10-21,72,13341,,,,,,,,Bizon,,163,5,495,1,,,,,,,
41,0,,,,0,0,,2025-10-21,36,2774,,,,,,,,Bizon,,125,0,85,0,,,,,,,
5,137,,,,3,0,,2025-10-21,70,4952,,,,,,,,Bizon,,180,3,111,1,,,,,,,
12,339,,,,4,1,,2025-10-21,80,3967,,,,,,,,Bizon,,91,1,108,3,,,,,,,
3,368,,,,5,1,,2025-10-21,94,8416,,,,,,,,Bizon,,261,0,195,5,,,,,,,
36,48,,,,4,1,,2025-10-21,109,5206,,,,,,,,Bizon,,261,3,144,1,,,,,,,
46,0,,,,0,0,,2025-10-21,30,2318,,,,,,,,Bizon,,110,0,128,0,,,,,,,
35,235,,,,7,0,,2025-10-21,30,1495,,,,,,,,Bizon,,66,7,78,0,,,,,,,
28,70,,,,5,0,,2025-10-21,45,2796,,,,,,,,Bizon,,39,6,168,0,,,,,,,
49,300,,,,5,2,,2025-10-21,30,2677,,,,,,,,Bizon,,52,0,12,5,,,,,,,
53,462,,,,9,0,,2025-10-21,75,2764,,,,,,,,Bizon,,149,7,80,2,,,,,,,
54,442,,,,6,0,,2025-10-21,45,1283,,,,,,,,Bizon,,62,2,20,4,,,,,,,
24,0,,,,0,0,,2025-10-21,25,3135,,,,,,,,Bizon,,30,0,127,0,,,,,,,
2,0,,,,1,0,,2025-10-22,75,7395,,,,,,,,Bizon,,430,1,197,0,,,,,,,
11,0,,,,0,0,,2025-10-22,100,11614,,,,,,,,Bizon,,535,0,455,0,,,,,,,
25,649,,,,6,0,,2025-10-22,72,13341,,,,,,,,Bizon,,163,7,502,0,,,,,,,
41,0,,,,0,0,,2025-10-22,36,2774,,,,,,,,Bizon,,125,0,85,0,,,,,,,
5,137,,,,7,0,,2025-10-22,70,4952,,,,,,,,Bizon,,181,6,117,1,,,,,,,
12,32,,,,2,0,,2025-10-22,80,3967,,,,,,,,Bizon,,91,2,110,0,,,,,,,
3,577,,,,7,2,,2025-10-22,94,8416,,,,,,,,Bizon,,266,2,197,5,,,,,,,
36,78,,,,3,1,,2025-10-22,109,5206,,,,,,,,Bizon,,264,0,144,3,,,,,,,
46,0,,,,0,0,,2025-10-22,30,2318,,,,,,,,Bizon,,110,0,128,0,,,,,,,
35,94,,,,4,0,,2025-10-22,30,1495,,,,,,,,Bizon,,66,4,82,0,,,,,,,
28,70,,,,7,0,,2025-10-22,45,2796,,,,,,,,Bizon,,40,6,174,1,,,,,,,
49,300,,,,1,2,,2025-10-22,30,2677,,,,,,,,Bizon,,53,0,12,1,,,,,,,
53,157,,,,5,0,,2025-10-22,75,2764,,,,,,,,Bizon,,149,5,85,0,,,,,,,
54,448,,,,5,1,,2025-10-22,45,1283,,,,,,,,Bizon,,64,3,23,2,,,,,,,
24,0,,,,0,0,,2025-10-22,25,3135,,,,,,,,Bizon,,30,0,127,0,,,,,,,
2,0,,,,0,0,,2025-10-23,75,7395,,,,,,,,Bizon,,430,0,197,0,,,,,,,
11,0,,,,0,0,,2025-10-23,100,11614,,,,,,,,Bizon,,535,0,455,0,,,,,,,
25,850,,,,6,2,,2025-10-23,93,13341,,,,,,,,Bizon,,163,8,510,0,,,,,,,
41,0,,,,0,0,,2025-10-23,15,2774,,,,,,,,Bizon,,125,0,85,0,,,,,,,
5,134,,,,2,0,,2025-10-23,70,4952,,,,,,,,Bizon,,181,2,119,0,,,,,,,
12,1,,,,1,0,,2025-10-23,80,3967,,,,,,,,Bizon,,91,2,112,0,,,,,,,
3,6,,,,1,0,,2025-10-23,94,8416,,,,,,,,Bizon,,267,0,197,1,,,,,,,
36,0,,,,1,0,,2025-10-23,109,5206,,,,,,,,Bizon,,264,2,146,0,,,,,,,
46,0,,,,0,0,,2025-10-23,30,2318,,,,,,,,Bizon,,110,0,128,0,,,,,,,
35,0,,,,1,0,,2025-10-23,30,1495,,,,,,,,Bizon,,66,1,83,0,,,,,,,
28,70,,,,2,0,,2025-10-23,45,2796,,,,,,,,Bizon,,40,2,176,0,,,,,,,
49,300,,,,7,1,,2025-10-23,30,2677,,,,,,,,Bizon,,56,4,16,3,,,,,,,
53,501,,,,15,0,,2025-10-23,75,4820,,,,,,,,Bizon,,160,6,91,11,,,,,,,
54,292,,,,3,0,,2025-10-23,45,1283,,,,,,,,Bizon,,64,3,26,0,,,,,,,
24,0,,,,0,0,,2025-10-23,25,3135,,,,,,,,Bizon,,30,0,127,0,,,,,,,
2,0,,,,0,0,,2025-10-24,66,7395,,,,,,,,Bizon,,430,0,197,0,,,,,,,
11,0,,,,0,0,,2025-10-24,100,11614,,,,,,,,Bizon,,535,0,455,0,,,,,,,
25,772,,,,15,3,,2025-10-24,93,13341,,,,,,,,Bizon,,166,13,523,3,,,,,,,
41,0,,,,0,0,,2025-10-24,15,2774,,,,,,,,Bizon,,125,0,85,0,,,,,,,
5,134,,,,6,0,,2025-10-24,70,4952,,,,,,,,Bizon,,183,4,123,2,,,,,,,
12,0,,,,0,0,,2025-10-24,80,3967,,,,,,,,Bizon,,91,0,112,0,,,,,,,
3,0,,,,0,0,,2025-10-24,94,8416,,,,,,,,Bizon,,267,0,197,0,,,,,,,
36,0,,,,0,0,,2025-10-24,109,5206,,,,,,,,Bizon,,264,0,146,0,,,,,,,
46,0,,,,0,0,,2025-10-24,30,2318,,,,,,,,Bizon,,110,0,128,0,,,,,,,
35,0,,,,0,0,,2025-10-24,30,1495,,,,,,,,Bizon,,66,0,83,0,,,,,,,
28,69,,,,4,0,,2025-10-24,45,2796,,,,,,,,Bizon,,41,3,179,1,,,,,,,
49,300,,,,3,1,,2025-10-24,30,2677,,,,,,,,Bizon,,59,0,16,3,,,,,,,
53,647,,,,21,3,,2025-10-24,75,4820,,,,,,,,Bizon,,172,10,101,12,,,,,,,
54,144,,,,1,0,,2025-10-24,45,1283,,,,,,,,Bizon,,64,1,27,0,,,,,,,
24,0,,,,0,0,,2025-10-24,25,3135,,,,,,,,Bizon,,30,0,127,0,,,,,,,
2,0,,,,0,0,,2025-10-25,66,7395,,,,,,,,Bizon,,430,0,197,0,,,,,,,
11,0,,,,0,0,,2025-10-25,100,11614,,,,,,,,Bizon,,535,0,455,0,,,,,,,
25,0,,,,0,0,,2025-10-25,93,13341,,,,,,,,Bizon,,166,0,523,0,,,,,,,
41,0,,,,0,0,,2025-10-25,15,2774,,,,,,,,Bizon,,125,0,85,0,,,,,,,
5,0,,,,0,0,,2025-10-25,70,4952,,,,,,,,Bizon,,183,0,123,0,,,,,,,
12,0,,,,0,0,,2025-10-25,80,3967,,,,,,,,Bizon,,91,0,112,0,,,,,,,
3,0,,,,0,0,,2025-10-25,94,8416,,,,,,,,Bizon,,267,0,197,0,,,,,,,
36,0,,,,0,0,,2025-10-25,109,5206,,,,,,,,Bizon,,264,0,146,0,,,,,,,
46,0,,,,0,0,,2025-10-25,30,2318,,,,,,,,Bizon,,110,0,128,0,,,,,,,
35,0,,,,0,0,,2025-10-25,30,1495,,,,,,,,Bizon,,66,0,83,0,,,,,,,
28,0,,,,0,0,,2025-10-25,45,2796,,,,,,,,Bizon,,41,0,179,0,,,,,,,
49,0,,,,0,0,,2025-10-25,30,2677,,,,,,,,Bizon,,59,0,16,0,,,,,,,
53,0,,,,0,0,,2025-10-25,75,4820,,,,,,,,Bizon,,172,0,101,0,,,,,,,
54,0,,,,0,0,,2025-10-25,45,1283,,,,,,,,Bizon,,64,0,27,0,,,,,,,
24,0,,,,0,0,,2025-10-25,25,3135,,,,,,,,Bizon,,30,0,127,0,,,,,,,
2,0,,,,0,0,,2025-10-26,66,7395,,,,,,,,Bizon,,430,0,197,0,,,,,,,
11,0,,,,0,0,,2025-10-26,100,11614,,,,,,,,Bizon,,535,0,455,0,,,,,,,
25,0,,,,2,0,,2025-10-26,93,13341,,,,,,,,Bizon,,166,2,525,0,,,,,,,
41,0,,,,0,0,,2025-10-26,15,2774,,,,,,,,Bizon,,125,0,85,0,,,,,,,
5,0,,,,0,0,,2025-10-26,70,4952,,,,,,,,Bizon,,183,0,123,0,,,,,,,
12,0,,,,0,0,,2025-10-26,80,3967,,,,,,,,Bizon,,91,0,112,0,,,,,,,
3,0,,,,0,0,,2025-10-26,94,8416,,,,,,,,Bizon,,267,0,197,0,,,,,,,
36,0,,,,0,0,,2025-10-26,109,5206,,,,,,,,Bizon,,264,0,146,0,,,,,,,
46,0,,,,0,0,,2025-10-26,30,2318,,,,,,,,Bizon,,110,0,128,0,,,,,,,
35,0,,,,0,0,,2025-10-26,30,1495,,,,,,,,Bizon,,66,0,83,0,,,,,,,
28,0,,,,0,0,,2025-10-26,45,2796,,,,,,,,Bizon,,41,0,179,0,,,,,,,
49,0,,,,0,0,,2025-10-26,30,2677,,,,,,,,Bizon,,59,0,16,0,,,,,,,
53,0,,,,0,0,,2025-10-26,75,4820,,,,,,,,Bizon,,172,0,101,0,,,,,,,
54,0,,,,0,0,,2025-10-26,45,1283,,,,,,,,Bizon,,64,0,27,0,,,,,,,
24,0,,,,0,0,,2025-10-26,25,3135,,,,,,,,Bizon,,30,0,127,0,,,,,,,
2,0,,,,0,0,,2025-10-27,66,7395,,,,,,,,Bizon,,430,0,197,0,,,,,,,
11,0,,,,0,0,,2025-10-27,100,11614,,,,,,,,Bizon,,535,0,455,0,,,,,,,
25,757,,,,15,2,,2025-10-27,93,13341,,,,,,,,Bizon,,172,15,540,6,,,,,,,
41,0,,,,0,0,,2025-10-27,15,2774,,,,,,,,Bizon,,125,0,85,0,,,,,,,
5,135,,,,6,0,,2025-10-27,70,4952,,,,,,,,Bizon,,185,4,127,2,,,,,,,
12,336,,,,4,3,,2025-10-27,80,5234,,,,,,,,Bizon,,93,2,114,2,,,,,,,
3,572,,,,8,0,,2025-10-27,94,8416,,,,,,,,Bizon,,273,2,199,6,,,,,,,
36,770,,,,13,2,,2025-10-27,109,5206,,,,,,,,Bizon,,272,7,153,8,,,,,,,
46,0,,,,0,0,,2025-10-27,30,2318,,,,,,,,Bizon,,110,0,128,0,,,,,,,
35,71,,,,1,0,,2025-10-27,30,1495,,,,,,,,Bizon,,66,1,84,0,,,,,,,
28,68,,,,3,0,,2025-10-27,45,2796,,,,,,,,Bizon,,41,3,182,0,,,,,,,
49,300,,,,5,0,,2025-10-27,30,2677,,,,,,,,Bizon,,63,1,17,4,,,,,,,
53,620,,,,11,0,,2025-10-27,75,4820,,,,,,,,Bizon,,186,0,101,14,,,,,,,
54,252,,,,7,1,,2025-10-27,45,1421,,,,,,,,Bizon,,66,5,32,2,,,,,,,
24,0,,,,0,0,,2025-10-27,25,3135,,,,,,,,Bizon,,30,0,127,0,,,,,,,
55,537,,,,37,10,,2025-10-27,85,1862,,,,,,,,Bizon,,24,16,16,24,,,,,,,
2,0,,,,0,0,,2025-10-28,66,9245,,,,,,,,Bizon,,430,0,197,0,,,,,,,
11,0,,,,0,0,,2025-10-28,100,11614,,,,,,,,Bizon,,535,0,455,0,,,,,,,
25,886,,,,19,0,,2025-10-28,93,13341,,,,,,,,Bizon,,173,20,560,1,,,,,,,
41,0,,,,0,0,,2025-10-28,15,2774,,,,,,,,Bizon,,125,0,85,0,,,,,,,
5,137,,,,5,0,,2025-10-28,70,4952,,,,,,,,Bizon,,189,3,130,4,,,,,,,
12,462,,,,10,3,,2025-10-28,80,5234,,,,,,,,Bizon,,100,3,117,7,,,,,,,
3,16,,,,0,0,,2025-10-28,94,8416,,,,,,,,Bizon,,274,-1,198,1,,,,,,,
36,195,,,,3,0,,2025-10-28,109,5206,,,,,,,,Bizon,,276,1,154,4,,,,,,,
46,0,,,,0,0,,2025-10-28,30,2318,,,,,,,,Bizon,,110,0,128,0,,,,,,,
35,0,,,,1,0,,2025-10-28,30,1495,,,,,,,,Bizon,,66,2,86,0,,,,,,,
28,69,,,,3,0,,2025-10-28,45,2796,,,,,,,,Bizon,,42,2,184,1,,,,,,,
49,300,,,,2,0,,2025-10-28,30,2677,,,,,,,,Bizon,,64,2,19,1,,,,,,,
53,749,,,,19,3,,2025-10-28,75,4820,,,,,,,,Bizon,,199,6,107,13,,,,,,,
54,3,,,,0,0,,2025-10-28,45,1421,,,,,,,,Bizon,,69,-3,29,3,,,,,,,
55,820,,,,59,10,,2025-10-28,85,1862,,,,,,,,Bizon,,65,25,41,41,,,,,,,
2,318,,,,5,4,,2025-10-29,66,9304,,,,,,,,Bizon,,430,5,202,0,,,,,,,
11,0,,,,0,0,,2025-10-29,100,11614,,,,,,,,Bizon,,535,0,455,0,,,,,,,
25,874,,,,12,1,,2025-10-29,93,13341,,,,,,,,Bizon,,173,13,573,0,,,,,,,
41,0,,,,0,0,,2025-10-29,15,2774,,,,,,,,Bizon,,125,0,85,0,,,,,,,
5,136,,,,5,0,,2025-10-29,70,4952,,,,,,,,Bizon,,191,3,133,2,,,,,,,
12,419,,,,11,5,,2025-10-29,80,5236,,,,,,,,Bizon,,109,4,121,9,,,,,,,
3,434,,,,18,8,,2025-10-29,94,11063,,,,,,,,Bizon,,280,14,212,6,,,,,,,
36,0,,,,1,0,,2025-10-29,109,5206,,,,,,,,Bizon,,276,2,156,0,,,,,,,
46,0,,,,0,0,,2025-10-29,30,2318,,,,,,,,Bizon,,110,0,128,0,,,,,,,
35,0,,,,0,0,,2025-10-29,30,1495,,,,,,,,Bizon,,66,0,86,0,,,,,,,
28,68,,,,2,0,,2025-10-29,45,2796,,,,,,,,Bizon,,42,2,186,0,,,,,,,
49,297,,,,1,0,,2025-10-29,30,2677,,,,,,,,Bizon,,65,0,19,1,,,,,,,
53,749,,,,8,3,,2025-10-29,75,4820,,,,,,,,Bizon,,205,3,110,6,,,,,,,
54,450,,,,5,3,,2025-10-29,45,3089,,,,,,,,Bizon,,72,3,32,3,,,,,,,
55,771,,,,60,11,,2025-10-29,85,1862,,,,,,,,Bizon,,117,11,52,52,,,,,,,
2,326,,,,7,4,,2025-10-30,66,9304,,,,,,,,Bizon,,437,1,203,7,,,,,,,
11,0,,,,0,0,,2025-10-30,100,11614,,,,,,,,Bizon,,535,0,455,0,,,,,,,
25,734,,,,12,0,,2025-10-30,93,13341,,,,,,,,Bizon,,176,11,584,3,,,,,,,
41,0,,,,0,0,,2025-10-30,15,2774,,,,,,,,Bizon,,125,0,85,0,,,,,,,
5,139,,,,2,0,,2025-10-30,70,4952,,,,,,,,Bizon,,192,1,134,1,,,,,,,
12,21,,,,1,0,,2025-10-30,80,5236,,,,,,,,Bizon,,110,1,122,1,,,,,,,
3,440,,,,15,13,,2025-10-30,94,11063,,,,,,,,Bizon,,298,-2,210,18,,,,,,,
36,0,,,,0,0,,2025-10-30,109,5206,,,,,,,,Bizon,,276,0,156,0,,,,,,,
46,0,,,,0,0,,2025-10-30,30,2318,,,,,,,,Bizon,,110,0,128,0,,,,,,,
35,0,,,,1,0,,2025-10-30,30,1495,,,,,,,,Bizon,,67,2,88,1,,,,,,,
28,69,,,,3,0,,2025-10-30,45,2796,,,,,,,,Bizon,,42,5,191,0,,,,,,,
49,299,,,,0,0,,2025-10-30,30,2677,,,,,,,,Bizon,,65,0,19,0,,,,,,,
53,191,,,,7,0,,2025-10-30,75,4820,,,,,,,,Bizon,,208,4,114,3,,,,,,,
54,449,,,,18,0,,2025-10-30,45,3089,,,,,,,,Bizon,,85,8,40,13,,,,,,,
55,52,,,,10,0,,2025-10-30,85,1862,,,,,,,,Bizon,,132,-4,48,15,,,,,,,
2,456,,,,14,5,,2025-10-31,66,9304,,,,,,,,Bizon,,449,3,206,12,,,,,,,
11,0,,,,0,0,,2025-10-31,100,11615,,,,,,,,Bizon,,535,0,455,0,,,,,,,
25,687,,,,9,0,,2025-10-31,93,13341,,,,,,,,Bizon,,176,12,596,0,,,,,,,
41,0,,,,0,0,,2025-10-31,15,2774,,,,,,,,Bizon,,125,0,85,0,,,,,,,
5,135,,,,8,0,,2025-10-31,70,4952,,,,,,,,Bizon,,199,2,136,7,,,,,,,
12,0,,,,0,0,,2025-10-31,80,5236,,,,,,,,Bizon,,110,0,122,0,,,,,,,
3,438,,,,22,14,,2025-10-31,94,11063,,,,,,,,Bizon,,322,0,210,24,,,,,,,
36,46,,,,0,0,,2025-10-31,109,5206,,,,,,,,Bizon,,276,0,156,0,,,,,,,
46,0,,,,0,0,,2025-10-31,30,2318,,,,,,,,Bizon,,110,0,128,0,,,,,,,
35,0,,,,0,0,,2025-10-31,30,1495,,,,,,,,Bizon,,67,0,88,0,,,,,,,
28,69,,,,4,0,,2025-10-31,45,2796,,,,,,,,Bizon,,42,5,196,0,,,,,,,
49,299,,,,1,0,,2025-10-31,30,2677,,,,,,,,Bizon,,67,0,19,2,,,,,,,
53,0,,,,1,0,,2025-10-31,75,4820,,,,,,,,Bizon,,208,2,116,0,,,,,,,
54,447,,,,4,0,,2025-10-31,45,3089,,,,,,,,Bizon,,92,-1,39,7,,,,,,,
55,122,,,,9,1,,2025-10-31,85,1862,,,,,,,,Bizon,,135,8,56,3,,,,,,,
2,0,,,,0,0,,2025-11-01,66,9304,,,,,,,,Bizon,,449,0,206,0,,,,,,,
11,0,,,,0,0,,2025-11-01,100,11615,,,,,,,,Bizon,,535,0,455,0,,,,,,,
25,0,,,,1,0,,2025-11-01,93,13341,,,,,,,,Bizon,,176,1,597,0,,,,,,,
41,0,,,,0,0,,2025-11-01,15,2774,,,,,,,,Bizon,,125,0,85,0,,,,,,,
5,0,,,,0,0,,2025-11-01,70,4952,,,,,,,,Bizon,,199,0,136,0,,,,,,,
12,0,,,,0,0,,2025-11-01,80,5236,,,,,,,,Bizon,,110,0,122,0,,,,,,,
3,0,,,,0,0,,2025-11-01,94,11063,,,,,,,,Bizon,,322,0,210,0,,,,,,,
36,0,,,,0,0,,2025-11-01,109,5206,,,,,,,,Bizon,,276,0,156,0,,,,,,,
46,0,,,,0,0,,2025-11-01,30,2318,,,,,,,,Bizon,,110,0,128,0,,,,,,,
35,0,,,,0,0,,2025-11-01,30,1495,,,,,,,,Bizon,,67,0,88,0,,,,,,,
28,0,,,,0,0,,2025-11-01,45,2796,,,,,,,,Bizon,,42,0,196,0,,,,,,,
49,0,,,,0,0,,2025-11-01,30,2677,,,,,,,,Bizon,,67,0,19,0,,,,,,,
53,0,,,,0,0,,2025-11-01,75,4820,,,,,,,,Bizon,,208,0,116,0,,,,,,,
54,0,,,,0,0,,2025-11-01,45,3089,,,,,,,,Bizon,,92,0,39,0,,,,,,,
55,0,,,,0,0,,2025-11-01,85,1862,,,,,,,,Bizon,,135,0,56,0,,,,,,,
2,0,,,,0,0,,2025-11-02,66,9304,,,,,,,,Bizon,,449,0,206,0,,,,,,,
11,0,,,,0,0,,2025-11-02,100,11615,,,,,,,,Bizon,,535,0,455,0,,,,,,,
25,0,,,,2,0,,2025-11-02,93,13341,,,,,,,,Bizon,,176,2,599,0,,,,,,,
41,0,,,,0,0,,2025-11-02,15,2774,,,,,,,,Bizon,,125,0,85,0,,,,,,,
5,0,,,,0,0,,2025-11-02,70,4952,,,,,,,,Bizon,,199,0,136,0,,,,,,,
12,0,,,,0,0,,2025-11-02,80,5236,,,,,,,,Bizon,,110,0,122,0,,,,,,,
3,0,,,,0,0,,2025-11-02,94,11063,,,,,,,,Bizon,,322,0,210,0,,,,,,,
36,0,,,,0,0,,2025-11-02,109,5206,,,,,,,,Bizon,,276,0,156,0,,,,,,,
46,0,,,,0,0,,2025-11-02,30,2318,,,,,,,,Bizon,,110,0,128,0,,,,,,,
35,0,,,,0,0,,2025-11-02,30,1495,,,,,,,,Bizon,,67,0,88,0,,,,,,,
28,0,,,,0,0,,2025-11-02,45,2796,,,,,,,,Bizon,,42,0,196,0,,,,,,,
49,0,,,,0,0,,2025-11-02,30,2677,,,,,,,,Bizon,,67,0,19,0,,,,,,,
53,0,,,,0,0,,2025-11-02,75,4820,,,,,,,,Bizon,,208,1,117,0,,,,,,,
54,0,,,,0,0,,2025-11-02,45,3089,,,,,,,,Bizon,,92,0,39,0,,,,,,,
55,0,,,,0,0,,2025-11-02,85,1862,,,,,,,,Bizon,,135,0,56,0,,,,,,,
2,205,,,,6,1,,2025-11-03,66,9304,,,,,,,,Bizon,,453,2,208,4,,,,,,,
11,737,,,,33,7,,2025-11-03,100,12779,,,,,,,,Bizon,,550,30,485,15,,,,,,,
25,299,,,,7,1,,2025-11-03,93,13341,,,,,,,,Bizon,,176,7,606,0,,,,,,,
41,0,,,,0,0,,2025-11-03,15,2774,,,,,,,,Bizon,,125,0,85,0,,,,,,,
5,137,,,,7,0,,2025-11-03,70,4952,,,,,,,,Bizon,,206,3,139,7,,,,,,,
12,495,,,,8,0,,2025-11-03,80,6128,,,,,,,,Bizon,,116,5,127,6,,,,,,,
3,466,,,,14,10,,2025-11-03,94,11063,,,,,,,,Bizon,,335,2,212,13,,,,,,,
36,74,,,,2,0,,2025-11-03,109,5207,,,,,,,,Bizon,,277,1,157,1,,,,,,,
46,0,,,,0,0,,2025-11-03,30,2318,,,,,,,,Bizon,,110,0,128,0,,,,,,,
35,17,,,,0,0,,2025-11-03,30,1495,,,,,,,,Bizon,,67,0,88,0,,,,,,,
28,70,,,,3,0,,2025-11-03,45,2796,,,,,,,,Bizon,,42,4,200,0,,,,,,,
49,300,,,,2,0,,2025-11-03,30,2677,,,,,,,,Bizon,,71,1,20,4,,,,,,,
53,749,,,,17,0,,2025-11-03,75,4820,,,,,,,,Bizon,,215,12,129,7,,,,,,,
54,450,,,,9,1,,2025-11-03,45,3089,,,,,,,,Bizon,,94,7,46,2,,,,,,,
55,742,,,,23,0,,2025-11-03,85,1862,,,,,,,,Bizon,,150,21,77,15,,,,,,,
2,448,,,,12,0,,2025-11-04,116,9304,,,,,,,,Bizon,,461,5,213,8,,,,,,,
11,731,,,,24,2,,2025-11-04,100,13577,,,,,,,,Bizon,,579,-1,484,29,,,,,,,
25,218,,,,3,0,,2025-11-04,93,13341,,,,,,,,Bizon,,176,6,612,0,,,,,,,
41,0,,,,0,0,,2025-11-04,15,2774,,,,,,,,Bizon,,125,0,85,0,,,,,,,
5,136,,,,6,0,,2025-11-04,70,4952,,,,,,,,Bizon,,213,2,141,7,,,,,,,
12,298,,,,7,3,,2025-11-04,80,6128,,,,,,,,Bizon,,118,7,134,2,,,,,,,
3,508,,,,9,2,,2025-11-04,94,11063,,,,,,,,Bizon,,343,3,215,8,,,,,,,
36,637,,,,21,6,,2025-11-04,109,6558,,,,,,,,Bizon,,288,14,171,11,,,,,,,
46,0,,,,0,0,,2025-11-04,30,2318,,,,,,,,Bizon,,110,0,128,0,,,,,,,
35,0,,,,0,0,,2025-11-04,30,1495,,,,,,,,Bizon,,67,0,88,0,,,,,,,
28,70,,,,2,0,,2025-11-04,45,2796,,,,,,,,Bizon,,42,2,202,0,,,,,,,
49,278,,,,4,0,,2025-11-04,30,2966,,,,,,,,Bizon,,75,1,21,4,,,,,,,
53,579,,,,10,1,,2025-11-04,75,4820,,,,,,,,Bizon,,217,10,139,2,,,,,,,
54,450,,,,2,2,,2025-11-04,45,3089,,,,,,,,Bizon,,96,2,48,2,,,,,,,
55,324,,,,12,1,,2025-11-04,85,1862,,,,,,,,Bizon,,158,12,89,8,,,,,,,
60,352,,,,17,11,,2025-11-04,35,1728,,,,,,,,Bizon,,9,9,9,9,,,,,,,
2,446,,,,11,2,,2025-11-05,116,9304,,,,,,,,Bizon,,467,5,218,6,,,,,,,
11,702,,,,12,4,,2025-11-05,100,13577,,,,,,,,Bizon,,584,10,494,5,,,,,,,
25,311,,,,3,0,,2025-11-05,93,13341,,,,,,,,Bizon,,177,2,614,1,,,,,,,
41,0,,,,0,0,,2025-11-05,15,2774,,,,,,,,Bizon,,125,0,85,0,,,,,,,
5,134,,,,4,0,,2025-11-05,70,4952,,,,,,,,Bizon,,213,3,144,0,,,,,,,
12,299,,,,9,1,,2025-11-05,80,6128,,,,,,,,Bizon,,119,9,143,1,,,,,,,
3,538,,,,10,1,,2025-11-05,94,11063,,,,,,,,Bizon,,347,6,221,4,,,,,,,
36,709,,,,17,7,,2025-11-05,109,6558,,,,,,,,Bizon,,313,1,172,25,,,,,,,
46,0,,,,0,0,,2025-11-05,30,2318,,,,,,,,Bizon,,110,0,128,0,,,,,,,
35,0,,,,0,0,,2025-11-05,30,1495,,,,,,,,Bizon,,67,0,88,0,,,,,,,
28,70,,,,4,0,,2025-11-05,45,2796,,,,,,,,Bizon,,42,4,206,0,,,,,,,
49,300,,,,9,0,,2025-11-05,30,2966,,,,,,,,Bizon,,83,4,25,8,,,,,,,
53,746,,,,23,0,,2025-11-05,75,4820,,,,,,,,Bizon,,232,15,154,15,,,,,,,
54,450,,,,4,0,,2025-11-05,45,3705,,,,,,,,Bizon,,100,4,52,4,,,,,,,
55,314,,,,14,0,,2025-11-05,85,1862,,,,,,,,Bizon,,169,6,95,11,,,,,,,
60,351,,,,24,2,,2025-11-05,35,1728,,,,,,,,Bizon,,37,-1,8,28,,,,,,,
2,447,,,,22,7,,2025-11-06,116,9304,,,,,,,,Bizon,,486,9,227,19,,,,,,,
11,743,,,,30,6,,2025-11-06,100,15399,,,,,,,,Bizon,,609,14,508,25,,,,,,,
25,29,,,,1,0,,2025-11-06,93,13341,,,,,,,,Bizon,,177,1,615,0,,,,,,,
41,0,,,,0,0,,2025-11-06,15,2774,,,,,,,,Bizon,,125,0,85,0,,,,,,,
5,134,,,,3,0,,2025-11-06,70,4952,,,,,,,,Bizon,,213,3,147,0,,,,,,,
12,293,,,,5,1,,2025-11-06,80,6128,,,,,,,,Bizon,,120,6,149,1,,,,,,,
3,444,,,,15,1,,2025-11-06,94,11063,,,,,,,,Bizon,,361,3,224,14,,,,,,,
36,6,,,,4,0,,2025-11-06,109,6558,,,,,,,,Bizon,,314,3,175,1,,,,,,,
46,0,,,,0,0,,2025-11-06,30,2318,,,,,,,,Bizon,,110,0,128,0,,,,,,,
35,0,,,,0,0,,2025-11-06,30,1495,,,,,,,,Bizon,,67,0,88,0,,,,,,,
28,68,,,,1,0,,2025-11-06,45,2796,,,,,,,,Bizon,,42,1,207,0,,,,,,,
49,281,,,,8,2,,2025-11-06,30,2966,,,,,,,,Bizon,,92,5,30,9,,,,,,,
53,671,,,,9,0,,2025-11-06,75,4820,,,,,,,,Bizon,,245,5,159,13,,,,,,,
54,450,,,,3,0,,2025-11-06,45,3705,,,,,,,,Bizon,,102,4,56,2,,,,,,,
55,0,,,,2,0,,2025-11-06,85,1862,,,,,,,,Bizon,,169,2,97,0,,,,,,,
60,350,,,,23,6,,2025-11-06,35,1728,,,,,,,,Bizon,,55,8,16,18,,,,,,,
2,270,,,,19,5,,2025-11-07,116,9304,,,,,,,,Bizon,,507,1,228,21,,,,,,,
11,735,,,,23,2,,2025-11-07,100,15399,,,,,,,,Bizon,,623,11,519,14,,,,,,,
25,799,,,,10,2,,2025-11-07,93,13397,,,,,,,,Bizon,,180,8,623,3,,,,,,,
41,0,,,,0,0,,2025-11-07,15,2774,,,,,,,,Bizon,,125,0,85,0,,,,,,,
5,134,,,,3,0,,2025-11-07,70,4952,,,,,,,,Bizon,,216,2,149,3,,,,,,,
12,775,,,,6,0,,2025-11-07,80,6128,,,,,,,,Bizon,,124,7,156,4,,,,,,,
3,442,,,,18,5,,2025-11-07,94,11063,,,,,,,,Bizon,,375,8,232,14,,,,,,,
36,2,,,,0,0,,2025-11-07,109,6558,,,,,,,,Bizon,,314,0,175,0,,,,,,,
46,0,,,,0,0,,2025-11-07,30,2318,,,,,,,,Bizon,,110,0,128,0,,,,,,,
35,0,,,,0,0,,2025-11-07,30,1495,,,,,,,,Bizon,,67,0,88,0,,,,,,,
28,69,,,,4,0,,2025-11-07,45,2796,,,,,,,,Bizon,,42,5,212,0,,,,,,,
49,108,,,,3,0,,2025-11-07,30,2966,,,,,,,,Bizon,,95,2,32,3,,,,,,,
53,289,,,,11,0,,2025-11-07,75,4820,,,,,,,,Bizon,,253,4,163,8,,,,,,,
54,383,,,,13,4,,2025-11-07,45,3705,,,,,,,,Bizon,,112,4,60,10,,,,,,,
55,0,,,,1,0,,2025-11-07,85,1862,,,,,,,,Bizon,,169,1,98,0,,,,,,,
60,350,,,,31,12,,2025-11-07,35,1728,,,,,,,,Bizon,,82,7,23,27,,,,,,,
2,0,,,,0,0,,2025-11-08,116,9304,,,,,,,,Bizon,,507,0,228,0,,,,,,,
11,0,,,,1,0,,2025-11-08,100,15399,,,,,,,,Bizon,,623,1,520,0,,,,,,,
25,813,,,,3,0,,2025-11-08,93,13397,,,,,,,,Bizon,,180,4,627,0,,,,,,,
41,0,,,,0,0,,2025-11-08,15,2774,,,,,,,,Bizon,,125,0,85,0,,,,,,,
5,0,,,,0,0,,2025-11-08,70,4952,,,,,,,,Bizon,,216,0,149,0,,,,,,,
12,0,,,,1,0,,2025-11-08,80,6128,,,,,,,,Bizon,,124,1,157,0,,,,,,,
3,0,,,,1,2,,2025-11-08,94,11063,,,,,,,,Bizon,,375,1,233,0,,,,,,,
36,0,,,,0,0,,2025-11-08,109,6558,,,,,,,,Bizon,,314,0,175,0,,,,,,,
46,0,,,,0,0,,2025-11-08,30,2318,,,,,,,,Bizon,,110,0,128,0,,,,,,,
35,0,,,,0,0,,2025-11-08,30,1495,,,,,,,,Bizon,,67,0,88,0,,,,,,,
28,0,,,,0,0,,2025-11-08,45,2796,,,,,,,,Bizon,,42,0,212,0,,,,,,,
49,0,,,,0,0,,2025-11-08,30,2966,,,,,,,,Bizon,,95,0,32,0,,,,,,,
53,0,,,,0,0,,2025-11-08,75,4820,,,,,,,,Bizon,,253,0,163,0,,,,,,,
54,0,,,,0,0,,2025-11-08,45,3705,,,,,,,,Bizon,,112,0,60,0,,,,,,,
55,0,,,,1,0,,2025-11-08,85,1862,,,,,,,,Bizon,,169,1,99,0,,,,,,,
60,0,,,,0,1,,2025-11-08,35,1728,,,,,,,,Bizon,,82,0,23,0,,,,,,,
2,0,,,,0,0,,2025-11-09,116,9304,,,,,,,,Bizon,,507,0,228,0,,,,,,,
11,0,,,,1,0,,2025-11-09,100,15399,,,,,,,,Bizon,,623,1,521,0,,,,,,,
25,827,,,,5,0,,2025-11-09,93,13397,,,,,,,,Bizon,,184,2,629,4,,,,,,,
41,0,,,,0,0,,2025-11-09,15,2774,,,,,,,,Bizon,,125,0,85,0,,,,,,,
5,0,,,,0,0,,2025-11-09,70,4952,,,,,,,,Bizon,,216,0,149,0,,,,,,,
12,0,,,,0,0,,2025-11-09,80,6128,,,,,,,,Bizon,,124,0,157,0,,,,,,,
3,0,,,,0,0,,2025-11-09,94,11063,,,,,,,,Bizon,,375,0,233,0,,,,,,,
36,0,,,,0,0,,2025-11-09,109,6558,,,,,,,,Bizon,,314,0,175,0,,,,,,,
46,0,,,,0,0,,2025-11-09,30,2318,,,,,,,,Bizon,,110,0,128,0,,,,,,,
35,0,,,,0,0,,2025-11-09,30,1495,,,,,,,,Bizon,,67,0,88,0,,,,,,,
28,0,,,,0,0,,2025-11-09,45,2796,,,,,,,,Bizon,,42,0,212,0,,,,,,,
49,0,,,,0,0,,2025-11-09,30,2966,,,,,,,,Bizon,,95,0,32,0,,,,,,,
53,0,,,,0,0,,2025-11-09,75,4820,,,,,,,,Bizon,,253,0,163,0,,,,,,,
54,0,,,,0,0,,2025-11-09,45,3705,,,,,,,,Bizon,,112,0,60,0,,,,,,,
55,0,,,,0,0,,2025-11-09,85,1862,,,,,,,,Bizon,,169,0,99,0,,,,,,,
60,0,,,,1,0,,2025-11-09,35,1728,,,,,,,,Bizon,,82,1,24,0,,,,,,,
2,103,,,,8,0,,2025-11-10,116,9304,,,,,,,,Bizon,,510,5,233,3,,,,,,,
11,741,,,,26,8,,2025-11-10,100,15874,,,,,,,,Bizon,,644,19,540,21,,,,,,,
25,852,,,,9,2,,2025-11-10,93,13397,,,,,,,,Bizon,,185,13,642,1,,,,,,,
41,0,,,,0,0,,2025-11-10,15,2774,,,,,,,,Bizon,,125,0,85,0,,,,,,,
5,134,,,,3,0,,2025-11-10,70,4952,,,,,,,,Bizon,,219,1,150,3,,,,,,,
12,596,,,,18,1,,2025-11-10,80,6128,,,,,,,,Bizon,,134,16,173,10,,,,,,,
3,605,,,,16,1,,2025-11-10,94,11063,,,,,,,,Bizon,,384,10,243,9,,,,,,,
36,995,,,,38,1,,2025-11-10,109,6558,,,,,,,,Bizon,,339,33,208,25,,,,,,,
46,0,,,,0,0,,2025-11-10,30,2318,,,,,,,,Bizon,,110,0,128,0,,,,,,,
35,0,,,,0,0,,2025-11-10,30,1495,,,,,,,,Bizon,,67,0,88,0,,,,,,,
28,70,,,,2,0,,2025-11-10,45,2796,,,,,,,,Bizon,,42,2,214,0,,,,,,,
49,300,,,,3,0,,2025-11-10,30,2966,,,,,,,,Bizon,,98,4,36,3,,,,,,,
53,235,,,,9,0,,2025-11-10,75,4820,,,,,,,,Bizon,,264,7,170,11,,,,,,,
54,335,,,,8,3,,2025-11-10,45,3809,,,,,,,,Bizon,,116,6,66,4,,,,,,,
55,108,,,,9,0,,2025-11-10,85,1862,,,,,,,,Bizon,,172,8,107,3,,,,,,,
60,350,,,,29,9,,2025-11-10,35,1728,,,,,,,,Bizon,,97,23,47,15,,,,,,,
2,374,,,,20,1,,2025-11-11,116,9304,,,,,,,,Bizon,,523,12,245,13,,,,,,,
11,725,,,,13,1,,2025-11-11,100,17462,,,,,,,,Bizon,,666,11,551,22,,,,,,,
25,852,,,,9,4,,2025-11-11,93,13397,,,,,,,,Bizon,,195,4,646,10,,,,,,,
41,0,,,,0,0,,2025-11-11,15,2774,,,,,,,,Bizon,,125,0,85,0,,,,,,,
5,132,,,,8,0,,2025-11-11,70,4952,,,,,,,,Bizon,,224,6,156,5,,,,,,,
12,322,,,,12,0,,2025-11-11,80,6128,,,,,,,,Bizon,,137,10,183,3,,,,,,,
3,452,,,,25,3,,2025-11-11,94,11063,,,,,,,,Bizon,,392,18,261,8,,,,,,,
36,293,,,,6,0,,2025-11-11,109,6558,,,,,,,,Bizon,,344,6,214,5,,,,,,,
46,0,,,,0,0,,2025-11-11,30,2318,,,,,,,,Bizon,,110,0,128,0,,,,,,,
35,0,,,,0,0,,2025-11-11,30,1495,,,,,,,,Bizon,,67,0,88,0,,,,,,,
28,69,,,,4,0,,2025-11-11,45,2796,,,,,,,,Bizon,,44,3,217,2,,,,,,,
49,300,,,,2,0,,2025-11-11,30,2966,,,,,,,,Bizon,,102,1,37,4,,,,,,,
53,22,,,,1,0,,2025-11-11,75,4820,,,,,,,,Bizon,,264,1,171,0,,,,,,,
54,445,,,,1,0,,2025-11-11,45,3809,,,,,,,,Bizon,,117,3,69,1,,,,,,,
55,699,,,,30,0,,2025-11-11,85,1862,,,,,,,,Bizon,,191,27,134,19,,,,,,,
60,350,,,,25,0,,2025-11-11,35,1728,,,,,,,,Bizon,,103,20,67,6,,,,,,,
2,243,,,,10,0,,2025-11-12,116,0,,,,,,,,Bizon,,549,-15,230,26,,,,,,,
11,736,,,,20,2,,2025-11-12,100,6155,,,,,,,,Bizon,,694,-2,549,28,,,,,,,
25,856,,,,8,5,,2025-11-12,93,56,,,,,,,,Bizon,,200,6,652,5,,,,,,,
41,0,,,,0,0,,2025-11-12,15,0,,,,,,,,Bizon,,125,0,85,0,,,,,,,
5,137,,,,9,0,,2025-11-12,70,0,,,,,,,,Bizon,,232,2,158,8,,,,,,,
12,300,,,,12,0,,2025-11-12,80,1852,,,,,,,,Bizon,,146,3,186,9,,,,,,,
3,446,,,,13,0,,2025-11-12,94,0,,,,,,,,Bizon,,427,-20,241,35,,,,,,,
36,428,,,,22,1,,2025-11-12,109,2116,,,,,,,,Bizon,,389,-8,206,45,,,,,,,
46,0,,,,0,0,,2025-11-12,30,1794,,,,,,,,Bizon,,110,0,128,0,,,,,,,
35,270,,,,3,2,,2025-11-12,30,716,,,,,,,,Bizon,,68,2,90,1,,,,,,,
28,69,,,,1,0,,2025-11-12,45,0,,,,,,,,Bizon,,44,2,219,0,,,,,,,
49,298,,,,8,0,,2025-11-12,30,289,,,,,,,,Bizon,,109,4,41,7,,,,,,,
53,0,,,,5,0,,2025-11-12,75,0,,,,,,,,Bizon,,268,1,172,4,,,,,,,
54,371,,,,8,0,,2025-11-12,45,2939,,,,,,,,Bizon,,125,4,73,8,,,,,,,
55,309,,,,16,0,,2025-11-12,85,0,,,,,,,,Bizon,,229,-17,117,38,,,,,,,
60,350,,,,22,1,,2025-11-12,35,1728,,,,,,,,Bizon,,150,-23,44,47,,,,,,,
2,140,,,,6,2,,2025-11-13,116,0,,,,,,,,Bizon,,569,9,239,20,,,,,,,
11,742,,,,24,2,,2025-11-13,100,6155,,,,,,,,Bizon,,733,31,580,39,,,,,,,
25,580,,,,4,5,,2025-11-13,93,56,,,,,,,,Bizon,,207,3,655,7,,,,,,,
41,0,,,,0,0,,2025-11-13,15,0,,,,,,,,Bizon,,125,0,85,0,,,,,,,
5,127,,,,2,0,,2025-11-13,70,0,,,,,,,,Bizon,,241,3,161,9,,,,,,,
12,468,,,,9,0,,2025-11-13,80,1950,,,,,,,,Bizon,,155,15,201,9,,,,,,,
3,441,,,,16,3,,2025-11-13,94,2354,,,,,,,,Bizon,,473,39,280,46,,,,,,,
36,325,,,,14,4,,2025-11-13,109,2116,,,,,,,,Bizon,,420,2,208,31,,,,,,,
46,0,,,,0,0,,2025-11-13,30,1795,,,,,,,,Bizon,,110,0,128,0,,,,,,,
35,270,,,,6,0,,2025-11-13,30,716,,,,,,,,Bizon,,76,7,97,8,,,,,,,
28,70,,,,5,0,,2025-11-13,45,0,,,,,,,,Bizon,,45,9,228,1,,,,,,,
49,199,,,,9,0,,2025-11-13,30,289,,,,,,,,Bizon,,116,9,50,7,,,,,,,
53,727,,,,7,1,,2025-11-13,75,0,,,,,,,,Bizon,,280,11,183,12,,,,,,,
54,450,,,,5,2,,2025-11-13,45,2939,,,,,,,,Bizon,,138,7,80,13,,,,,,,
55,2,,,,4,0,,2025-11-13,85,0,,,,,,,,Bizon,,231,2,119,2,,,,,,,
60,299,,,,16,0,,2025-11-13,35,1728,,,,,,,,Bizon,,165,6,50,15,,,,,,,
2,412,,,,16,0,,2025-11-14,116,0,,,,,,,,Bizon,,569,0,239,0,,,,,,,
11,744,,,,16,0,,2025-11-14,100,6155,,,,,,,,Bizon,,733,0,580,0,,,,,,,
25,28,,,,2,0,,2025-11-14,93,56,,,,,,,,Bizon,,207,0,655,0,,,,,,,
41,0,,,,0,0,,2025-11-14,15,0,,,,,,,,Bizon,,125,0,85,0,,,,,,,
5,123,,,,2,0,,2025-11-14,70,0,,,,,,,,Bizon,,241,1,162,0,,,,,,,
12,297,,,,3,1,,2025-11-14,80,1950,,,,,,,,Bizon,,155,0,201,0,,,,,,,
3,925,,,,35,23,,2025-11-14,94,2354,,,,,,,,Bizon,,473,0,280,0,,,,,,,
36,6,,,,1,0,,2025-11-14,109,2116,,,,,,,,Bizon,,420,0,208,0,,,,,,,
46,0,,,,0,0,,2025-11-14,30,1795,,,,,,,,Bizon,,110,0,128,0,,,,,,,
35,176,,,,3,0,,2025-11-14,30,716,,,,,,,,Bizon,,76,0,97,0,,,,,,,
28,68,,,,2,0,,2025-11-14,45,0,,,,,,,,Bizon,,45,0,228,0,,,,,,,
49,0,,,,0,0,,2025-11-14,30,289,,,,,,,,Bizon,,116,0,50,0,,,,,,,
53,567,,,,6,0,,2025-11-14,75,0,,,,,,,,Bizon,,280,0,183,0,,,,,,,
54,450,,,,6,0,,2025-11-14,45,2939,,,,,,,,Bizon,,138,0,80,0,,,,,,,
55,0,,,,0,0,,2025-11-14,85,0,,,,,,,,Bizon,,231,0,119,0,,,,,,,
60,11,,,,0,0,,2025-11-14,35,1728,,,,,,,,Bizon,,165,0,50,0,,,,,,,
2,0,,,,0,0,,2025-11-15,116,0,,,,,,,,Bizon,,569,0,239,0,,,,,,,
11,0,,,,0,0,,2025-11-15,100,6155,,,,,,,,Bizon,,733,0,580,0,,,,,,,
25,1,,,,0,0,,2025-11-15,93,56,,,,,,,,Bizon,,207,0,655,0,,,,,,,
41,0,,,,0,0,,2025-11-15,15,0,,,,,,,,Bizon,,125,0,85,0,,,,,,,
5,0,,,,0,0,,2025-11-15,70,0,,,,,,,,Bizon,,241,0,162,0,,,,,,,
12,0,,,,0,0,,2025-11-15,80,1950,,,,,,,,Bizon,,155,0,201,0,,,,,,,
3,0,,,,0,0,,2025-11-15,94,2354,,,,,,,,Bizon,,473,0,280,0,,,,,,,
36,0,,,,0,0,,2025-11-15,109,2116,,,,,,,,Bizon,,420,0,208,0,,,,,,,
46,0,,,,0,0,,2025-11-15,30,1795,,,,,,,,Bizon,,110,0,128,0,,,,,,,
35,0,,,,0,0,,2025-11-15,30,716,,,,,,,,Bizon,,76,0,97,0,,,,,,,
28,0,,,,0,0,,2025-11-15,45,0,,,,,,,,Bizon,,45,0,228,0,,,,,,,
49,0,,,,0,0,,2025-11-15,30,289,,,,,,,,Bizon,,116,0,50,0,,,,,,,
53,0,,,,0,0,,2025-11-15,75,0,,,,,,,,Bizon,,280,0,183,0,,,,,,,
54,0,,,,0,0,,2025-11-15,45,2939,,,,,,,,Bizon,,138,0,80,0,,,,,,,
55,0,,,,0,0,,2025-11-15,85,0,,,,,,,,Bizon,,231,0,119,0,,,,,,,
60,0,,,,0,0,,2025-11-15,35,1728,,,,,,,,Bizon,,165,0,50,0,,,,,,,
2,0,,,,0,0,,2025-11-16,116,0,,,,,,,,Bizon,,569,0,239,0,,,,,,,
11,0,,,,0,0,,2025-11-16,100,6155,,,,,,,,Bizon,,733,0,580,0,,,,,,,
25,0,,,,0,0,,2025-11-16,93,56,,,,,,,,Bizon,,207,0,655,0,,,,,,,
41,0,,,,0,0,,2025-11-16,15,0,,,,,,,,Bizon,,125,0,85,0,,,,,,,
5,0,,,,0,0,,2025-11-16,70,0,,,,,,,,Bizon,,241,0,162,0,,,,,,,
12,0,,,,0,0,,2025-11-16,80,1950,,,,,,,,Bizon,,155,0,201,0,,,,,,,
3,0,,,,1,0,,2025-11-16,94,2354,,,,,,,,Bizon,,474,0,280,1,,,,,,,
36,0,,,,0,0,,2025-11-16,109,2116,,,,,,,,Bizon,,420,0,208,0,,,,,,,
46,0,,,,0,0,,2025-11-16,30,1795,,,,,,,,Bizon,,110,0,128,0,,,,,,,
35,0,,,,1,0,,2025-11-16,30,716,,,,,,,,Bizon,,76,0,97,0,,,,,,,
28,0,,,,0,0,,2025-11-16,45,0,,,,,,,,Bizon,,45,0,228,0,,,,,,,
49,0,,,,0,0,,2025-11-16,30,289,,,,,,,,Bizon,,116,0,50,0,,,,,,,
53,0,,,,0,0,,2025-11-16,75,0,,,,,,,,Bizon,,280,0,183,0,,,,,,,
54,0,,,,2,0,,2025-11-16,45,2939,,,,,,,,Bizon,,138,0,80,0,,,,,,,
55,0,,,,0,0,,2025-11-16,85,0,,,,,,,,Bizon,,231,0,119,0,,,,,,,
60,0,,,,0,0,,2025-11-16,35,1728,,,,,,,,Bizon,,165,0,50,0,,,,,,,
2,427,,,,11,1,,2025-11-17,116,0,,,,,,,,Bizon,,574,5,244,5,,,,,,,
11,737,,,,12,0,,2025-11-17,100,6155,,,,,,,,Bizon,,741,6,586,8,,,,,,,
25,51,,,,1,0,,2025-11-17,93,56,,,,,,,,Bizon,,207,0,655,0,,,,,,,
41,0,,,,0,0,,2025-11-17,15,0,,,,,,,,Bizon,,125,0,85,0,,,,,,,
5,137,,,,4,0,,2025-11-17,70,0,,,,,,,,Bizon,,243,1,163,2,,,,,,,
12,775,,,,13,0,,2025-11-17,80,1950,,,,,,,,Bizon,,158,5,206,3,,,,,,,
3,926,,,,37,30,,2025-11-17,94,2354,,,,,,,,Bizon,,486,3,283,12,,,,,,,
36,408,,,,12,0,,2025-11-17,109,2116,,,,,,,,Bizon,,430,5,213,10,,,,,,,
46,298,,,,7,4,,2025-11-17,30,1795,,,,,,,,Bizon,,116,2,130,6,,,,,,,
35,254,,,,8,0,,2025-11-17,30,2264,,,,,,,,Bizon,,80,5,102,4,,,,,,,
28,64,,,,2,0,,2025-11-17,45,0,,,,,,,,Bizon,,46,2,230,1,,,,,,,
49,4,,,,0,0,,2025-11-17,30,289,,,,,,,,Bizon,,116,0,50,0,,,,,,,
53,409,,,,7,0,,2025-11-17,75,0,,,,,,,,Bizon,,282,4,187,2,,,,,,,
54,377,,,,4,1,,2025-11-17,45,2939,,,,,,,,Bizon,,138,2,82,0,,,,,,,
55,0,,,,0,0,,2025-11-17,85,0,,,,,,,,Bizon,,231,0,119,0,,,,,,,
60,0,,,,0,0,,2025-11-17,35,1728,,,,,,,,Bizon,,165,0,50,0,,,,,,,
2,48,,,,0,0,,2025-11-18,86,0,,,,,,,,Bizon,,574,1,245,0,,,,,,,
11,737,,,,15,0,,2025-11-18,100,8392,,,,,,,,Bizon,,746,12,598,5,,,,,,,
25,1,,,,0,0,,2025-11-18,93,56,,,,,,,,Bizon,,207,0,655,0,,,,,,,
41,0,,,,0,0,,2025-11-18,15,0,,,,,,,,Bizon,,125,0,85,0,,,,,,,
5,138,,,,0,0,,2025-11-18,70,0,,,,,,,,Bizon,,245,0,163,2,,,,,,,
12,284,,,,4,0,,2025-11-18,80,1950,,,,,,,,Bizon,,161,4,210,3,,,,,,,
3,872,,,,24,22,,2025-11-18,94,2354,,,,,,,,Bizon,,500,14,297,14,,,,,,,
36,1064,,,,26,4,,2025-11-18,109,4706,,,,,,,,Bizon,,446,26,239,16,,,,,,,
46,299,,,,9,4,,2025-11-18,30,1795,,,,,,,,Bizon,,122,5,135,6,,,,,,,
35,233,,,,4,1,,2025-11-18,30,2264,,,,,,,,Bizon,,85,1,103,5,,,,,,,
28,68,,,,3,0,,2025-11-18,45,0,,,,,,,,Bizon,,48,2,232,2,,,,,,,
49,0,,,,1,0,,2025-11-18,30,289,,,,,,,,Bizon,,116,1,51,0,,,,,,,
53,5,,,,1,0,,2025-11-18,75,0,,,,,,,,Bizon,,284,-1,186,2,,,,,,,
54,341,,,,4,0,,2025-11-18,45,2939,,,,,,,,Bizon,,140,2,84,2,,,,,,,
55,0,,,,0,0,,2025-11-18,85,0,,,,,,,,Bizon,,231,0,119,0,,,,,,,
60,346,,,,20,1,,2025-11-18,35,1728,,,,,,,,Bizon,,177,12,62,12,,,,,,,
66,301,,,,6,5,,2025-11-18,30,818,,,,,,,,Bizon,,3,3,3,3,,,,,,,
2,1,,,,0,0,,2025-11-19,86,0,,,,,,,,Bizon,,574,0,245,0,,,,,,,
11,722,,,,18,2,,2025-11-19,100,8915,,,,,,,,Bizon,,764,11,609,18,,,,,,,
25,0,,,,0,0,,2025-11-19,93,56,,,,,,,,Bizon,,207,0,655,0,,,,,,,
41,0,,,,0,0,,2025-11-19,15,0,,,,,,,,Bizon,,125,0,85,0,,,,,,,
5,116,,,,1,0,,2025-11-19,70,0,,,,,,,,Bizon,,246,1,164,1,,,,,,,
12,295,,,,5,0,,2025-11-19,80,1950,,,,,,,,Bizon,,165,8,218,4,,,,,,,
3,911,,,,15,5,,2025-11-19,94,2354,,,,,,,,Bizon,,512,8,305,12,,,,,,,
36,1064,,,,58,5,,2025-11-19,109,4706,,,,,,,,Bizon,,493,33,272,47,,,,,,,
46,300,,,,7,4,,2025-11-19,30,3472,,,,,,,,Bizon,,127,3,138,5,,,,,,,
35,270,,,,2,0,,2025-11-19,30,3209,,,,,,,,Bizon,,87,0,103,2,,,,,,,
66,292,,,,5,1,,2025-11-19,30,818,,,,,,,,Bizon,,6,5,8,3,,,,,,,
28,64,,,,4,0,,2025-11-19,45,0,,,,,,,,Bizon,,48,4,236,0,,,,,,,
49,0,,,,0,0,,2025-11-19,30,289,,,,,,,,Bizon,,116,0,51,0,,,,,,,
53,0,,,,0,0,,2025-11-19,75,0,,,,,,,,Bizon,,284,0,186,0,,,,,,,
54,382,,,,1,0,,2025-11-19,45,2939,,,,,,,,Bizon,,141,1,85,1,,,,,,,
55,0,,,,0,0,,2025-11-19,85,0,,,,,,,,Bizon,,231,0,119,0,,,,,,,
60,165,,,,2,0,,2025-11-19,35,1728,,,,,,,,Bizon,,185,-2,60,8,,,,,,,
2,95,,,,1,0,,2025-11-20,86,0,,,,,,,,Bizon,,575,0,245,1,,,,,,,
11,699,,,,13,2,,2025-11-20,100,8915,,,,,,,,Bizon,,782,4,613,18,,,,,,,
25,0,,,,0,0,,2025-11-20,93,56,,,,,,,,Bizon,,207,0,655,0,,,,,,,
41,0,,,,0,0,,2025-11-20,15,0,,,,,,,,Bizon,,125,0,85,0,,,,,,,
5,120,,,,4,0,,2025-11-20,70,0,,,,,,,,Bizon,,248,3,167,2,,,,,,,
12,585,,,,16,0,,2025-11-20,80,1950,,,,,,,,Bizon,,171,16,234,6,,,,,,,
3,898,,,,30,28,,2025-11-20,94,2354,,,,,,,,Bizon,,540,8,313,28,,,,,,,
36,1041,,,,32,1,,2025-11-20,109,4706,,,,,,,,Bizon,,522,17,289,29,,,,,,,
46,300,,,,9,4,,2025-11-20,30,3472,,,,,,,,Bizon,,136,3,141,9,,,,,,,
35,300,,,,9,1,,2025-11-20,45,3209,,,,,,,,Bizon,,95,6,109,8,,,,,,,
66,299,,,,9,2,,2025-11-20,30,818,,,,,,,,Bizon,,11,4,12,5,,,,,,,
28,42,,,,1,0,,2025-11-20,45,0,,,,,,,,Bizon,,48,1,237,0,,,,,,,
49,38,,,,0,0,,2025-11-20,30,289,,,,,,,,Bizon,,116,0,51,0,,,,,,,
53,0,,,,0,0,,2025-11-20,75,0,,,,,,,,Bizon,,284,0,186,0,,,,,,,
54,423,,,,3,0,,2025-11-20,45,2939,,,,,,,,Bizon,,141,5,90,0,,,,,,,
55,0,,,,0,0,,2025-11-20,85,0,,,,,,,,Bizon,,231,0,119,0,,,,,,,
60,347,,,,17,0,,2025-11-20,35,1728,,,,,,,,Bizon,,190,12,72,5,,,,,,,
2,351,,,,7,2,,2025-11-21,86,0,,,,,,,,Bizon,,579,6,251,4,349,0,0,,,,
11,733,,,,9,2,,2025-11-21,100,8915,,,,,,,,Bizon,,789,6,619,7,731,7,0,,,,
25,0,,,,0,0,,2025-11-21,93,56,,,,,,,,Bizon,,207,0,655,0,0,0,0,,,,
41,0,,,,0,0,,2025-11-21,15,0,,,,,,,,Bizon,,125,0,85,0,0,9,0,,,,
5,135,,,,2,1,,2025-11-21,70,527,,,,,,,,Bizon,,249,2,169,1,134,0,0,,,,
12,326,,,,14,0,,2025-11-21,80,1950,,,,,,,,Bizon,,173,16,250,2,326,0,0,,,,
3,278,,,,3,5,,2025-11-21,94,2354,,,,,,,,Bizon,,546,-1,312,6,273,2,0,,,,
36,859,,,,37,3,,2025-11-21,109,4706,,,,,,,,Bizon,,561,21,310,39,856,0,0,,,,
46,300,,,,6,1,,2025-11-21,30,3472,,,,,,,,Bizon,,143,0,141,7,299,0,0,,,,
35,194,,,,8,2,,2025-11-21,45,3209,,,,,,,,Bizon,,104,3,112,9,192,0,0,,,,
66,118,,,,6,3,,2025-11-21,30,818,,,,,,,,Bizon,,12,7,19,1,115,0,0,,,,
28,16,,,,0,0,,2025-11-21,45,0,,,,,,,,Bizon,,48,0,237,0,16,0,0,,,,
49,264,,,,4,0,,2025-11-21,30,289,,,,,,,,Bizon,,117,4,55,1,264,0,0,,,,
53,0,,,,1,0,,2025-11-21,75,0,,,,,,,,Bizon,,284,1,187,0,0,0,0,,,,
54,450,,,,6,1,,2025-11-21,45,2939,,,,,,,,Bizon,,145,6,96,4,449,0,0,,,,
55,0,,,,0,0,,2025-11-21,85,0,,,,,,,,Bizon,,231,0,119,0,0,0,0,,,,
60,347,,,,13,0,,2025-11-21,35,1728,,,,,,,,Bizon,,201,5,77,11,347,0,0,,,,
2,0,,,,0,0,,2025-11-22,86,0,,,,,,,,Bizon,,579,0,251,0,0,0,238,,,,
11,0,,,,0,0,,2025-11-22,100,8915,,,,,,,,Bizon,,789,0,619,0,0,0,750,,,,
25,0,,,,0,0,,2025-11-22,93,56,,,,,,,,Bizon,,207,0,655,0,0,0,0,,,,
41,0,,,,0,0,,2025-11-22,15,0,,,,,,,,Bizon,,125,0,85,0,0,0,9,,,,
5,0,,,,0,0,,2025-11-22,70,527,,,,,,,,Bizon,,249,0,169,0,0,0,140,,,,
12,0,,,,1,0,,2025-11-22,80,1950,,,,,,,,Bizon,,173,1,251,0,0,0,300,,,,
3,0,,,,0,0,,2025-11-22,94,2354,,,,,,,,Bizon,,546,0,312,0,0,0,933,,,,
36,0,,,,0,0,,2025-11-22,109,4706,,,,,,,,Bizon,,561,1,311,0,0,0,1051,,,,
46,0,,,,0,0,,2025-11-22,30,3472,,,,,,,,Bizon,,143,0,141,0,0,0,300,,,,
35,0,,,,0,0,,2025-11-22,45,3209,,,,,,,,Bizon,,104,0,112,0,0,0,0,,,,
66,0,,,,0,0,,2025-11-22,30,818,,,,,,,,Bizon,,12,0,19,0,0,0,300,,,,
28,0,,,,0,0,,2025-11-22,45,0,,,,,,,,Bizon,,48,0,237,0,0,0,10,,,,
49,0,,,,0,0,,2025-11-22,30,289,,,,,,,,Bizon,,117,0,55,0,0,0,298,,,,
53,0,,,,0,0,,2025-11-22,75,0,,,,,,,,Bizon,,284,0,187,0,0,0,0,,,,
54,0,,,,0,0,,2025-11-22,45,2939,,,,,,,,Bizon,,145,0,96,0,0,0,450,,,,
55,0,,,,0,0,,2025-11-22,85,0,,,,,,,,Bizon,,231,0,119,0,0,0,0,,,,
60,0,,,,0,0,,2025-11-22,35,1728,,,,,,,,Bizon,,201,0,77,0,0,0,275,,,,
2,0,,,,0,0,,2025-11-23,86,0,,,,,,,,Bizon,,579,0,251,0,0,238,0,,,,
11,0,,,,0,0,,2025-11-23,100,8915,,,,,,,,Bizon,,789,0,619,0,0,750,750,,,,
25,0,,,,0,0,,2025-11-23,93,56,,,,,,,,Bizon,,207,0,655,0,0,0,0,,,,
41,0,,,,0,0,,2025-11-23,15,0,,,,,,,,Bizon,,125,0,85,0,0,9,0,,,,
5,0,,,,0,0,,2025-11-23,70,527,,,,,,,,Bizon,,249,0,169,0,0,140,140,,,,
12,0,,,,0,0,,2025-11-23,80,1950,,,,,,,,Bizon,,173,0,251,0,0,300,300,,,,
3,0,,,,0,0,,2025-11-23,94,2354,,,,,,,,Bizon,,546,0,312,0,0,933,874,,,,
36,0,,,,0,0,,2025-11-23,109,4706,,,,,,,,Bizon,,561,0,311,0,0,1051,829,,,,
46,0,,,,0,0,,2025-11-23,30,3472,,,,,,,,Bizon,,143,0,141,0,0,300,300,,,,
35,0,,,,1,0,,2025-11-23,45,3209,,,,,,,,Bizon,,104,1,113,0,0,0,216,,,,
66,0,,,,0,0,,2025-11-23,30,818,,,,,,,,Bizon,,12,0,19,0,0,300,300,,,,
28,0,,,,0,0,,2025-11-23,45,0,,,,,,,,Bizon,,48,0,237,0,0,10,12,,,,
49,0,,,,0,0,,2025-11-23,30,289,,,,,,,,Bizon,,117,0,55,0,0,298,172,,,,
53,0,,,,0,0,,2025-11-23,75,0,,,,,,,,Bizon,,284,0,187,0,0,0,0,,,,
54,0,,,,1,0,,2025-11-23,45,2939,,,,,,,,Bizon,,145,1,97,0,0,450,450,,,,
55,0,,,,0,0,,2025-11-23,85,0,,,,,,,,Bizon,,231,0,119,0,0,0,0,,,,
60,0,,,,0,0,,2025-11-23,35,1728,,,,,,,,Bizon,,201,0,77,0,0,275,2,,,,
2,233,,,,6,0,,2025-11-24,86,0,,,,,,,,Bizon,,583,6,257,4,233,5,0,,,,
11,732,,,,6,1,,2025-11-24,100,8915,,,,,,,,Bizon,,794,6,625,5,731,750,750,,,,
25,0,,,,0,0,,2025-11-24,93,56,,,,,,,,Bizon,,207,0,655,0,0,0,0,,,,
41,0,,,,0,0,,2025-11-24,15,0,,,,,,,,Bizon,,125,0,85,0,0,9,0,,,,
5,140,,,,2,0,,2025-11-24,70,527,,,,,,,,Bizon,,251,1,170,2,140,140,140,,,,
12,298,,,,5,0,,2025-11-24,80,1950,,,,,,,,Bizon,,175,5,256,2,298,300,300,,,,
3,921,,,,26,1,,2025-11-24,94,2354,,,,,,,,Bizon,,560,14,326,14,920,875,673,,,,
36,1046,,,,21,0,,2025-11-24,109,4706,,,,,,,,Bizon,,579,11,322,18,1046,829,576,,,,
46,300,,,,2,0,,2025-11-24,30,3472,,,,,,,,Bizon,,143,2,143,0,300,300,300,,,,
35,0,,,,1,0,,2025-11-24,45,3209,,,,,,,,Bizon,,104,1,114,0,0,215,183,,,,
66,290,,,,7,0,,2025-11-24,30,818,,,,,,,,Bizon,,12,10,29,0,290,300,300,,,,
28,16,,,,0,0,,2025-11-24,45,3,,,,,,,,Bizon,,48,0,237,0,16,12,9,,,,
49,298,,,,4,0,,2025-11-24,30,289,,,,,,,,Bizon,,119,4,59,2,298,171,0,,,,
53,0,,,,0,0,,2025-11-24,75,0,,,,,,,,Bizon,,284,0,187,0,0,0,0,,,,
54,449,,,,3,0,,2025-11-24,45,2939,,,,,,,,Bizon,,145,3,100,0,449,451,450,,,,
55,0,,,,0,0,,2025-11-24,85,0,,,,,,,,Bizon,,231,0,119,0,0,0,0,,,,
60,268,,,,8,0,,2025-11-24,35,1728,,,,,,,,Bizon,,206,4,81,5,268,3,325,,,,
2,5,,,,0,0,,2025-11-25,86,0,,,,,,,,Bizon,,584,-1,256,1,5,0,2,,,,
11,744,,,,11,2,,2025-11-25,100,8915,,,,,,,,Bizon,,803,5,630,9,742,584,0,,,,
25,0,,,,0,0,,2025-11-25,93,56,,,,,,,,Bizon,,207,0,655,0,0,0,0,,,,
41,0,,,,0,0,,2025-11-25,15,0,,,,,,,,Bizon,,125,0,85,0,0,9,0,,,,
5,135,,,,2,0,,2025-11-25,70,527,,,,,,,,Bizon,,254,1,171,3,135,140,140,,,,
12,300,,,,2,0,,2025-11-25,80,1950,,,,,,,,Bizon,,177,3,259,2,300,300,300,,,,
3,868,,,,24,4,,2025-11-25,94,2354,,,,,,,,Bizon,,569,20,346,9,864,675,354,,,,
36,805,,,,33,0,,2025-11-25,109,4706,,,,,,,,Bizon,,606,26,348,27,805,576,394,,,,
46,299,,,,9,0,,2025-11-25,30,3472,,,,,,,,Bizon,,153,3,146,10,299,300,300,,,,
35,213,,,,6,0,,2025-11-25,45,3209,,,,,,,,Bizon,,110,6,120,6,213,183,0,,,,
66,296,,,,6,0,,2025-11-25,30,818,,,,,,,,Bizon,,12,8,37,0,296,300,72,,,,
28,12,,,,0,0,,2025-11-25,45,3,,,,,,,,Bizon,,48,0,237,0,12,9,0,,,,
49,171,,,,5,0,,2025-11-25,30,289,,,,,,,,Bizon,,122,5,64,3,171,0,0,,,,
53,707,,,,12,0,,2025-11-25,75,997,,,,,,,,Bizon,,300,6,193,16,707,750,750,,,,
54,449,,,,3,1,,2025-11-25,45,2939,,,,,,,,Bizon,,150,3,103,5,448,450,450,,,,
55,842,,,,39,10,,2025-11-25,85,2942,,,,,,,,Bizon,,260,17,136,29,832,850,850,,,,
60,3,,,,1,0,,2025-11-25,35,1728,,,,,,,,Bizon,,207,0,81,1,3,325,160,,,,
63,364,,,,21,0,,2025-11-25,40,658,,,,,,,,Bizon,,13,8,8,13,364,0,0,,,,
2,0,,,,0,0,,2025-11-26,86,0,,,,,,,,Bizon,,584,0,256,0,0,2,133,,,,
11,571,,,,10,3,,2025-11-26,100,8915,,,,,,,,Bizon,,806,11,641,3,568,10,0,,,,
25,0,,,,0,0,,2025-11-26,93,56,,,,,,,,Bizon,,207,0,655,0,0,0,0,,,,
41,0,,,,0,0,,2025-11-26,15,0,,,,,,,,Bizon,,125,0,85,0,0,9,0,,,,
5,130,,,,4,0,,2025-11-26,70,527,,,,,,,,Bizon,,256,3,174,2,130,140,140,,,,
12,300,,,,9,0,,2025-11-26,80,1950,,,,,,,,Bizon,,180,8,267,3,300,300,300,,,,
3,659,,,,14,1,,2025-11-26,94,2354,,,,,,,,Bizon,,578,8,354,9,658,364,2,,,,
36,565,,,,23,0,,2025-11-26,109,4706,,,,,,,,Bizon,,629,23,371,23,565,394,212,,,,
46,297,,,,13,1,,2025-11-26,30,3472,,,,,,,,Bizon,,160,10,156,7,296,231,3,,,,
35,183,,,,5,1,,2025-11-26,45,3209,,,,,,,,Bizon,,116,4,124,6,182,0,0,,,,
66,297,,,,3,0,,2025-11-26,30,818,,,,,,,,Bizon,,13,3,40,1,297,72,0,,,,
28,9,,,,1,0,,2025-11-26,45,3,,,,,,,,Bizon,,48,2,239,0,9,0,0,,,,
49,0,,,,1,0,,2025-11-26,30,289,,,,,,,,Bizon,,122,1,65,0,0,0,0,,,,
53,700,,,,10,1,,2025-11-26,75,997,,,,,,,,Bizon,,310,7,200,10,699,750,563,,,,
54,447,,,,6,0,,2025-11-26,45,2939,,,,,,,,Bizon,,156,3,106,6,447,450,450,,,,
55,860,,,,27,15,,2025-11-26,85,2942,,,,,,,,Bizon,,281,17,153,21,845,850,372,,,,
60,325,,,,24,0,,2025-11-26,35,1728,,,,,,,,Bizon,,223,13,94,16,325,160,0,,,,
63,280,,,,16,6,,2025-11-26,40,658,,,,,,,,Bizon,,29,2,10,16,275,0,0,,,,
2,2,,,,0,0,,2025-11-27,86,0,,,,,,,,Bizon,,584,0,256,0,2,133,0,,,,
11,10,,,,3,0,,2025-11-27,100,8915,,,,,,,,Bizon,,807,2,643,1,10,0,0,,,,
5,130,,,,7,1,,2025-11-27,70,527,,,,,,,,Bizon,,265,3,177,9,129,140,0,,,,
12,300,,,,4,0,,2025-11-27,80,1950,,,,,,,,Bizon,,181,4,271,1,300,300,0,,,,
36,390,,,,19,0,,2025-11-27,109,4706,,,,,,,,Bizon,,637,14,385,8,390,212,0,,,,
46,301,,,,12,4,,2025-11-27,30,3472,,,,,,,,Bizon,,171,2,158,11,297,297,0,,,,
35,0,,,,0,0,,2025-11-27,45,3209,,,,,,,,Bizon,,117,-1,123,1,0,0,0,,,,
66,70,,,,0,0,,2025-11-27,30,818,,,,,,,,Bizon,,13,0,40,0,70,0,0,,,,
53,729,,,,11,4,,2025-11-27,75,997,,,,,,,,Bizon,,319,9,209,9,725,563,0,,,,
54,448,,,,8,3,,2025-11-27,45,2939,,,,,,,,Bizon,,162,5,111,6,445,450,0,,,,
55,834,,,,44,18,,2025-11-27,85,2942,,,,,,,,Bizon,,322,14,167,41,819,372,0,,,,
28,0,,,,0,0,,2025-11-27,45,3,,,,,,,,Bizon,,48,0,239,0,0,0,0,,,,
25,0,,,,0,0,,2025-11-27,93,56,,,,,,,,Bizon,,207,0,655,0,0,0,0,,,,
41,0,,,,0,0,,2025-11-27,15,0,,,,,,,,Bizon,,125,0,85,0,0,9,0,,,,
3,355,,,,9,0,,2025-11-27,94,2354,,,,,,,,Bizon,,584,4,358,6,355,11,0,,,,
49,0,,,,0,0,,2025-11-27,30,289,,,,,,,,Bizon,,122,0,65,0,0,0,0,,,,
60,157,,,,6,0,,2025-11-27,35,1728,,,,,,,,Bizon,,228,5,99,5,157,0,0,,,,
63,300,,,,6,3,,2025-11-27,40,1257,,,,,,,,Bizon,,35,1,11,6,297,299,0,,,,
2,131,,,,4,0,,2025-11-28,116,0,,,,,,,,Bizon,,585,3,259,1,131,2,0,,,,
11,734,,,,10,6,,2025-11-28,100,8915,,,,,,,,Bizon,,823,4,647,16,729,0,0,,,,
5,114,,,,4,0,,2025-11-28,70,527,,,,,,,,Bizon,,270,2,179,5,114,0,0,,,,
12,300,,,,1,0,,2025-11-28,80,1950,,,,,,,,Bizon,,182,0,271,1,300,0,0,,,,
36,212,,,,7,0,,2025-11-28,109,4706,,,,,,,,Bizon,,647,5,390,10,212,0,0,,,,
46,298,,,,7,3,,2025-11-28,30,3475,,,,,,,,Bizon,,176,3,161,5,296,0,0,,,,
35,0,,,,0,0,,2025-11-28,45,3209,,,,,,,,Bizon,,117,0,123,0,0,0,0,,,,
66,0,,,,0,0,,2025-11-28,0,818,,,,,,,,Bizon,,13,0,40,0,0,0,0,,,,
53,557,,,,14,7,,2025-11-28,75,997,,,,,,,,Bizon,,337,4,213,18,550,0,0,,,,
54,450,,,,7,0,,2025-11-28,45,2939,,,,,,,,Bizon,,165,5,116,3,450,0,0,,,,
55,368,,,,22,5,,2025-11-28,85,2942,,,,,,,,Bizon,,340,9,176,18,363,0,0,,,,
28,0,,,,0,0,,2025-11-28,45,3,,,,,,,,Bizon,,48,0,239,0,0,0,0,,,,
25,0,,,,0,0,,2025-11-28,93,56,,,,,,,,Bizon,,207,0,655,0,0,0,0,,,,
41,0,,,,0,0,,2025-11-28,15,0,,,,,,,,Bizon,,125,0,85,0,0,0,0,,,,
3,0,,,,1,0,,2025-11-28,94,2354,,,,,,,,Bizon,,584,1,359,0,11,0,0,,,,
49,0,,,,0,0,,2025-11-28,30,289,,,,,,,,Bizon,,122,0,65,0,0,0,0,,,,
60,0,,,,0,0,,2025-11-28,35,1728,,,,,,,,Bizon,,228,0,99,0,0,0,0,,,,
63,299,,,,2,0,,2025-11-28,40,1257,,,,,,,,Bizon,,38,-1,10,3,299,0,0,,,,
2,0,,,,0,0,,2025-11-29,116,0,,,,,,,,Bizon,,585,0,259,0,0,0,403,,,,
11,0,,,,0,0,,2025-11-29,100,8915,,,,,,,,Bizon,,823,0,647,0,0,0,750,,,,
5,0,,,,0,0,,2025-11-29,70,527,,,,,,,,Bizon,,270,0,179,0,0,0,139,,,,
12,0,,,,0,0,,2025-11-29,80,1950,,,,,,,,Bizon,,182,0,271,0,0,0,300,,,,
36,0,,,,0,0,,2025-11-29,109,4706,,,,,,,,Bizon,,647,0,390,0,0,0,160,,,,
46,0,,,,0,0,,2025-11-29,30,3475,,,,,,,,Bizon,,176,0,161,0,0,0,300,,,,
35,0,,,,0,0,,2025-11-29,45,3209,,,,,,,,Bizon,,117,0,123,0,0,0,0,,,,
66,0,,,,0,0,,2025-11-29,0,818,,,,,,,,Bizon,,13,0,40,0,0,0,0,,,,
53,0,,,,0,0,,2025-11-29,75,997,,,,,,,,Bizon,,337,0,213,0,0,0,750,,,,
54,0,,,,1,0,,2025-11-29,45,2939,,,,,,,,Bizon,,165,1,117,0,0,0,450,,,,
55,0,,,,0,1,,2025-11-29,85,2942,,,,,,,,Bizon,,340,0,176,0,0,0,850,,,,
28,0,,,,0,0,,2025-11-29,45,3,,,,,,,,Bizon,,48,0,239,0,0,0,0,,,,
25,0,,,,0,0,,2025-11-29,93,56,,,,,,,,Bizon,,207,0,655,0,0,0,0,,,,
41,0,,,,0,0,,2025-11-29,15,0,,,,,,,,Bizon,,125,0,85,0,0,0,9,,,,
63,0,,,,0,1,,2025-11-29,40,1257,,,,,,,,Bizon,,38,0,10,0,0,0,383,,,,
2,0,,,,0,0,,2025-11-30,116,0,,,,,,,,Bizon,,585,0,259,0,0,403,414,,,,
11,0,,,,1,0,,2025-11-30,100,8915,,,,,,,,Bizon,,823,1,648,0,0,750,749,,,,
5,0,,,,0,0,,2025-11-30,70,527,,,,,,,,Bizon,,270,0,179,0,0,139,136,,,,
12,0,,,,0,0,,2025-11-30,80,1950,,,,,,,,Bizon,,182,0,271,0,0,300,300,,,,
36,0,,,,0,0,,2025-11-30,109,4706,,,,,,,,Bizon,,647,0,390,0,0,160,0,,,,
46,0,,,,0,0,,2025-11-30,30,3475,,,,,,,,Bizon,,176,0,161,0,0,300,300,,,,
35,0,,,,0,0,,2025-11-30,45,3209,,,,,,,,Bizon,,117,0,123,0,0,0,0,,,,
66,0,,,,0,0,,2025-11-30,0,818,,,,,,,,Bizon,,13,0,40,0,0,0,0,,,,
53,0,,,,0,0,,2025-11-30,75,997,,,,,,,,Bizon,,337,0,213,0,0,750,750,,,,
54,0,,,,0,0,,2025-11-30,45,2939,,,,,,,,Bizon,,165,0,117,0,0,450,450,,,,
55,0,,,,0,0,,2025-11-30,85,2942,,,,,,,,Bizon,,340,0,176,0,0,850,850,,,,
28,0,,,,0,0,,2025-11-30,45,3,,,,,,,,Bizon,,48,0,239,0,0,0,0,,,,
25,0,,,,0,0,,2025-11-30,93,56,,,,,,,,Bizon,,207,0,655,0,0,0,0,,,,
41,0,,,,0,0,,2025-11-30,15,0,,,,,,,,Bizon,,125,0,85,0,0,9,0,,,,
63,0,,,,0,1,,2025-11-30,40,1257,,,,,,,,Bizon,,38,0,10,0,0,383,300,,,,
2,123,,,,3,0,,2025-12-01,40,0,,,,,,,,Bizon,,589,1,260,4,123,134,11,,,,
11,722,,,,2,0,,2025-12-01,100,0,,,,,,,,Bizon,,825,2,650,2,722,750,469,,,,
5,131,,,,5,1,,2025-12-01,70,0,,,,,,,,Bizon,,275,3,182,5,130,136,136,,,,
12,296,,,,10,0,,2025-12-01,80,0,,,,,,,,Bizon,,184,10,281,2,296,300,300,,,,
36,160,,,,7,0,,2025-12-01,109,0,,,,,,,,Bizon,,653,6,396,6,160,0,0,,,,
46,238,,,,4,4,,2025-12-01,30,0,,,,,,,,Bizon,,178,3,164,2,234,300,300,,,,
35,297,,,,10,0,,2025-12-01,45,0,,,,,,,,Bizon,,122,6,129,5,297,300,300,,,,
66,301,,,,15,4,,2025-12-01,30,1218,,,,,,,,Bizon,,25,5,45,12,297,300,300,,,,
53,750,,,,10,0,,2025-12-01,75,0,,,,,,,,Bizon,,346,5,218,9,750,750,750,,,,
54,449,,,,3,0,,2025-12-01,45,0,,,,,,,,Bizon,,171,2,119,6,449,450,450,,,,
55,826,,,,34,1,,2025-12-01,85,0,,,,,,,,Bizon,,362,20,196,22,825,850,839,,,,
28,0,,,,0,0,,2025-12-01,45,0,,,,,,,,Bizon,,48,0,239,0,0,0,0,,,,
25,0,,,,0,0,,2025-12-01,93,0,,,,,,,,Bizon,,207,0,655,0,0,0,0,,,,
41,0,,,,0,0,,2025-12-01,15,0,,,,,,,,Bizon,,125,0,85,0,0,9,0,,,,
63,382,,,,17,1,,2025-12-01,40,0,,,,,,,,Bizon,,43,13,23,5,382,300,300,,,,
64,743,,,,19,1,,2025-12-01,76,2895,,,,,,,,Bizon,,13,6,6,13,742,760,607,,,,
2,132,,,,5,0,,2025-12-02,40,0,,,,,,,,Bizon,,596,0,260,7,132,13,0,,,,
11,738,,,,10,0,,2025-12-02,100,126,,,,,,,,Bizon,,833,8,658,8,738,551,0,,,,
5,131,,,,6,0,,2025-12-02,70,0,,,,,,,,Bizon,,281,2,184,6,131,130,85,,,,
12,300,,,,5,2,,2025-12-02,80,0,,,,,,,,Bizon,,187,4,285,3,298,300,300,,,,
36,1074,,,,34,3,,2025-12-02,109,4998,,,,,,,,Bizon,,680,21,417,27,1071,1088,1090,,,,
46,301,,,,11,3,,2025-12-02,30,723,,,,,,,,Bizon,,186,5,169,8,298,300,285,,,,
35,296,,,,2,2,,2025-12-02,45,0,,,,,,,,Bizon,,124,0,129,2,294,300,300,,,,
64,746,,,,27,6,,2025-12-02,76,2895,,,,,,,,Bizon,,32,13,19,19,740,607,460,,,,
66,298,,,,4,6,,2025-12-02,30,1218,,,,,,,,Bizon,,28,2,47,3,292,300,300,,,,
53,739,,,,19,1,,2025-12-02,75,0,,,,,,,,Bizon,,353,17,235,7,738,750,413,,,,
54,448,,,,7,2,,2025-12-02,45,0,,,,,,,,Bizon,,174,5,124,3,446,450,450,,,,
55,838,,,,29,1,,2025-12-02,85,0,,,,,,,,Bizon,,383,16,212,21,837,839,183,,,,
28,0,,,,0,0,,2025-12-02,45,0,,,,,,,,Bizon,,48,0,239,0,0,0,0,,,,
25,0,,,,0,0,,2025-12-02,93,0,,,,,,,,Bizon,,207,0,655,0,0,0,0,,,,
41,0,,,,0,0,,2025-12-02,15,0,,,,,,,,Bizon,,125,0,85,0,0,9,0,,,,
63,298,,,,14,3,,2025-12-02,40,1736,,,,,,,,Bizon,,51,8,31,8,296,300,300,,,,
65,200,,,,13,4,,2025-12-02,40,1432,,,,,,,,Bizon,,11,3,3,11,196,200,200,,,,
2,12,,,,0,1,,2025-12-03,40,0,,,,,,,,Bizon,,596,0,260,0,12,1,26,,,,
11,720,,,,19,1,,2025-12-03,100,296,,,,,,,,Bizon,,836,19,677,3,719,226,0,,,,
5,138,,,,7,0,,2025-12-03,70,3832,,,,,,,,Bizon,,286,3,187,5,138,700,700,,,,
12,300,,,,4,1,,2025-12-03,80,0,,,,,,,,Bizon,,191,4,289,4,299,300,300,,,,
36,1067,,,,46,7,,2025-12-03,109,4998,,,,,,,,Bizon,,702,33,450,22,1060,1090,1090,,,,
46,299,,,,10,2,,2025-12-03,30,723,,,,,,,,Bizon,,193,6,175,7,297,285,0,,,,
35,300,,,,5,0,,2025-12-03,45,736,,,,,,,,Bizon,,128,2,131,4,300,278,299,,,,
64,598,,,,15,4,,2025-12-03,76,2895,,,,,,,,Bizon,,39,15,34,7,595,460,348,,,,
66,300,,,,5,2,,2025-12-03,30,1218,,,,,,,,Bizon,,31,3,50,3,298,300,292,,,,
53,743,,,,22,0,,2025-12-03,75,0,,,,,,,,Bizon,,366,15,250,13,743,413,4,,,,
54,449,,,,4,0,,2025-12-03,45,0,,,,,,,,Bizon,,176,4,128,2,449,450,444,,,,
55,821,,,,35,0,,2025-12-03,85,0,,,,,,,,Bizon,,409,22,234,26,821,183,0,,,,
28,0,,,,0,0,,2025-12-03,45,0,,,,,,,,Bizon,,48,0,239,0,0,0,0,,,,
25,0,,,,0,0,,2025-12-03,93,0,,,,,,,,Bizon,,207,0,655,0,0,0,0,,,,
41,0,,,,0,0,,2025-12-03,15,0,,,,,,,,Bizon,,125,0,85,0,0,9,0,,,,
63,298,,,,24,2,,2025-12-03,40,1736,,,,,,,,Bizon,,69,6,37,18,296,300,295,,,,
65,200,,,,21,3,,2025-12-03,40,1432,,,,,,,,Bizon,,20,12,15,9,197,200,200,,,,
11,727,,,,16,5,,2025-12-04,100,296,,,,,,,,Bizon,,851,7,684,15,722,727,0,,,,
5,685,,,,10,3,,2025-12-04,70,3832,,,,,,,,Bizon,,295,6,193,9,682,700,0,,,,
12,300,,,,4,1,,2025-12-04,80,0,,,,,,,,Bizon,,193,5,294,2,299,300,0,,,,
36,1044,,,,36,1,,2025-12-04,109,4998,,,,,,,,Bizon,,731,22,472,29,1043,1090,0,,,,
46,283,,,,9,2,,2025-12-04,30,1320,,,,,,,,Bizon,,205,2,177,12,281,0,0,,,,
35,278,,,,17,1,,2025-12-04,45,736,,,,,,,,Bizon,,140,7,138,12,277,298,0,,,,
64,453,,,,12,1,,2025-12-04,76,2895,,,,,,,,Bizon,,45,10,44,6,452,355,0,,,,
66,300,,,,9,3,,2025-12-04,30,1218,,,,,,,,Bizon,,38,2,52,7,297,292,0,,,,
53,409,,,,14,3,,2025-12-04,75,0,,,,,,,,Bizon,,374,10,260,8,406,4,0,,,,
54,450,,,,1,0,,2025-12-04,45,0,,,,,,,,Bizon,,176,1,129,0,450,444,0,,,,
55,182,,,,10,0,,2025-12-04,85,0,,,,,,,,Bizon,,417,6,240,8,182,0,0,,,,
25,0,,,,0,0,,2025-12-04,93,0,,,,,,,,Bizon,,207,0,655,0,0,0,0,,,,
41,0,,,,0,0,,2025-12-04,15,0,,,,,,,,Bizon,,125,0,85,0,0,9,0,,,,
63,299,,,,14,7,,2025-12-04,40,1736,,,,,,,,Bizon,,80,3,40,11,292,295,0,,,,
65,200,,,,15,2,,2025-12-04,40,1432,,,,,,,,Bizon,,30,7,22,10,198,200,0,,,,
2,1,,,,0,0,,2025-12-04,40,0,,,,,,,,Bizon,,596,0,260,0,1,26,0,,,,
28,0,,,,0,0,,2025-12-04,45,0,,,,,,,,Bizon,,48,0,239,0,0,0,0,,,,
11,697,,,,13,0,,2025-12-05,100,296,,,,,,,,Bizon,,863,4,688,12,697,0,0,,,,
5,688,,,,11,3,,2025-12-05,70,3832,,,,,,,,Bizon,,305,4,197,10,685,0,0,,,,
12,296,,,,5,0,,2025-12-05,80,0,,,,,,,,Bizon,,197,4,298,4,296,0,0,,,,
36,1057,,,,37,2,,2025-12-05,109,4998,,,,,,,,Bizon,,767,23,495,36,1055,0,0,,,,
46,301,,,,6,3,,2025-12-05,30,1380,,,,,,,,Bizon,,210,3,180,5,298,0,0,,,,
35,297,,,,18,3,,2025-12-05,45,736,,,,,,,,Bizon,,157,11,149,17,294,0,0,,,,
64,350,,,,5,2,,2025-12-05,76,2895,,,,,,,,Bizon,,48,2,46,3,348,0,0,,,,
66,292,,,,8,3,,2025-12-05,30,1218,,,,,,,,Bizon,,40,9,61,2,289,0,0,,,,
53,4,,,,2,0,,2025-12-05,75,0,,,,,,,,Bizon,,374,2,262,0,4,0,0,,,,
54,443,,,,5,0,,2025-12-05,45,0,,,,,,,,Bizon,,177,7,136,1,443,0,0,,,,
55,0,,,,2,0,,2025-12-05,85,0,,,,,,,,Bizon,,417,3,243,0,0,0,0,,,,
25,0,,,,0,0,,2025-12-05,93,0,,,,,,,,Bizon,,207,0,655,0,0,0,0,,,,
41,0,,,,0,0,,2025-12-05,15,0,,,,,,,,Bizon,,125,0,85,0,0,0,0,,,,
63,402,,,,23,4,,2025-12-05,40,1736,,,,,,,,Bizon,,101,3,43,21,399,0,0,,,,
65,200,,,,11,3,,2025-12-05,40,1432,,,,,,,,Bizon,,35,8,30,5,197,0,0,,,,
2,25,,,,1,0,,2025-12-05,40,0,,,,,,,,Bizon,,597,0,260,1,25,1,0,,,,
28,0,,,,0,0,,2025-12-05,45,2516,,,,,,,,Bizon,,48,0,239,0,0,0,0,,,,
11,0,,,,0,0,,2025-12-06,100,296,,,,,,,,Bizon,,863,0,688,0,0,0,551,,,,
5,0,,,,0,0,,2025-12-06,70,3832,,,,,,,,Bizon,,305,0,197,0,0,0,700,,,,
12,0,,,,0,0,,2025-12-06,80,0,,,,,,,,Bizon,,197,0,298,0,0,0,300,,,,
36,0,,,,0,0,,2025-12-06,109,4998,,,,,,,,Bizon,,767,0,495,0,0,0,1090,,,,
46,0,,,,1,0,,2025-12-06,30,1380,,,,,,,,Bizon,,210,1,181,0,0,0,300,,,,
35,0,,,,0,0,,2025-12-06,45,736,,,,,,,,Bizon,,157,0,149,0,0,0,165,,,,
64,0,,,,0,0,,2025-12-06,76,2895,,,,,,,,Bizon,,48,0,46,0,0,0,5,,,,
66,0,,,,0,0,,2025-12-06,30,1218,,,,,,,,Bizon,,40,0,61,0,0,0,300,,,,
53,0,,,,0,0,,2025-12-06,75,0,,,,,,,,Bizon,,374,0,262,0,0,0,0,,,,
54,0,,,,0,0,,2025-12-06,45,0,,,,,,,,Bizon,,177,0,136,0,0,0,440,,,,
55,0,,,,0,0,,2025-12-06,85,0,,,,,,,,Bizon,,417,0,243,0,0,0,0,,,,
25,0,,,,0,0,,2025-12-06,93,0,,,,,,,,Bizon,,207,0,655,0,0,0,0,,,,
41,0,,,,0,0,,2025-12-06,15,0,,,,,,,,Bizon,,125,0,85,0,0,0,9,,,,
63,0,,,,0,0,,2025-12-06,40,1736,,,,,,,,Bizon,,101,1,44,0,0,0,400,,,,
65,0,,,,1,0,,2025-12-06,40,1432,,,,,,,,Bizon,,35,1,31,0,0,0,200,,,,
2,0,,,,0,0,,2025-12-06,40,0,,,,,,,,Bizon,,597,0,260,0,0,0,105,,,,
28,0,,,,0,0,,2025-12-06,45,2516,,,,,,,,Bizon,,48,0,239,0,0,0,0,,,,
11,0,,,,0,0,,2025-12-07,100,296,,,,,,,,Bizon,,863,0,688,0,0,551,11,,,,
5,0,,,,0,0,,2025-12-07,70,3832,,,,,,,,Bizon,,305,0,197,0,0,700,700,,,,
12,0,,,,0,0,,2025-12-07,80,0,,,,,,,,Bizon,,197,0,298,0,0,300,300,,,,
36,0,,,,0,0,,2025-12-07,109,4998,,,,,,,,Bizon,,767,0,495,0,0,1090,1090,,,,
46,0,,,,1,0,,2025-12-07,30,1380,,,,,,,,Bizon,,210,1,182,0,0,300,300,,,,
35,0,,,,0,0,,2025-12-07,45,736,,,,,,,,Bizon,,157,0,149,0,0,165,259,,,,
64,0,,,,0,0,,2025-12-07,76,2895,,,,,,,,Bizon,,48,0,46,0,0,5,0,,,,
66,0,,,,1,0,,2025-12-07,30,1218,,,,,,,,Bizon,,40,1,62,0,0,300,300,,,,
53,0,,,,1,0,,2025-12-07,75,0,,,,,,,,Bizon,,374,1,263,0,0,0,26,,,,
54,0,,,,0,0,,2025-12-07,45,0,,,,,,,,Bizon,,177,0,136,0,0,440,215,,,,
55,0,,,,0,0,,2025-12-07,85,0,,,,,,,,Bizon,,417,0,243,0,0,0,794,,,,
25,0,,,,0,0,,2025-12-07,93,0,,,,,,,,Bizon,,207,0,655,0,0,0,0,,,,
41,0,,,,0,0,,2025-12-07,15,0,,,,,,,,Bizon,,125,0,85,0,0,9,0,,,,
63,0,,,,0,0,,2025-12-07,40,1736,,,,,,,,Bizon,,101,0,44,0,0,400,321,,,,
65,0,,,,0,0,,2025-12-07,40,1432,,,,,,,,Bizon,,35,0,31,0,0,200,200,,,,
2,0,,,,0,0,,2025-12-07,40,0,,,,,,,,Bizon,,597,0,260,0,0,106,71,,,,
28,0,,,,0,0,,2025-12-07,45,2516,,,,,,,,Bizon,,48,0,239,0,0,0,0,,,,
11,686,,,,8,0,,2025-12-08,100,2386,,,,,,,,Bizon,,873,8,696,10,686,747,750,,,,
5,692,,,,15,0,,2025-12-08,70,3832,,,,,,,,Bizon,,306,16,213,1,692,700,700,,,,
12,300,,,,5,0,,2025-12-08,80,0,,,,,,,,Bizon,,197,6,304,0,300,300,300,,,,
36,1070,,,,22,0,,2025-12-08,109,4998,,,,,,,,Bizon,,800,14,509,33,1070,1090,1090,,,,
46,301,,,,6,0,,2025-12-08,30,3627,,,,,,,,Bizon,,212,5,187,2,301,300,300,,,,
35,297,,,,8,0,,2025-12-08,75,736,,,,,,,,Bizon,,169,2,151,12,297,300,300,,,,
64,0,,,,0,0,,2025-12-08,0,2895,,,,,,,,Bizon,,48,0,46,0,0,0,0,,,,
66,300,,,,5,0,,2025-12-08,30,1218,,,,,,,,Bizon,,42,4,66,2,300,300,275,,,,
53,747,,,,10,0,,2025-12-08,75,0,,,,,,,,Bizon,,382,7,270,8,747,750,748,,,,
54,440,,,,5,0,,2025-12-08,45,0,,,,,,,,Bizon,,182,6,142,5,440,215,39,,,,
55,0,,,,2,0,,2025-12-08,85,0,,,,,,,,Bizon,,417,3,246,0,0,794,807,,,,
25,0,,,,0,0,,2025-12-08,93,0,,,,,,,,Bizon,,207,0,655,0,0,0,0,,,,
41,0,,,,0,0,,2025-12-08,15,0,,,,,,,,Bizon,,125,0,85,0,0,9,0,,,,
63,396,,,,18,0,,2025-12-08,40,2436,,,,,,,,Bizon,,113,10,54,12,396,400,400,,,,
65,193,,,,16,0,,2025-12-08,40,1432,,,,,,,,Bizon,,40,11,42,5,193,200,200,,,,
2,103,,,,2,0,,2025-12-08,86,1740,,,,,,,,Bizon,,599,2,262,2,103,74,2,,,,
28,445,,,,14,2,,2025-12-08,45,2497,,,,,,,,Bizon,,58,5,244,10,443,450,450,,,,
11,717,,,,5,0,,2025-12-09,100,2386,,,,,,,,Bizon,,877,2,698,4,717,637,10,,,,
5,695,,,,15,0,,2025-12-09,70,3832,,,,,,,,Bizon,,310,13,226,4,695,700,700,,,,
12,300,,,,7,0,,2025-12-09,80,0,,,,,,,,Bizon,,200,6,310,3,300,300,300,,,,
36,1068,,,,26,1,,2025-12-09,109,4998,,,,,,,,Bizon,,811,19,528,11,1067,1087,1090,,,,
46,300,,,,16,0,,2025-12-09,30,3627,,,,,,,,Bizon,,222,14,201,10,300,300,300,,,,
35,289,,,,6,1,,2025-12-09,75,736,,,,,,,,Bizon,,174,4,155,5,289,300,300,,,,
66,300,,,,4,0,,2025-12-09,30,1238,,,,,,,,Bizon,,43,3,69,1,300,300,300,,,,
53,746,,,,13,0,,2025-12-09,75,0,,,,,,,,Bizon,,392,7,277,10,746,748,325,,,,
54,219,,,,4,0,,2025-12-09,45,0,,,,,,,,Bizon,,183,3,145,1,219,34,88,,,,
55,774,,,,26,0,,2025-12-09,85,0,,,,,,,,Bizon,,436,13,259,19,774,807,780,,,,
25,0,,,,0,0,,2025-12-09,93,0,,,,,,,,Bizon,,207,0,655,0,0,0,0,,,,
41,0,,,,0,0,,2025-12-09,15,0,,,,,,,,Bizon,,125,0,85,0,0,9,0,,,,
63,397,,,,11,2,,2025-12-09,40,2436,,,,,,,,Bizon,,125,-1,53,12,395,400,400,,,,
65,195,,,,6,0,,2025-12-09,40,1432,,,,,,,,Bizon,,41,5,47,1,195,200,200,,,,
28,447,,,,26,2,,2025-12-09,45,2497,,,,,,,,Bizon,,64,21,265,6,445,450,450,,,,
2,252,,,,6,2,,2025-12-09,86,1740,,,,,,,,Bizon,,600,6,268,1,250,250,250,,,,
11,712,,,,25,6,,2025-12-10,100,2386,,,,,,,,Bizon,,904,11,709,27,706,750,750,,,,
5,695,,,,12,1,,2025-12-10,70,3832,,,,,,,,Bizon,,317,9,235,7,694,700,700,,,,
12,300,,,,7,0,,2025-12-10,80,0,,,,,,,,Bizon,,203,7,317,3,300,300,297,,,,
36,1068,,,,15,0,,2025-12-10,109,4998,,,,,,,,Bizon,,824,11,539,13,1068,1090,1061,,,,
46,300,,,,12,1,,2025-12-10,30,3627,,,,,,,,Bizon,,228,9,210,6,299,299,299,,,,
35,297,,,,6,0,,2025-12-10,75,736,,,,,,,,Bizon,,187,5,160,13,297,300,300,,,,
66,300,,,,9,0,,2025-12-10,30,1238,,,,,,,,Bizon,,45,7,76,2,300,300,297,,,,
53,744,,,,16,2,,2025-12-10,75,0,,,,,,,,Bizon,,404,17,294,12,742,325,1,,,,
54,34,,,,0,0,,2025-12-10,45,0,,,,,,,,Bizon,,183,0,145,0,34,88,32,,,,
55,795,,,,12,0,,2025-12-10,85,0,,,,,,,,Bizon,,451,2,261,15,795,780,177,,,,
25,0,,,,0,0,,2025-12-10,93,0,,,,,,,,Bizon,,207,0,655,0,0,0,0,,,,
41,0,,,,0,0,,2025-12-10,15,0,,,,,,,,Bizon,,125,0,85,0,0,9,0,,,,
63,396,,,,24,3,,2025-12-10,40,2436,,,,,,,,Bizon,,137,13,66,12,393,400,400,,,,
65,200,,,,9,0,,2025-12-10,40,1432,,,,,,,,Bizon,,46,5,52,5,200,200,200,,,,
28,444,,,,19,6,,2025-12-10,45,2497,,,,,,,,Bizon,,73,11,276,9,438,450,450,,,,
2,232,,,,2,0,,2025-12-10,86,1740,,,,,,,,Bizon,,602,1,269,2,232,250,250,,,,
11,744,,,,21,4,,2025-12-11,100,3632,,,,,,,,Bizon,,915,12,721,11,740,484,0,,,,
5,694,,,,7,1,,2025-12-11,70,3832,,,,,,,,Bizon,,322,6,241,5,693,695,0,,,,
12,299,,,,7,1,,2025-12-11,80,0,,,,,,,,Bizon,,205,7,324,2,298,299,0,,,,
36,1068,,,,45,10,,2025-12-11,109,4998,,,,,,,,Bizon,,867,26,565,43,1058,1035,0,,,,
46,299,,,,9,1,,2025-12-11,30,3627,,,,,,,,Bizon,,230,7,217,2,298,278,0,,,,
35,297,,,,12,0,,2025-12-11,75,736,,,,,,,,Bizon,,192,10,170,5,297,300,0,,,,
66,294,,,,10,0,,2025-12-11,30,1238,,,,,,,,Bizon,,51,7,83,6,294,300,0,,,,
53,322,,,,3,0,,2025-12-11,75,0,,,,,,,,Bizon,,411,0,293,7,322,1,0,,,,
54,450,,,,2,1,,2025-12-11,45,1659,,,,,,,,Bizon,,183,2,147,0,449,450,0,,,,
55,772,,,,22,1,,2025-12-11,85,989,,,,,,,,Bizon,,471,11,272,20,771,850,0,,,,
25,0,,,,0,0,,2025-12-11,93,0,,,,,,,,Bizon,,207,0,655,0,0,0,0,,,,
41,0,,,,0,0,,2025-12-11,15,0,,,,,,,,Bizon,,125,0,85,0,0,9,0,,,,
63,393,,,,25,5,,2025-12-11,40,2436,,,,,,,,Bizon,,160,4,70,23,388,400,0,,,,
65,197,,,,12,0,,2025-12-11,40,1831,,,,,,,,Bizon,,56,2,54,10,197,200,0,,,,
28,439,,,,19,3,,2025-12-11,45,2497,,,,,,,,Bizon,,81,12,288,8,436,448,0,,,,
2,242,,,,2,2,,2025-12-11,86,1740,,,,,,,,Bizon,,604,2,271,2,240,350,0,,,,
11,703,,,,13,0,,2025-12-12,100,3632,,,,,,,,Bizon,,923,8,729,8,703,9,0,,,,
5,692,,,,12,1,,2025-12-12,70,3832,,,,,,,,Bizon,,332,7,248,10,691,2,0,,,,
12,293,,,,5,1,,2025-12-12,80,0,,,,,,,,Bizon,,208,5,329,3,292,0,0,,,,
36,1020,,,,37,4,,2025-12-12,109,4998,,,,,,,,Bizon,,899,19,584,32,1016,12,0,,,,
46,276,,,,7,0,,2025-12-12,30,3627,,,,,,,,Bizon,,237,0,217,7,276,0,0,,,,
35,298,,,,10,1,,2025-12-12,75,736,,,,,,,,Bizon,,199,7,177,7,297,0,0,,,,
66,290,,,,6,0,,2025-12-12,30,1238,,,,,,,,Bizon,,54,3,86,3,290,0,0,,,,
53,1,,,,2,0,,2025-12-12,75,0,,,,,,,,Bizon,,411,2,295,0,1,0,0,,,,
54,448,,,,6,1,,2025-12-12,45,1659,,,,,,,,Bizon,,186,4,151,3,447,0,0,,,,
55,834,,,,29,6,,2025-12-12,85,989,,,,,,,,Bizon,,497,8,280,26,828,0,0,,,,
25,0,,,,0,0,,2025-12-12,93,0,,,,,,,,Bizon,,207,0,655,0,0,0,0,,,,
41,0,,,,0,0,,2025-12-12,15,0,,,,,,,,Bizon,,125,0,85,0,0,9,0,,,,
63,400,,,,11,0,,2025-12-12,40,2436,,,,,,,,Bizon,,174,0,70,14,400,0,0,,,,
65,398,,,,27,5,,2025-12-12,40,1831,,,,,,,,Bizon,,71,12,66,15,393,0,0,,,,
28,428,,,,29,8,,2025-12-12,45,2497,,,,,,,,Bizon,,102,15,303,21,420,0,0,,,,
2,327,,,,7,3,,2025-12-12,86,1740,,,,,,,,Bizon,,607,7,278,3,324,0,0,,,,
11,0,,,,0,0,,2025-12-13,100,3632,,,,,,,,Bizon,,923,0,729,0,0,0,475,,,,
5,0,,,,0,0,,2025-12-13,70,3832,,,,,,,,Bizon,,332,0,248,0,0,0,697,,,,
12,0,,,,0,0,,2025-12-13,80,0,,,,,,,,Bizon,,208,0,329,0,0,0,194,,,,
36,0,,,,0,0,,2025-12-13,109,4998,,,,,,,,Bizon,,899,0,584,0,0,0,434,,,,
46,0,,,,0,0,,2025-12-13,30,3627,,,,,,,,Bizon,,237,0,217,0,0,0,300,,,,
35,0,,,,0,0,,2025-12-13,75,736,,,,,,,,Bizon,,199,0,177,0,0,0,300,,,,
66,0,,,,0,0,,2025-12-13,30,1238,,,,,,,,Bizon,,54,0,86,0,0,0,300,,,,
53,0,,,,0,0,,2025-12-13,75,0,,,,,,,,Bizon,,411,0,295,0,0,0,29,,,,
54,0,,,,0,0,,2025-12-13,45,1659,,,,,,,,Bizon,,186,0,151,0,0,0,450,,,,
55,0,,,,0,0,,2025-12-13,85,989,,,,,,,,Bizon,,497,0,280,0,0,0,316,,,,
25,0,,,,0,0,,2025-12-13,93,0,,,,,,,,Bizon,,207,0,655,0,0,0,0,,,,
41,0,,,,0,0,,2025-12-13,15,0,,,,,,,,Bizon,,125,0,85,0,0,0,9,,,,
63,0,,,,0,0,,2025-12-13,40,2436,,,,,,,,Bizon,,174,0,70,0,0,0,400,,,,
65,0,,,,0,0,,2025-12-13,40,1831,,,,,,,,Bizon,,71,0,66,0,0,0,399,,,,
28,0,,,,1,0,,2025-12-13,45,2497,,,,,,,,Bizon,,102,1,304,0,0,0,450,,,,
2,0,,,,0,0,,2025-12-13,86,1740,,,,,,,,Bizon,,607,0,278,0,0,0,350,,,,
11,0,,,,2,0,,2025-12-14,100,3632,,,,,,,,Bizon,,923,2,731,0,0,475,4,,,,
5,0,,,,0,0,,2025-12-14,70,3832,,,,,,,,Bizon,,332,0,248,0,0,700,700,,,,
12,0,,,,0,0,,2025-12-14,80,0,,,,,,,,Bizon,,208,0,329,0,0,194,45,,,,
36,0,,,,0,0,,2025-12-14,109,4998,,,,,,,,Bizon,,899,0,584,0,0,434,932,,,,
46,0,,,,0,0,,2025-12-14,30,3627,,,,,,,,Bizon,,237,0,217,0,0,300,300,,,,
35,0,,,,0,0,,2025-12-14,75,736,,,,,,,,Bizon,,199,0,177,0,0,300,300,,,,
66,0,,,,0,0,,2025-12-14,30,1238,,,,,,,,Bizon,,54,0,86,0,0,300,300,,,,
53,0,,,,0,0,,2025-12-14,75,0,,,,,,,,Bizon,,411,0,295,0,0,29,1,,,,
54,0,,,,0,1,,2025-12-14,45,1659,,,,,,,,Bizon,,186,0,151,0,0,450,449,,,,
55,0,,,,0,0,,2025-12-14,85,989,,,,,,,,Bizon,,497,0,280,0,0,316,629,,,,
25,0,,,,0,0,,2025-12-14,93,0,,,,,,,,Bizon,,207,0,655,0,0,0,0,,,,
41,0,,,,0,0,,2025-12-14,15,0,,,,,,,,Bizon,,125,0,85,0,0,9,0,,,,
63,0,,,,0,0,,2025-12-14,40,2436,,,,,,,,Bizon,,174,0,70,0,0,400,400,,,,
65,0,,,,1,0,,2025-12-14,40,1831,,,,,,,,Bizon,,71,1,67,0,0,399,197,,,,
28,0,,,,0,0,,2025-12-14,45,2497,,,,,,,,Bizon,,102,0,304,0,0,450,450,,,,
2,0,,,,1,0,,2025-12-14,86,1740,,,,,,,,Bizon,,607,1,279,0,0,350,350,,,,
11,744,,,,14,0,,2025-12-15,100,3632,,,,,,,,Bizon,,931,10,741,8,744,726,181,,,,
5,692,,,,9,6,,2025-12-15,70,3832,,,,,,,,Bizon,,351,4,252,19,686,703,699,,,,
12,297,,,,2,1,,2025-12-15,80,233,,,,,,,,Bizon,,210,2,331,2,296,300,300,,,,
36,429,,,,18,0,,2025-12-15,109,4998,,,,,,,,Bizon,,906,14,598,7,429,936,983,,,,
46,298,,,,13,4,,2025-12-15,30,3627,,,,,,,,Bizon,,244,9,226,7,294,300,300,,,,
35,295,,,,10,0,,2025-12-15,75,736,,,,,,,,Bizon,,202,9,186,3,295,300,300,,,,
66,183,,,,1,0,,2025-12-15,30,1238,,,,,,,,Bizon,,54,1,87,0,183,0,0,,,,
53,29,,,,0,0,,2025-12-15,75,0,,,,,,,,Bizon,,411,0,295,0,29,1,0,,,,
54,449,,,,5,0,,2025-12-15,45,1659,,,,,,,,Bizon,,192,3,154,6,449,450,450,,,,
55,289,,,,15,4,,2025-12-15,85,989,,,,,,,,Bizon,,507,9,289,10,285,628,0,,,,
25,0,,,,0,0,,2025-12-15,93,0,,,,,,,,Bizon,,207,0,655,0,0,0,0,,,,
41,0,,,,0,0,,2025-12-15,15,0,,,,,,,,Bizon,,125,0,85,0,0,9,0,,,,
63,388,,,,16,1,,2025-12-15,40,2436,,,,,,,,Bizon,,185,5,75,11,387,400,400,,,,
65,395,,,,21,5,,2025-12-15,40,1831,,,,,,,,Bizon,,86,6,73,15,390,197,374,,,,
28,446,,,,27,0,,2025-12-15,45,2497,,,,,,,,Bizon,,106,25,329,4,446,450,450,,,,
2,497,,,,11,0,,2025-12-15,116,1740,,,,,,,,Bizon,,619,4,283,12,497,500,500,,,,
11,716,,,,13,1,,2025-12-16,100,3632,,,,,,,,Bizon,,940,10,751,9,715,189,78,,,,
5,696,,,,8,0,,2025-12-16,70,3832,,,,,,,,Bizon,,355,8,260,4,696,702,698,,,,
12,292,,,,2,0,,2025-12-16,45,233,,,,,,,,Bizon,,210,2,333,0,292,300,300,,,,
36,938,,,,20,1,,2025-12-16,109,4998,,,,,,,,Bizon,,933,13,611,27,937,980,0,,,,
46,303,,,,13,4,,2025-12-16,30,3627,,,,,,,,Bizon,,255,6,232,11,299,300,300,,,,
35,298,,,,5,2,,2025-12-16,75,736,,,,,,,,Bizon,,208,1,187,6,296,300,300,,,,
53,1,,,,1,0,,2025-12-16,75,0,,,,,,,,Bizon,,411,1,296,0,1,0,0,,,,
54,450,,,,7,1,,2025-12-16,45,1659,,,,,,,,Bizon,,193,6,160,1,449,450,450,,,,
55,602,,,,14,1,,2025-12-16,85,989,,,,,,,,Bizon,,512,9,298,5,602,0,0,,,,
25,0,,,,0,0,,2025-12-16,93,0,,,,,,,,Bizon,,207,0,655,0,0,0,0,,,,
41,0,,,,0,0,,2025-12-16,15,0,,,,,,,,Bizon,,125,0,85,0,0,9,0,,,,
63,390,,,,15,1,,2025-12-16,40,2436,,,,,,,,Bizon,,191,9,84,6,389,400,387,,,,
65,185,,,,13,4,,2025-12-16,40,1831,,,,,,,,Bizon,,96,3,76,10,181,373,185,,,,
28,439,,,,22,0,,2025-12-16,45,2497,,,,,,,,Bizon,,107,21,350,1,439,450,450,,,,
2,480,,,,9,2,,2025-12-16,116,1740,,,,,,,,Bizon,,626,14,297,7,478,500,188,,,,
11,736,,,,10,4,,2025-12-17,100,3632,,,,,,,,Bizon,,944,10,761,4,732,750,749,,,,
5,691,,,,5,0,,2025-12-17,70,3832,,,,,,,,Bizon,,358,3,263,3,691,697,700,,,,
12,289,,,,5,0,,2025-12-17,45,233,,,,,,,,Bizon,,212,4,337,2,289,300,300,,,,
36,980,,,,27,2,,2025-12-17,109,4998,,,,,,,,Bizon,,953,20,631,20,978,0,0,,,,
46,287,,,,6,1,,2025-12-17,30,3627,,,,,,,,Bizon,,268,1,233,13,286,294,300,,,,
35,299,,,,6,0,,2025-12-17,75,736,,,,,,,,Bizon,,209,5,192,1,299,300,300,,,,
53,0,,,,0,0,,2025-12-17,75,0,,,,,,,,Bizon,,411,0,296,0,0,0,0,,,,
54,450,,,,1,0,,2025-12-17,45,1659,,,,,,,,Bizon,,195,1,161,2,450,450,448,,,,
55,0,,,,6,0,,2025-12-17,85,989,,,,,,,,Bizon,,512,6,304,0,0,0,271,,,,
25,0,,,,0,0,,2025-12-17,93,0,,,,,,,,Bizon,,207,0,655,0,0,0,0,,,,
41,0,,,,0,0,,2025-12-17,15,0,,,,,,,,Bizon,,125,0,85,0,0,9,0,,,,
63,392,,,,17,0,,2025-12-17,40,2436,,,,,,,,Bizon,,197,16,100,6,392,390,312,,,,
65,365,,,,25,1,,2025-12-17,40,1831,,,,,,,,Bizon,,105,16,92,9,364,185,193,,,,
28,446,,,,30,2,,2025-12-17,45,2497,,,,,,,,Bizon,,114,25,375,7,444,450,445,,,,
2,483,,,,8,0,,2025-12-17,116,1740,,,,,,,,Bizon,,628,11,308,2,483,194,0,,,,
11,737,,,,8,7,,2025-12-18,100,3632,,,,,,,,Bizon,,949,6,767,5,730,750,0,,,,
5,689,,,,10,0,,2025-12-18,70,3832,,,,,,,,Bizon,,361,10,273,3,689,705,0,,,,
12,298,,,,5,0,,2025-12-18,45,233,,,,,,,,Bizon,,215,5,342,3,298,300,0,,,,
36,0,,,,4,0,,2025-12-18,109,4998,,,,,,,,Bizon,,956,1,632,3,0,0,0,,,,
46,298,,,,8,1,,2025-12-18,30,3627,,,,,,,,Bizon,,271,7,240,3,297,300,0,,,,
35,296,,,,10,2,,2025-12-18,75,736,,,,,,,,Bizon,,215,8,200,6,294,300,0,,,,
53,0,,,,0,0,,2025-12-18,75,0,,,,,,,,Bizon,,411,0,296,0,0,0,0,,,,
54,448,,,,7,0,,2025-12-18,45,1659,,,,,,,,Bizon,,203,6,167,8,448,450,0,,,,
55,0,,,,1,0,,2025-12-18,85,989,,,,,,,,Bizon,,512,1,305,0,0,271,0,,,,
25,0,,,,0,0,,2025-12-18,93,0,,,,,,,,Bizon,,207,0,655,0,0,0,0,,,,
41,0,,,,0,0,,2025-12-18,15,0,,,,,,,,Bizon,,125,0,85,0,0,9,0,,,,
63,391,,,,1,0,,2025-12-18,40,2436,,,,,,,,Bizon,,200,0,99,3,391,316,0,,,,
65,174,,,,5,0,,2025-12-18,40,1831,,,,,,,,Bizon,,106,5,97,1,174,193,0,,,,
28,225,,,,14,0,,2025-12-18,45,2497,,,,,,,,Bizon,,121,10,385,7,225,225,0,,,,
2,186,,,,9,5,,2025-12-18,116,1740,,,,,,,,Bizon,,630,8,316,2,181,3,0,,,,
11,729,,,,3,0,,2025-12-19,100,3632,,,,,,,,Bizon,,951,2,769,2,729,0,0,,,,
5,690,,,,10,0,,2025-12-19,70,3832,,,,,,,,Bizon,,377,3,276,16,690,7,0,,,,
12,299,,,,5,1,,2025-12-19,45,233,,,,,,,,Bizon,,215,5,347,0,298,0,0,,,,
36,0,,,,2,0,,2025-12-19,109,4998,,,,,,,,Bizon,,956,2,634,0,0,0,0,,,,
46,300,,,,7,1,,2025-12-19,30,3627,,,,,,,,Bizon,,279,3,243,8,299,0,0,,,,
35,291,,,,5,1,,2025-12-19,75,736,,,,,,,,Bizon,,219,5,205,4,290,0,0,,,,
53,0,,,,0,0,,2025-12-19,75,0,,,,,,,,Bizon,,411,0,296,0,0,0,0,,,,
54,446,,,,11,1,,2025-12-19,45,1659,,,,,,,,Bizon,,220,2,169,17,445,0,0,,,,
55,262,,,,7,1,,2025-12-19,85,989,,,,,,,,Bizon,,516,3,308,4,261,0,0,,,,
25,0,,,,0,0,,2025-12-19,93,0,,,,,,,,Bizon,,207,0,655,0,0,0,0,,,,
41,0,,,,0,0,,2025-12-19,15,0,,,,,,,,Bizon,,125,0,85,0,0,0,0,,,,
63,320,,,,5,0,,2025-12-19,40,2436,,,,,,,,Bizon,,205,3,102,5,320,0,0,,,,
65,190,,,,10,0,,2025-12-19,40,1831,,,,,,,,Bizon,,108,8,105,2,190,0,0,,,,
28,0,,,,3,0,,2025-12-19,45,2497,,,,,,,,Bizon,,121,3,388,0,0,0,0,,,,
2,3,,,,2,1,,2025-12-19,116,1740,,,,,,,,Bizon,,631,1,317,1,3,0,0,,,,
11,0,,,,0,0,,2025-12-20,100,3632,,,,,,,,Bizon,,951,0,769,0,0,0,750,,,,
5,0,,,,0,0,,2025-12-20,70,3832,,,,,,,,Bizon,,377,0,276,0,0,0,700,,,,
12,0,,,,1,0,,2025-12-20,45,233,,,,,,,,Bizon,,215,1,348,0,0,0,300,,,,
36,0,,,,0,0,,2025-12-20,109,4998,,,,,,,,Bizon,,956,0,634,0,0,0,181,,,,
46,0,,,,0,0,,2025-12-20,30,3627,,,,,,,,Bizon,,279,0,243,0,0,0,300,,,,
35,0,,,,1,0,,2025-12-20,75,736,,,,,,,,Bizon,,219,1,206,0,0,0,300,,,,
53,0,,,,0,0,,2025-12-20,75,0,,,,,,,,Bizon,,411,0,296,0,0,0,0,,,,
54,0,,,,1,0,,2025-12-20,45,1659,,,,,,,,Bizon,,220,1,170,0,0,0,417,,,,
55,0,,,,0,0,,2025-12-20,85,989,,,,,,,,Bizon,,516,0,308,0,0,0,0,,,,
25,0,,,,0,0,,2025-12-20,93,0,,,,,,,,Bizon,,207,0,655,0,0,0,0,,,,
41,0,,,,0,0,,2025-12-20,15,0,,,,,,,,Bizon,,125,0,85,0,0,0,9,,,,
63,0,,,,0,0,,2025-12-20,40,2436,,,,,,,,Bizon,,205,0,102,0,0,0,397,,,,
65,0,,,,1,0,,2025-12-20,40,1831,,,,,,,,Bizon,,108,1,106,0,0,0,385,,,,
28,0,,,,4,0,,2025-12-20,45,2497,,,,,,,,Bizon,,121,4,392,0,0,0,0,,,,
2,0,,,,1,0,,2025-12-20,116,1740,,,,,,,,Bizon,,631,1,318,0,0,0,450,,,,
11,0,,,,0,0,,2025-12-21,100,3632,,,,,,,,Bizon,,951,0,769,0,0,750,750,,,,
5,0,,,,0,0,,2025-12-21,70,3832,,,,,,,,Bizon,,377,0,276,0,0,700,367,,,,
12,0,,,,1,0,,2025-12-21,45,233,,,,,,,,Bizon,,215,1,349,0,0,300,300,,,,
36,0,,,,0,0,,2025-12-21,109,4998,,,,,,,,Bizon,,956,0,634,0,0,181,0,,,,
46,0,,,,0,0,,2025-12-21,30,3627,,,,,,,,Bizon,,279,0,243,0,0,300,300,,,,
35,0,,,,0,0,,2025-12-21,75,736,,,,,,,,Bizon,,219,0,206,0,0,300,293,,,,
53,0,,,,0,0,,2025-12-21,75,0,,,,,,,,Bizon,,411,0,296,0,0,0,0,,,,
54,0,,,,0,0,,2025-12-21,45,1659,,,,,,,,Bizon,,220,0,170,0,0,417,166,,,,
55,0,,,,0,0,,2025-12-21,85,989,,,,,,,,Bizon,,516,0,308,0,0,0,0,,,,
25,0,,,,0,0,,2025-12-21,93,0,,,,,,,,Bizon,,207,0,655,0,0,0,0,,,,
41,0,,,,0,0,,2025-12-21,15,0,,,,,,,,Bizon,,125,0,85,0,0,9,0,,,,
63,0,,,,0,0,,2025-12-21,40,2436,,,,,,,,Bizon,,205,0,102,0,0,397,342,,,,
65,0,,,,0,0,,2025-12-21,40,1831,,,,,,,,Bizon,,108,0,106,0,0,385,200,,,,
28,0,,,,0,0,,2025-12-21,45,2497,,,,,,,,Bizon,,121,0,392,0,0,0,0,,,,
2,0,,,,0,0,,2025-12-21,116,1740,,,,,,,,Bizon,,631,0,318,0,0,450,223,,,,
11,734,,,,13,0,,2025-12-22,100,3632,,,,,,,,Bizon,,960,11,780,9,734,750,592,,,,
5,691,,,,11,0,,2025-12-22,70,3832,,,,,,,,Bizon,,381,10,286,4,691,373,5,,,,
12,299,,,,3,0,,2025-12-22,45,233,,,,,,,,Bizon,,219,2,351,4,299,300,300,,,,
36,180,,,,2,0,,2025-12-22,109,4998,,,,,,,,Bizon,,959,2,636,3,180,0,0,,,,
46,298,,,,7,0,,2025-12-22,30,3627,,,,,,,,Bizon,,289,4,247,10,298,300,300,,,,
35,296,,,,12,0,,2025-12-22,75,736,,,,,,,,Bizon,,229,6,212,10,296,293,230,,,,
53,0,,,,0,0,,2025-12-22,75,0,,,,,,,,Bizon,,411,0,296,0,0,0,0,,,,
54,413,,,,7,1,,2025-12-22,45,1659,,,,,,,,Bizon,,226,8,178,6,412,166,294,,,,
55,0,,,,2,0,,2025-12-22,85,989,,,,,,,,Bizon,,516,2,310,0,0,0,585,,,,
25,0,,,,0,0,,2025-12-22,93,0,,,,,,,,Bizon,,207,0,655,0,0,0,0,,,,
41,0,,,,0,0,,2025-12-22,15,0,,,,,,,,Bizon,,125,0,85,0,0,9,0,,,,
63,389,,,,31,1,,2025-12-22,40,2436,,,,,,,,Bizon,,216,23,125,11,388,342,320,,,,
65,379,,,,33,0,,2025-12-22,40,1831,,,,,,,,Bizon,,113,29,135,5,379,200,190,,,,
28,0,,,,2,0,,2025-12-22,45,2497,,,,,,,,Bizon,,121,2,394,0,0,0,0,,,,
2,446,,,,12,0,,2025-12-22,116,1740,,,,,,,,Bizon,,637,10,328,6,446,227,3,,,,
11,734,,,,5,0,,2025-12-23,100,3632,,,,,,,,Bizon,,972,3,783,12,734,604,114,,,,
5,333,,,,4,0,,2025-12-23,70,3832,,,,,,,,Bizon,,382,6,292,1,333,44,118,,,,
12,280,,,,1,1,,2025-12-23,45,233,,,,,,,,Bizon,,219,1,352,0,279,314,300,,,,
36,0,,,,0,0,,2025-12-23,109,4998,,,,,,,,Bizon,,959,0,636,0,0,0,0,,,,
46,286,,,,5,0,,2025-12-23,30,3627,,,,,,,,Bizon,,299,3,250,10,286,314,300,,,,
35,274,,,,5,0,,2025-12-23,75,736,,,,,,,,Bizon,,236,2,214,7,274,241,144,,,,
53,0,,,,0,0,,2025-12-23,75,0,,,,,,,,Bizon,,411,0,296,0,0,0,0,,,,
54,185,,,,2,0,,2025-12-23,45,1659,,,,,,,,Bizon,,227,1,179,1,185,274,55,,,,
55,0,,,,0,0,,2025-12-23,85,989,,,,,,,,Bizon,,516,0,310,0,0,585,0,,,,
25,0,,,,0,0,,2025-12-23,93,0,,,,,,,,Bizon,,207,0,655,0,0,0,0,,,,
41,0,,,,0,0,,2025-12-23,15,0,,,,,,,,Bizon,,125,0,85,0,0,9,0,,,,
63,301,,,,4,0,,2025-12-23,40,2436,,,,,,,,Bizon,,216,4,129,0,301,329,379,,,,
65,187,,,,4,0,,2025-12-23,40,1831,,,,,,,,Bizon,,114,3,138,1,187,192,69,,,,
28,0,,,,0,0,,2025-12-23,45,2497,,,,,,,,Bizon,,121,0,394,0,0,0,0,,,,
2,224,,,,0,0,,2025-12-23,116,1740,,,,,,,,Bizon,,637,0,328,0,224,6,391,,,,
11,9,,,,1,0,,2025-12-24,100,3632,,,,,,,,Bizon,,977,1,784,5,9,0,0,,,,
5,0,,,,1,0,,2025-12-24,70,3832,,,,,,,,Bizon,,382,1,293,0,0,0,0,,,,
12,34,,,,0,0,,2025-12-24,45,233,,,,,,,,Bizon,,219,0,352,0,34,0,0,,,,
36,0,,,,0,0,,2025-12-24,109,4998,,,,,,,,Bizon,,959,0,636,0,0,0,0,,,,
46,0,,,,0,0,,2025-12-24,30,3627,,,,,,,,Bizon,,300,0,250,1,0,0,0,,,,
35,31,,,,1,0,,2025-12-24,75,736,,,,,,,,Bizon,,238,2,216,2,31,0,0,,,,
53,0,,,,1,0,,2025-12-24,75,0,,,,,,,,Bizon,,411,1,297,0,0,0,0,,,,
54,2,,,,1,0,,2025-12-24,45,1659,,,,,,,,Bizon,,228,0,179,1,2,24,23,,,,
55,564,,,,15,0,,2025-12-24,85,989,,,,,,,,Bizon,,519,16,326,3,564,0,0,,,,
25,0,,,,0,0,,2025-12-24,93,0,,,,,,,,Bizon,,207,0,655,0,0,0,0,,,,
41,0,,,,0,0,,2025-12-24,15,0,,,,,,,,Bizon,,125,0,85,0,0,9,0,,,,
63,28,,,,4,0,,2025-12-24,40,2436,,,,,,,,Bizon,,216,4,133,0,28,0,0,,,,
65,0,,,,2,0,,2025-12-24,40,1831,,,,,,,,Bizon,,114,2,140,0,0,0,0,,,,
28,0,,,,0,0,,2025-12-24,45,2497,,,,,,,,Bizon,,121,0,394,0,0,0,0,,,,
2,6,,,,0,0,,2025-12-24,116,1740,,,,,,,,Bizon,,637,0,328,0,6,391,229,,,,
11,0,,,,8,0,,2025-12-25,100,3632,,,,,,,,Bizon,,981,7,791,4,0,0,0,,,,
5,0,,,,2,1,,2025-12-25,70,3832,,,,,,,,Bizon,,384,1,294,2,0,0,0,,,,
12,0,,,,1,0,,2025-12-25,45,233,,,,,,,,Bizon,,221,1,353,2,0,0,0,,,,
36,0,,,,1,0,,2025-12-25,109,4998,,,,,,,,Bizon,,959,1,637,0,0,0,0,,,,
46,0,,,,4,0,,2025-12-25,30,3627,,,,,,,,Bizon,,307,4,254,7,0,0,0,,,,
35,0,,,,2,0,,2025-12-25,75,736,,,,,,,,Bizon,,241,0,216,3,0,0,0,,,,
53,0,,,,0,0,,2025-12-25,75,0,,,,,,,,Bizon,,411,0,297,0,0,0,0,,,,
54,24,,,,3,0,,2025-12-25,45,1659,,,,,,,,Bizon,,230,1,180,2,24,23,0,,,,
55,0,,,,11,0,,2025-12-25,85,989,,,,,,,,Bizon,,524,8,334,5,0,0,0,,,,
25,0,,,,0,0,,2025-12-25,93,0,,,,,,,,Bizon,,207,0,655,0,0,0,0,,,,
41,0,,,,0,0,,2025-12-25,15,0,,,,,,,,Bizon,,125,0,85,0,0,9,0,,,,
63,0,,,,6,0,,2025-12-25,40,2436,,,,,,,,Bizon,,217,5,138,1,0,0,0,,,,
65,0,,,,8,0,,2025-12-25,40,1831,,,,,,,,Bizon,,116,6,146,2,0,0,0,,,,
28,0,,,,1,0,,2025-12-25,45,2497,,,,,,,,Bizon,,121,1,395,0,0,0,0,,,,
2,381,,,,3,0,,2025-12-25,116,1740,,,,,,,,Bizon,,642,2,330,5,381,236,0,,,,
11,0,,,,1,0,,2025-12-26,100,3632,,,,,,,,Bizon,,987,1,792,6,0,0,0,,,,
5,0,,,,1,0,,2025-12-26,70,3832,,,,,,,,Bizon,,384,2,296,0,0,0,0,,,,
12,0,,,,0,0,,2025-12-26,45,233,,,,,,,,Bizon,,221,0,353,0,0,0,0,,,,
36,0,,,,0,0,,2025-12-26,109,4998,,,,,,,,Bizon,,959,0,637,0,0,0,0,,,,
46,0,,,,0,0,,2025-12-26,30,3627,,,,,,,,Bizon,,307,0,254,0,0,0,0,,,,
35,0,,,,0,0,,2025-12-26,75,736,,,,,,,,Bizon,,241,0,216,0,0,0,0,,,,
53,0,,,,0,0,,2025-12-26,75,0,,,,,,,,Bizon,,411,0,297,0,0,0,0,,,,
54,23,,,,0,0,,2025-12-26,45,1659,,,,,,,,Bizon,,230,0,180,0,23,0,0,,,,
55,0,,,,3,0,,2025-12-26,85,989,,,,,,,,Bizon,,525,3,337,1,0,0,0,,,,
25,0,,,,0,0,,2025-12-26,93,0,,,,,,,,Bizon,,207,0,655,0,0,0,0,,,,
41,0,,,,0,0,,2025-12-26,15,0,,,,,,,,Bizon,,125,0,85,0,0,0,0,,,,
63,0,,,,1,0,,2025-12-26,40,2436,,,,,,,,Bizon,,217,1,139,0,0,0,0,,,,
65,0,,,,0,0,,2025-12-26,40,1831,,,,,,,,Bizon,,116,0,146,0,0,0,0,,,,
28,0,,,,0,0,,2025-12-26,45,2497,,,,,,,,Bizon,,121,0,395,0,0,0,0,,,,
2,230,,,,11,0,,2025-12-26,116,1740,,,,,,,,Bizon,,650,12,342,8,230,4,0,,,,
11,0,,,,0,0,,2025-12-27,100,3632,,,,,,,,Bizon,,987,0,792,0,0,0,0,,,,
5,0,,,,0,0,,2025-12-27,70,3832,,,,,,,,Bizon,,384,0,296,0,0,0,0,,,,
12,0,,,,0,0,,2025-12-27,45,233,,,,,,,,Bizon,,221,0,353,0,0,0,0,,,,
36,0,,,,0,0,,2025-12-27,109,4998,,,,,,,,Bizon,,959,1,638,0,0,0,0,,,,
46,0,,,,0,0,,2025-12-27,30,3627,,,,,,,,Bizon,,307,0,254,0,0,0,0,,,,
35,0,,,,0,0,,2025-12-27,75,736,,,,,,,,Bizon,,241,0,216,0,0,0,0,,,,
53,0,,,,0,0,,2025-12-27,75,0,,,,,,,,Bizon,,411,0,297,0,0,0,0,,,,
54,0,,,,0,0,,2025-12-27,45,1659,,,,,,,,Bizon,,230,0,180,0,0,0,0,,,,
55,0,,,,1,0,,2025-12-27,85,989,,,,,,,,Bizon,,525,1,338,0,0,0,253,,,,
25,0,,,,0,0,,2025-12-27,93,0,,,,,,,,Bizon,,207,0,655,0,0,0,0,,,,
41,0,,,,0,0,,2025-12-27,15,0,,,,,,,,Bizon,,125,0,85,0,0,0,9,,,,
63,0,,,,0,0,,2025-12-27,40,2436,,,,,,,,Bizon,,217,0,139,0,0,0,0,,,,
65,0,,,,0,0,,2025-12-27,40,1831,,,,,,,,Bizon,,116,0,146,0,0,0,0,,,,
28,0,,,,0,0,,2025-12-27,45,2497,,,,,,,,Bizon,,121,0,395,0,0,0,0,,,,
2,0,,,,1,0,,2025-12-27,116,1740,,,,,,,,Bizon,,651,1,343,1,0,0,314,,,,
11,0,,,,1,0,,2025-12-28,100,3632,,,,,,,,Bizon,,987,1,793,0,0,0,0,,,,
5,0,,,,0,0,,2025-12-28,70,3832,,,,,,,,Bizon,,384,0,296,0,0,0,0,,,,
12,0,,,,0,0,,2025-12-28,45,233,,,,,,,,Bizon,,221,0,353,0,0,0,0,,,,
36,0,,,,0,0,,2025-12-28,109,4998,,,,,,,,Bizon,,959,0,638,0,0,0,0,,,,
46,0,,,,0,0,,2025-12-28,30,3627,,,,,,,,Bizon,,307,0,254,0,0,0,0,,,,
35,0,,,,0,0,,2025-12-28,75,736,,,,,,,,Bizon,,241,0,216,0,0,0,0,,,,
53,0,,,,0,0,,2025-12-28,75,0,,,,,,,,Bizon,,411,0,297,0,0,0,0,,,,
54,0,,,,0,0,,2025-12-28,45,1659,,,,,,,,Bizon,,230,0,180,0,0,0,0,,,,
55,0,,,,0,0,,2025-12-28,85,989,,,,,,,,Bizon,,525,0,338,0,0,253,0,,,,
25,0,,,,0,0,,2025-12-28,93,0,,,,,,,,Bizon,,207,0,655,0,0,0,0,,,,
41,0,,,,0,0,,2025-12-28,15,0,,,,,,,,Bizon,,125,0,85,0,0,9,0,,,,
63,0,,,,0,0,,2025-12-28,40,2436,,,,,,,,Bizon,,217,0,139,0,0,0,0,,,,
65,0,,,,0,0,,2025-12-28,40,1831,,,,,,,,Bizon,,116,0,146,0,0,0,0,,,,
28,0,,,,0,0,,2025-12-28,45,2497,,,,,,,,Bizon,,121,0,395,0,0,0,0,,,,
2,0,,,,0,0,,2025-12-28,116,1740,,,,,,,,Bizon,,651,0,343,0,0,314,0,,,,
11,742,,,,29,0,,2025-12-29,100,3632,,,,,,,,Bizon,,1007,26,819,20,742,727,323,,,,
5,1123,,,,25,0,,2025-12-29,70,3832,,,,,,,,Bizon,,417,14,310,33,1123,697,288,,,,
12,300,,,,1,0,,2025-12-29,45,233,,,,,,,,Bizon,,225,0,353,4,300,300,280,,,,
36,0,,,,1,0,,2025-12-29,109,4998,,,,,,,,Bizon,,959,1,639,0,0,0,0,,,,
46,300,,,,16,1,,2025-12-29,30,3627,,,,,,,,Bizon,,324,12,266,17,299,300,300,,,,
35,299,,,,14,0,,2025-12-29,75,736,,,,,,,,Bizon,,258,9,225,17,299,300,211,,,,
53,0,,,,0,0,,2025-12-29,75,0,,,,,,,,Bizon,,411,0,297,0,0,0,0,,,,
54,450,,,,4,0,,2025-12-29,45,1659,,,,,,,,Bizon,,230,4,184,0,450,448,371,,,,
55,253,,,,16,0,,2025-12-29,85,989,,,,,,,,Bizon,,531,15,353,6,253,0,0,,,,
25,0,,,,0,0,,2025-12-29,93,0,,,,,,,,Bizon,,207,0,655,0,0,0,0,,,,
41,0,,,,0,0,,2025-12-29,15,0,,,,,,,,Bizon,,125,0,85,0,0,9,0,,,,
63,394,,,,43,2,,2025-12-29,40,2436,,,,,,,,Bizon,,230,31,170,13,392,400,398,,,,
65,199,,,,22,0,,2025-12-29,40,1831,,,,,,,,Bizon,,120,19,165,4,199,197,74,,,,
28,0,,,,0,0,,2025-12-29,45,2497,,,,,,,,Bizon,,121,0,395,0,0,0,0,,,,
2,312,,,,9,0,,2025-12-29,115,1740,,,,,,,,Bizon,,655,8,351,4,312,1,0,,,,
11,695,,,,6,0,,2025-12-30,100,3632,,,,,,,,Bizon,,1010,6,825,3,695,355,0,,,,
5,682,,,,5,0,,2025-12-30,70,3832,,,,,,,,Bizon,,422,5,315,5,682,298,200,,,,
12,300,,,,4,0,,2025-12-30,45,233,,,,,,,,Bizon,,229,2,355,4,300,275,104,,,,
36,0,,,,0,0,,2025-12-30,109,4998,,,,,,,,Bizon,,959,0,639,0,0,0,0,,,,
46,300,,,,4,0,,2025-12-30,30,3627,,,,,,,,Bizon,,330,3,269,6,300,300,300,,,,
35,298,,,,8,0,,2025-12-30,75,736,,,,,,,,Bizon,,262,8,233,4,298,210,64,,,,
53,0,,,,0,0,,2025-12-30,75,0,,,,,,,,Bizon,,411,0,297,0,0,0,0,,,,
54,448,,,,6,0,,2025-12-30,45,1659,,,,,,,,Bizon,,235,6,190,5,448,371,335,,,,
55,0,,,,0,0,,2025-12-30,85,989,,,,,,,,Bizon,,531,0,353,0,0,0,0,,,,
25,0,,,,0,0,,2025-12-30,93,0,,,,,,,,Bizon,,207,0,655,0,0,0,0,,,,
41,0,,,,0,0,,2025-12-30,15,0,,,,,,,,Bizon,,125,0,85,0,0,9,0,,,,
63,400,,,,19,0,,2025-12-30,40,2436,,,,,,,,Bizon,,239,16,186,9,400,389,342,,,,
65,194,,,,6,0,,2025-12-30,40,1831,,,,,,,,Bizon,,120,6,171,0,194,75,21,,,,
28,0,,,,0,0,,2025-12-30,45,2497,,,,,,,,Bizon,,121,0,395,0,0,0,0,,,,
2,1,,,,3,0,,2025-12-30,90,1740,,,,,,,,Bizon,,655,3,354,0,1,0,312,,,,
11,345,,,,8,0,,2025-12-31,100,3632,,,,,,,,Bizon,,1017,21,846,7,345,8,0,,,,
5,296,,,,1,0,,2025-12-31,70,3832,,,,,,,,Bizon,,424,6,321,2,296,202,141,,,,
12,273,,,,4,1,,2025-12-31,45,233,,,,,,,,Bizon,,236,2,357,7,272,105,188,,,,
36,0,,,,0,0,,2025-12-31,109,4998,,,,,,,,Bizon,,959,0,639,0,0,0,0,,,,
46,300,,,,8,0,,2025-12-31,30,3627,,,,,,,,Bizon,,357,13,282,27,300,300,300,,,,
35,210,,,,14,0,,2025-12-31,75,736,,,,,,,,Bizon,,272,14,247,10,210,63,18,,,,
53,0,,,,0,0,,2025-12-31,75,0,,,,,,,,Bizon,,411,0,297,0,0,0,0,,,,
54,371,,,,15,0,,2025-12-31,45,1659,,,,,,,,Bizon,,259,14,204,24,371,335,75,,,,
55,0,,,,0,0,,2025-12-31,85,989,,,,,,,,Bizon,,531,0,353,0,0,0,0,,,,
25,0,,,,0,0,,2025-12-31,93,0,,,,,,,,Bizon,,207,0,655,0,0,0,0,,,,
41,0,,,,0,0,,2025-12-31,15,0,,,,,,,,Bizon,,125,0,85,0,0,9,0,,,,
63,384,,,,30,0,,2025-12-31,40,2436,,,,,,,,Bizon,,262,33,219,23,384,342,332,,,,
65,75,,,,8,0,,2025-12-31,40,1831,,,,,,,,Bizon,,129,15,186,9,75,21,66,,,,
28,0,,,,0,0,,2025-12-31,45,2497,,,,,,,,Bizon,,121,0,395,0,0,0,0,,,,
2,0,,,,1,0,,2025-12-31,90,1740,,,,,,,,Bizon,,656,3,357,1,0,312,166,,,,
11,8,,,,0,0,,2026-01-01,100,0,,,,,,,,Bizon,,1018,0,846,1,8,0,0,,,,
5,202,,,,3,0,,2026-01-01,70,0,,,,,,,,Bizon,,425,3,324,1,202,141,0,,,,
12,105,,,,1,0,,2026-01-01,45,0,,,,,,,,Bizon,,237,1,358,1,105,188,0,,,,
36,0,,,,0,0,,2026-01-01,109,0,,,,,,,,Bizon,,959,0,639,0,0,0,0,,,,
46,291,,,,16,1,,2026-01-01,30,0,,,,,,,,Bizon,,368,14,296,11,290,300,0,,,,
35,63,,,,0,0,,2026-01-01,75,0,,,,,,,,Bizon,,273,0,247,1,63,18,0,,,,
53,0,,,,0,0,,2026-01-01,75,0,,,,,,,,Bizon,,411,0,297,0,0,0,0,,,,
54,335,,,,6,0,,2026-01-01,45,0,,,,,,,,Bizon,,263,6,210,4,335,75,0,,,,
55,0,,,,0,0,,2026-01-01,85,0,,,,,,,,Bizon,,531,0,353,0,0,0,0,,,,
25,0,,,,0,0,,2026-01-01,93,0,,,,,,,,Bizon,,207,0,655,0,0,0,0,,,,
41,0,,,,0,0,,2026-01-01,15,0,,,,,,,,Bizon,,125,0,85,0,0,9,0,,,,
63,335,,,,17,0,,2026-01-01,40,0,,,,,,,,Bizon,,266,13,232,4,335,328,0,,,,
65,21,,,,1,0,,2026-01-01,40,0,,,,,,,,Bizon,,129,3,189,0,21,66,0,,,,
28,0,,,,0,0,,2026-01-01,45,0,,,,,,,,Bizon,,121,0,395,0,0,0,0,,,,
2,299,,,,2,0,,2026-01-01,90,0,,,,,,,,Bizon,,660,1,358,4,299,179,0,,,,
11,0,,,,0,0,,2026-01-02,100,0,,,,,,,,Bizon,,1020,0,846,2,0,0,0,,,,
5,141,,,,1,0,,2026-01-02,70,0,,,,,,,,Bizon,,426,1,325,1,141,0,0,,,,
12,188,,,,4,0,,2026-01-02,45,0,,,,,,,,Bizon,,237,5,363,0,188,0,0,,,,
36,0,,,,2,0,,2026-01-02,109,0,,,,,,,,Bizon,,959,3,642,0,0,0,0,,,,
46,299,,,,12,4,,2026-01-02,30,0,,,,,,,,Bizon,,393,10,306,25,295,0,0,,,,
35,18,,,,3,0,,2026-01-02,75,0,,,,,,,,Bizon,,273,3,250,0,18,0,0,,,,
53,0,,,,0,0,,2026-01-02,75,0,,,,,,,,Bizon,,411,0,297,0,0,0,0,,,,
54,75,,,,5,0,,2026-01-02,45,0,,,,,,,,Bizon,,267,3,213,4,75,0,0,,,,
55,0,,,,0,0,,2026-01-02,85,0,,,,,,,,Bizon,,531,0,353,0,0,0,0,,,,
25,0,,,,0,0,,2026-01-02,93,0,,,,,,,,Bizon,,207,0,655,0,0,0,0,,,,
41,0,,,,0,0,,2026-01-02,15,0,,,,,,,,Bizon,,125,0,85,0,0,9,0,,,,
63,328,,,,15,1,,2026-01-02,40,0,,,,,,,,Bizon,,272,11,243,6,327,0,0,,,,
65,66,,,,3,0,,2026-01-02,40,0,,,,,,,,Bizon,,129,3,192,0,66,0,0,,,,
28,0,,,,0,0,,2026-01-02,45,0,,,,,,,,Bizon,,121,0,395,0,0,0,0,,,,
2,177,,,,1,0,,2026-01-02,90,0,,,,,,,,Bizon,,662,1,359,2,177,0,0,,,,
11,0,,,,2,0,,2026-01-03,100,0,,,,,,,,Bizon,,1020,2,848,0,0,0,6,,,,
5,0,,,,2,0,,2026-01-03,70,0,,,,,,,,Bizon,,428,0,325,2,0,0,7,,,,
12,0,,,,0,0,,2026-01-03,45,0,,,,,,,,Bizon,,237,0,363,0,0,0,213,,,,
36,0,,,,0,0,,2026-01-03,109,0,,,,,,,,Bizon,,959,0,642,0,0,0,0,,,,
46,0,,,,5,0,,2026-01-03,30,0,,,,,,,,Bizon,,399,4,310,6,0,0,300,,,,
35,0,,,,0,0,,2026-01-03,75,0,,,,,,,,Bizon,,273,0,250,0,0,0,90,,,,
53,0,,,,0,0,,2026-01-03,75,0,,,,,,,,Bizon,,411,0,297,0,0,0,0,,,,
54,0,,,,3,0,,2026-01-03,45,0,,,,,,,,Bizon,,269,2,215,2,0,0,10,,,,
55,0,,,,0,0,,2026-01-03,85,0,,,,,,,,Bizon,,531,0,353,0,0,0,0,,,,
25,0,,,,0,0,,2026-01-03,93,0,,,,,,,,Bizon,,207,0,655,0,0,0,0,,,,
41,0,,,,0,0,,2026-01-03,15,0,,,,,,,,Bizon,,125,0,85,0,0,0,9,,,,
63,0,,,,1,0,,2026-01-03,40,0,,,,,,,,Bizon,,273,0,243,1,0,0,273,,,,
65,0,,,,1,0,,2026-01-03,40,0,,,,,,,,Bizon,,129,1,193,0,0,0,7,,,,
28,0,,,,0,0,,2026-01-03,45,0,,,,,,,,Bizon,,121,0,395,0,0,0,0,,,,
2,0,,,,5,0,,2026-01-03,90,0,,,,,,,,Bizon,,667,3,362,5,0,0,6,,,,
11,0,,,,0,0,,2026-01-04,100,0,,,,,,,,Bizon,,1020,0,848,0,0,6,0,,,,
5,0,,,,0,0,,2026-01-04,70,0,,,,,,,,Bizon,,428,0,325,0,0,7,0,,,,
12,0,,,,0,0,,2026-01-04,45,0,,,,,,,,Bizon,,237,0,363,0,0,213,21,,,,
36,0,,,,0,0,,2026-01-04,109,0,,,,,,,,Bizon,,959,0,642,0,0,0,0,,,,
46,0,,,,2,0,,2026-01-04,30,0,,,,,,,,Bizon,,401,3,313,2,0,300,300,,,,
35,0,,,,0,0,,2026-01-04,75,0,,,,,,,,Bizon,,273,0,250,0,0,90,2,,,,
53,0,,,,0,0,,2026-01-04,75,0,,,,,,,,Bizon,,411,0,297,0,0,0,0,,,,
54,0,,,,0,0,,2026-01-04,45,0,,,,,,,,Bizon,,269,0,215,0,0,10,0,,,,
55,0,,,,0,0,,2026-01-04,85,0,,,,,,,,Bizon,,531,0,353,0,0,0,0,,,,
25,0,,,,0,0,,2026-01-04,93,0,,,,,,,,Bizon,,207,0,655,0,0,0,0,,,,
41,0,,,,0,0,,2026-01-04,15,0,,,,,,,,Bizon,,125,0,85,0,0,9,0,,,,
63,0,,,,2,0,,2026-01-04,40,0,,,,,,,,Bizon,,273,3,246,0,0,273,85,,,,
65,0,,,,0,1,,2026-01-04,40,0,,,,,,,,Bizon,,129,0,193,0,0,7,0,,,,
28,0,,,,0,0,,2026-01-04,45,0,,,,,,,,Bizon,,121,0,395,0,0,0,0,,,,
2,0,,,,1,0,,2026-01-04,90,0,,,,,,,,Bizon,,667,1,363,0,0,6,0,,,,
11,5,,,,0,0,,2026-01-05,100,0,,,,,,,,Bizon,,1020,0,848,0,5,1,0,,,,
5,7,,,,1,0,,2026-01-05,70,0,,,,,,,,Bizon,,429,1,326,1,7,0,0,,,,
12,109,,,,5,0,,2026-01-05,45,0,,,,,,,,Bizon,,238,5,368,1,109,0,0,,,,
36,0,,,,0,0,,2026-01-05,109,0,,,,,,,,Bizon,,959,1,643,0,0,0,0,,,,
46,297,,,,18,1,,2026-01-05,30,0,,,,,,,,Bizon,,414,11,324,13,296,300,300,,,,
35,41,,,,0,0,,2026-01-05,75,0,,,,,,,,Bizon,,274,0,250,1,41,51,1,,,,
53,0,,,,0,0,,2026-01-05,75,0,,,,,,,,Bizon,,411,0,297,0,0,0,0,,,,
54,10,,,,1,0,,2026-01-05,45,0,,,,,,,,Bizon,,270,1,216,1,10,0,0,,,,
55,0,,,,1,0,,2026-01-05,85,0,,,,,,,,Bizon,,531,1,354,0,0,0,0,,,,
25,0,,,,0,0,,2026-01-05,93,0,,,,,,,,Bizon,,207,0,655,0,0,0,0,,,,
41,0,,,,0,0,,2026-01-05,15,0,,,,,,,,Bizon,,125,0,85,0,0,9,0,,,,
63,273,,,,21,0,,2026-01-05,40,0,,,,,,,,Bizon,,279,16,262,6,273,85,17,,,,
65,7,,,,1,0,,2026-01-05,40,0,,,,,,,,Bizon,,129,1,194,0,7,0,0,,,,
28,0,,,,0,0,,2026-01-05,45,0,,,,,,,,Bizon,,121,0,395,0,0,0,0,,,,
2,6,,,,1,0,,2026-01-05,90,0,,,,,,,,Bizon,,668,2,365,1,6,0,0,,,,
11,1,,,,0,0,,2026-01-06,100,0,,,,,,,,Bizon,,1020,0,848,0,1,0,0,,,,
5,0,,,,0,0,,2026-01-06,70,0,,,,,,,,Bizon,,429,0,326,0,0,0,62,,,,
12,0,,,,1,0,,2026-01-06,45,0,,,,,,,,Bizon,,238,1,369,0,0,0,0,,,,
36,0,,,,0,0,,2026-01-06,109,0,,,,,,,,Bizon,,959,0,643,0,0,0,0,,,,
46,299,,,,7,0,,2026-01-06,30,0,,,,,,,,Bizon,,422,2,326,8,299,300,300,,,,
35,0,,,,0,0,,2026-01-06,75,0,,,,,,,,Bizon,,274,0,250,0,0,52,0,,,,
53,0,,,,0,0,,2026-01-06,75,0,,,,,,,,Bizon,,411,0,297,0,0,0,0,,,,
54,0,,,,0,0,,2026-01-06,45,0,,,,,,,,Bizon,,270,0,216,0,0,0,0,,,,
55,0,,,,0,0,,2026-01-06,85,0,,,,,,,,Bizon,,531,0,354,0,0,0,0,,,,
25,0,,,,0,0,,2026-01-06,93,0,,,,,,,,Bizon,,207,0,655,0,0,0,0,,,,
41,0,,,,0,0,,2026-01-06,15,0,,,,,,,,Bizon,,125,0,85,0,0,9,0,,,,
63,85,,,,7,0,,2026-01-06,40,0,,,,,,,,Bizon,,281,6,268,2,85,17,4,,,,
65,0,,,,0,0,,2026-01-06,40,0,,,,,,,,Bizon,,129,0,194,0,0,0,99,,,,
28,0,,,,0,0,,2026-01-06,45,0,,,,,,,,Bizon,,121,0,395,0,0,0,0,,,,
2,0,,,,0,0,,2026-01-06,90,0,,,,,,,,Bizon,,668,0,365,0,0,0,0,,,,
11,739,,,,13,2,,2026-01-07,100,1517,,,,,,,,Bizon,,1082,0,805,62,737,750,538,,,,
5,687,,,,9,8,,2026-01-07,70,1987,,,,,,,,Bizon,,469,0,307,40,679,700,700,,,,
12,0,,,,0,0,,2026-01-07,45,0,,,,,,,,Bizon,,243,0,364,5,0,0,0,,,,
36,0,,,,3,0,,2026-01-07,109,0,,,,,,,,Bizon,,962,2,645,3,0,0,0,,,,
46,300,,,,14,0,,2026-01-07,30,0,,,,,,,,Bizon,,476,0,292,54,300,300,300,,,,
35,0,,,,1,0,,2026-01-07,75,0,,,,,,,,Bizon,,294,0,230,20,0,0,0,,,,
53,0,,,,0,0,,2026-01-07,75,0,,,,,,,,Bizon,,412,0,296,1,0,0,0,,,,
54,446,,,,8,3,,2026-01-07,45,2257,,,,,,,,Bizon,,301,0,195,31,443,450,450,,,,
55,0,,,,0,0,,2026-01-07,85,0,,,,,,,,Bizon,,570,0,315,39,0,0,0,,,,
25,0,,,,0,0,,2026-01-07,93,0,,,,,,,,Bizon,,207,0,655,0,0,0,0,,,,
41,0,,,,0,0,,2026-01-07,15,0,,,,,,,,Bizon,,125,0,85,0,0,9,0,,,,
63,390,,,,15,0,,2026-01-07,40,1230,,,,,,,,Bizon,,395,0,169,114,390,400,400,,,,
65,164,,,,8,0,,2026-01-07,40,1019,,,,,,,,Bizon,,194,0,137,65,164,200,200,,,,
28,0,,,,0,0,,2026-01-07,45,0,,,,,,,,Bizon,,121,0,395,0,0,0,0,,,,
2,0,,,,2,0,,2026-01-07,90,0,,,,,,,,Bizon,,689,0,346,21,0,0,0,,,,
73,404,,,,22,6,,2026-01-07,40,696,,,,,,,,Bizon,,14,9,9,14,398,292,0,,,,
11,743,,,,17,0,,2026-01-08,100,4307,,,,,,,,Bizon,,1100,9,814,18,743,750,0,,,,
5,685,,,,14,3,,2026-01-08,70,1987,,,,,,,,Bizon,,484,4,311,15,682,700,0,,,,
12,0,,,,0,0,,2026-01-08,45,0,,,,,,,,Bizon,,243,0,364,0,0,0,0,,,,
36,0,,,,1,0,,2026-01-08,109,0,,,,,,,,Bizon,,962,1,646,0,0,0,0,,,,
46,300,,,,5,2,,2026-01-08,30,0,,,,,,,,Bizon,,480,3,295,4,298,300,0,,,,
35,0,,,,0,0,,2026-01-08,75,0,,,,,,,,Bizon,,294,0,230,0,0,0,0,,,,
53,0,,,,0,0,,2026-01-08,75,0,,,,,,,,Bizon,,412,0,296,0,0,0,0,,,,
54,450,,,,7,2,,2026-01-08,45,2257,,,,,,,,Bizon,,304,5,200,3,448,450,0,,,,
55,824,,,,21,9,,2026-01-08,85,1956,,,,,,,,Bizon,,586,9,324,16,815,850,0,,,,
25,0,,,,0,0,,2026-01-08,93,0,,,,,,,,Bizon,,207,0,655,0,0,0,0,,,,
41,0,,,,0,0,,2026-01-08,15,0,,,,,,,,Bizon,,125,0,85,0,0,9,0,,,,
63,400,,,,10,1,,2026-01-08,40,1230,,,,,,,,Bizon,,396,7,176,1,399,400,0,,,,
65,192,,,,13,0,,2026-01-08,40,1019,,,,,,,,Bizon,,196,11,148,2,192,198,0,,,,
28,0,,,,1,0,,2026-01-08,45,0,,,,,,,,Bizon,,121,1,396,0,0,0,0,,,,
2,0,,,,0,0,,2026-01-08,90,0,,,,,,,,Bizon,,689,0,346,0,0,0,0,,,,
73,284,,,,32,4,,2026-01-08,40,696,,,,,,,,Bizon,,33,17,26,19,280,0,0,,,,
11,728,,,,25,5,,2026-01-09,100,4307,,,,,,,,Bizon,,1122,15,829,22,0,0,750,,,,
5,678,,,,11,7,,2026-01-09,70,1987,,,,,,,,Bizon,,494,5,316,10,0,0,139,,,,
12,0,,,,0,0,,2026-01-09,45,0,,,,,,,,Bizon,,243,0,364,0,0,0,0,,,,
36,0,,,,1,0,,2026-01-09,109,3555,,,,,,,,Bizon,,962,1,647,0,0,0,1000,,,,
46,299,,,,6,0,,2026-01-09,30,975,,,,,,,,Bizon,,490,2,297,28,0,0,300,,,,
35,0,,,,0,0,,2026-01-09,75,0,,,,,,,,Bizon,,294,0,230,0,0,0,0,,,,
53,0,,,,0,0,,2026-01-09,75,2086,,,,,,,,Bizon,,412,0,296,55,0,0,738,,,,
54,450,,,,7,1,,2026-01-09,45,2258,,,,,,,,Bizon,,307,5,205,3,0,0,450,,,,
55,810,,,,22,17,,2026-01-09,85,2786,,,,,,,,Bizon,,607,9,333,21,0,0,10,,,,
25,0,,,,0,0,,2026-01-09,93,0,,,,,,,,Bizon,,207,0,655,0,0,0,0,,,,
41,0,,,,0,0,,2026-01-09,15,0,,,,,,,,Bizon,,125,0,85,0,0,0,9,,,,
63,399,,,,11,4,,2026-01-09,40,1230,,,,,,,,Bizon,,405,3,179,9,0,0,115,,,,
65,176,,,,10,0,,2026-01-09,40,1550,,,,,,,,Bizon,,200,6,154,4,0,0,400,,,,
28,0,,,,0,0,,2026-01-09,45,0,,,,,,,,Bizon,,121,0,396,0,0,0,0,,,,
2,0,,,,0,0,,2026-01-09,90,0,,,,,,,,Bizon,,689,0,346,0,0,0,0,,,,
73,0,,,,3,0,,2026-01-09,40,1717,,,,,,,,Bizon,,33,3,29,0,0,0,400,,,,
67,0,,,,0,0,,2026-01-09,70,1601,,,,,,,,Bizon,,0,0,0,0,0,0,691,,,,
77,0,,,,0,0,,2026-01-09,50,0,,,,,,,,Bizon,,0,0,0,0,0,0,0,,,,
11,0,,,,0,0,,2026-01-10,100,4307,,,,,,,,Bizon,,1122,0,829,0,0,0,750,,,,
5,0,,,,0,0,,2026-01-10,70,1987,,,,,,,,Bizon,,494,0,316,0,0,0,139,,,,
36,0,,,,0,0,,2026-01-10,109,3555,,,,,,,,Bizon,,962,0,647,0,0,0,1000,,,,
46,0,,,,0,0,,2026-01-10,30,975,,,,,,,,Bizon,,490,0,297,0,0,0,300,,,,
53,0,,,,0,0,,2026-01-10,75,2086,,,,,,,,Bizon,,412,0,296,0,0,0,738,,,,
54,0,,,,0,0,,2026-01-10,45,2258,,,,,,,,Bizon,,307,0,205,0,0,0,450,,,,
55,0,,,,0,0,,2026-01-10,85,2786,,,,,,,,Bizon,,607,0,333,0,0,0,10,,,,
25,0,,,,0,0,,2026-01-10,93,0,,,,,,,,Bizon,,207,0,655,0,0,0,0,,,,
41,0,,,,0,0,,2026-01-10,15,0,,,,,,,,Bizon,,125,0,85,0,0,0,9,,,,
63,0,,,,0,0,,2026-01-10,40,1230,,,,,,,,Bizon,,405,0,179,0,0,0,115,,,,
65,0,,,,0,0,,2026-01-10,40,1550,,,,,,,,Bizon,,200,0,154,0,0,0,400,,,,
73,0,,,,0,0,,2026-01-10,40,1717,,,,,,,,Bizon,,33,0,60,0,0,0,400,,,,
67,0,,,,0,0,,2026-01-10,70,1601,,,,,,,,Bizon,,0,0,0,0,0,0,691,,,,
12,0,,,,0,0,,2026-01-10,45,0,,,,,,,,Bizon,,243,0,364,0,0,0,0,,,,
28,0,,,,0,0,,2026-01-10,45,0,,,,,,,,Bizon,,121,0,396,0,0,0,0,,,,
77,0,,,,0,0,,2026-01-10,50,0,,,,,,,,Bizon,,0,0,0,0,0,0,0,,,,
2,0,,,,0,0,,2026-01-10,90,0,,,,,,,,Bizon,,689,0,346,0,0,0,0,,,,
11,0,,,,2,0,,2026-01-11,100,4307,,,,,,,,Bizon,,1122,3,832,0,0,0,750,,,,
5,0,,,,0,0,,2026-01-11,70,1987,,,,,,,,Bizon,,494,0,316,0,0,0,139,,,,
36,0,,,,0,0,,2026-01-11,109,3555,,,,,,,,Bizon,,962,0,647,0,0,0,1000,,,,
46,0,,,,0,0,,2026-01-11,30,975,,,,,,,,Bizon,,490,0,297,0,0,0,300,,,,
53,0,,,,0,0,,2026-01-11,75,2086,,,,,,,,Bizon,,412,0,296,0,0,0,738,,,,
54,0,,,,0,0,,2026-01-11,45,2258,,,,,,,,Bizon,,307,0,205,0,0,0,450,,,,
55,0,,,,1,0,,2026-01-11,85,2786,,,,,,,,Bizon,,607,1,334,0,0,0,10,,,,
25,0,,,,0,0,,2026-01-11,93,0,,,,,,,,Bizon,,207,0,655,0,0,0,0,,,,
41,0,,,,0,0,,2026-01-11,15,0,,,,,,,,Bizon,,125,0,85,0,0,0,9,,,,
63,0,,,,0,0,,2026-01-11,40,1230,,,,,,,,Bizon,,405,0,179,0,0,0,115,,,,
65,0,,,,0,0,,2026-01-11,40,1550,,,,,,,,Bizon,,200,0,154,0,0,0,400,,,,
73,0,,,,0,0,,2026-01-11,40,1717,,,,,,,,Bizon,,33,0,29,0,0,0,400,,,,
67,0,,,,0,0,,2026-01-11,70,1601,,,,,,,,Bizon,,0,0,0,0,0,0,691,,,,
12,0,,,,0,0,,2026-01-11,45,0,,,,,,,,Bizon,,243,0,364,0,0,0,0,,,,
28,0,,,,0,0,,2026-01-11,45,0,,,,,,,,Bizon,,121,0,396,0,0,0,0,,,,
77,0,,,,0,0,,2026-01-11,50,0,,,,,,,,Bizon,,0,0,0,0,0,0,0,,,,
2,0,,,,0,0,,2026-01-11,90,0,,,,,,,,Bizon,,689,0,346,0,0,0,0,,,,
11,706,,,,16,13,,2026-01-12,100,4307,,,,,,,,Bizon,,1132,13,845,10,0,0,750,,,,
5,690,,,,13,1,,2026-01-12,70,1987,,,,,,,,Bizon,,501,10,326,7,0,0,139,,,,
36,0,,,,2,0,,2026-01-12,109,3555,,,,,,,,Bizon,,962,2,649,0,0,0,1000,,,,
46,297,,,,7,2,,2026-01-12,30,975,,,,,,,,Bizon,,495,5,302,5,0,0,300,,,,
53,0,,,,0,0,,2026-01-12,75,2086,,,,,,,,Bizon,,412,0,296,0,0,0,738,,,,
54,449,,,,3,1,,2026-01-12,45,2258,,,,,,,,Bizon,,313,6,211,6,0,0,450,,,,
55,823,,,,24,8,,2026-01-12,85,2786,,,,,,,,Bizon,,622,12,346,15,0,0,10,,,,
25,0,,,,0,0,,2026-01-12,93,0,,,,,,,,Bizon,,207,0,655,0,0,0,0,,,,
41,0,,,,0,0,,2026-01-12,15,0,,,,,,,,Bizon,,125,0,85,0,0,0,9,,,,
63,400,,,,13,0,,2026-01-12,40,1230,,,,,,,,Bizon,,409,9,188,4,0,0,115,,,,
65,397,,,,18,1,,2026-01-12,40,1550,,,,,,,,Bizon,,215,4,158,15,0,0,400,,,,
73,385,,,,15,0,,2026-01-12,40,1717,,,,,,,,Bizon,,35,13,42,2,0,0,400,,,,
67,0,,,,0,0,,2026-01-12,70,1601,,,,,,,,Bizon,,0,0,0,0,0,0,691,,,,
12,0,,,,0,0,,2026-01-12,45,0,,,,,,,,Bizon,,243,0,364,0,0,0,0,,,,
28,0,,,,0,0,,2026-01-12,45,0,,,,,,,,Bizon,,121,0,396,0,0,0,0,,,,
77,0,,,,0,0,,2026-01-12,50,0,,,,,,,,Bizon,,0,0,0,0,0,0,0,,,,
2,0,,,,0,0,,2026-01-12,90,0,,,,,,,,Bizon,,689,0,346,0,0,0,0,,,,
11,706,,,,14,1,,2026-01-13,100,4307,,,,,,,,Bizon,,1135,12,857,3,0,0,750,,,,
5,692,,,,9,0,,2026-01-13,70,1987,,,,,,,,Bizon,,511,7,333,10,0,0,139,,,,
12,0,,,,0,0,,2026-01-13,45,0,,,,,,,,Bizon,,243,0,364,0,0,0,0,,,,
36,982,,,,41,7,,2026-01-13,109,3555,,,,,,,,Bizon,,995,26,675,33,0,0,1000,,,,
46,295,,,,5,1,,2026-01-13,30,975,,,,,,,,Bizon,,499,4,306,4,0,0,300,,,,
53,0,,,,0,0,,2026-01-13,75,2086,,,,,,,,Bizon,,412,0,296,0,0,0,738,,,,
54,447,,,,3,0,,2026-01-13,45,2258,,,,,,,,Bizon,,314,3,214,1,0,0,450,,,,
55,822,,,,23,0,,2026-01-13,85,2786,,,,,,,,Bizon,,637,12,358,15,0,0,10,,,,
25,0,,,,0,0,,2026-01-13,93,0,,,,,,,,Bizon,,207,0,655,0,0,0,0,,,,
41,0,,,,0,0,,2026-01-13,15,0,,,,,,,,Bizon,,125,0,85,0,0,0,9,,,,
63,400,,,,10,0,,2026-01-13,40,1230,,,,,,,,Bizon,,412,7,195,3,0,0,115,,,,
65,395,,,,15,7,,2026-01-13,40,1550,,,,,,,,Bizon,,227,6,164,12,0,0,400,,,,
28,0,,,,0,0,,2026-01-13,45,0,,,,,,,,Bizon,,121,0,396,0,0,0,0,,,,
2,0,,,,0,0,,2026-01-13,90,0,,,,,,,,Bizon,,689,0,346,0,0,0,0,,,,
73,388,,,,11,1,,2026-01-13,40,1717,,,,,,,,Bizon,,37,10,52,2,0,0,400,,,,
67,0,,,,0,0,,2026-01-13,70,1601,,,,,,,,Bizon,,0,0,0,0,0,0,691,,,,
77,0,,,,0,0,,2026-01-13,50,0,,,,,,,,Bizon,,0,0,0,0,0,0,0,,,,
11,706,,,,12,2,,2026-01-14,100,4307,,,,,,,,Bizon,,1139,9,866,4,704,750,704,,,,
5,670,,,,13,0,,2026-01-14,70,1987,,,,,,,,Bizon,,516,11,344,5,670,176,63,,,,
12,0,,,,0,0,,2026-01-14,45,0,,,,,,,,Bizon,,243,0,364,0,0,0,0,,,,
36,974,,,,64,18,,2026-01-14,109,3555,,,,,,,,Bizon,,1058,32,707,63,956,1000,591,,,,
46,294,,,,4,1,,2026-01-14,30,975,,,,,,,,Bizon,,503,3,309,4,293,294,300,,,,
53,750,,,,31,2,,2026-01-14,75,2086,,,,,,,,Bizon,,432,15,311,20,748,618,500,,,,
54,450,,,,4,0,,2026-01-14,45,2258,,,,,,,,Bizon,,317,2,216,3,450,450,450,,,,
55,140,,,,10,1,,2026-01-14,85,1959,,,,,,,,Bizon,,640,7,365,3,139,6,207,,,,
25,0,,,,0,0,,2026-01-14,93,0,,,,,,,,Bizon,,207,0,655,0,0,0,0,,,,
41,0,,,,0,0,,2026-01-14,15,0,,,,,,,,Bizon,,125,0,85,0,0,9,0,,,,
63,400,,,,11,0,,2026-01-14,40,1230,,,,,,,,Bizon,,414,9,204,2,400,90,0,,,,
65,331,,,,15,2,,2026-01-14,40,1550,,,,,,,,Bizon,,241,8,172,13,329,200,200,,,,
28,0,,,,0,0,,2026-01-14,45,0,,,,,,,,Bizon,,121,0,396,0,0,0,0,,,,
2,0,,,,0,0,,2026-01-14,90,0,,,,,,,,Bizon,,689,0,346,0,0,0,0,,,,
73,382,,,,8,3,,2026-01-14,40,1717,,,,,,,,Bizon,,43,3,55,6,379,400,43,,,,
67,700,,,,9,0,,2026-01-14,70,1601,,,,,,,,Bizon,,4,6,6,4,700,700,200,,,,
11,721,,,,18,6,,2026-01-15,100,4307,,,,,,,,Bizon,,1145,16,882,6,715,724,0,,,,
5,174,,,,7,1,,2026-01-15,70,1987,,,,,,,,Bizon,,517,7,351,1,173,64,0,,,,
36,971,,,,53,13,,2026-01-15,109,3555,,,,,,,,Bizon,,1105,24,739,47,958,609,0,,,,
46,291,,,,12,1,,2026-01-15,30,975,,,,,,,,Bizon,,515,4,313,12,290,300,0,,,,
53,616,,,,31,0,,2026-01-15,75,2086,,,,,,,,Bizon,,453,14,325,21,616,500,0,,,,
54,449,,,,4,0,,2026-01-15,45,2258,,,,,,,,Bizon,,321,4,220,4,449,450,0,,,,
55,575,,,,3,2,,2026-01-15,85,1960,,,,,,,,Bizon,,653,12,377,13,4,207,0,,,,
25,0,,,,0,0,,2026-01-15,93,0,,,,,,,,Bizon,,207,0,655,0,0,0,0,,,,
41,0,,,,0,0,,2026-01-15,15,0,,,,,,,,Bizon,,125,0,85,0,0,9,0,,,,
63,348,,,,11,0,,2026-01-15,40,1230,,,,,,,,Bizon,,418,8,212,4,348,257,0,,,,
65,197,,,,7,4,,2026-01-15,40,1550,,,,,,,,Bizon,,243,7,179,3,193,200,0,,,,
73,380,,,,4,9,,2026-01-15,40,1717,,,,,,,,Bizon,,47,4,59,4,371,43,0,,,,
67,700,,,,12,3,,2026-01-15,70,1601,,,,,,,,Bizon,,11,6,12,7,697,200,0,,,,
12,0,,,,0,0,,2026-01-15,45,0,,,,,,,,Bizon,,243,0,364,0,0,0,0,,,,
28,0,,,,0,0,,2026-01-15,45,0,,,,,,,,Bizon,,121,0,396,0,0,0,0,,,,
2,0,,,,1,0,,2026-01-15,90,0,,,,,,,,Bizon,,689,1,347,0,0,0,0,,,,
11,683,,,,24,9,,2026-01-16,100,4307,,,,,,,,Bizon,,1168,16,897,23,674,22,0,,,,
5,63,,,,0,0,,2026-01-16,70,1987,,,,,,,,Bizon,,518,1,352,1,63,0,0,,,,
36,597,,,,35,6,,2026-01-16,109,3555,,,,,,,,Bizon,,1139,20,749,34,591,0,0,,,,
46,300,,,,8,0,,2026-01-16,30,975,,,,,,,,Bizon,,518,10,323,3,300,0,0,,,,
53,499,,,,18,2,,2026-01-16,75,2086,,,,,,,,Bizon,,467,8,333,14,497,0,0,,,,
54,444,,,,5,4,,2026-01-16,45,2258,,,,,,,,Bizon,,326,3,222,5,440,0,0,,,,
55,189,,,,11,0,,2026-01-16,85,2786,,,,,,,,Bizon,,661,3,380,8,189,0,0,,,,
25,0,,,,0,0,,2026-01-16,93,0,,,,,,,,Bizon,,207,0,655,0,0,0,0,,,,
41,0,,,,0,0,,2026-01-16,15,0,,,,,,,,Bizon,,125,0,85,0,0,0,0,,,,
63,257,,,,4,0,,2026-01-16,40,1230,,,,,,,,Bizon,,420,2,214,2,257,0,0,,,,
65,198,,,,1,3,,2026-01-16,40,1550,,,,,,,,Bizon,,246,1,180,3,195,0,0,,,,
73,211,,,,2,0,,2026-01-16,40,1717,,,,,,,,Bizon,,48,1,60,1,211,0,0,,,,
67,200,,,,3,1,,2026-01-16,70,1601,,,,,,,,Bizon,,11,4,16,0,199,0,0,,,,
12,0,,,,0,0,,2026-01-16,45,0,,,,,,,,Bizon,,243,0,364,0,0,0,0,,,,
28,0,,,,0,0,,2026-01-16,45,0,,,,,,,,Bizon,,121,0,396,0,0,0,0,,,,
2,0,,,,1,0,,2026-01-16,90,0,,,,,,,,Bizon,,689,1,348,0,0,0,0,,,,
77,0,,,,0,0,,2026-01-16,50,0,,,,,,,,Bizon,,0,0,0,0,0,0,0,,,,
11,0,,,,1,0,,2026-01-17,100,4307,,,,,,,,Bizon,,1168,1,898,0,0,0,750,,,,
5,0,,,,0,0,,2026-01-17,70,1987,,,,,,,,Bizon,,518,0,352,0,0,0,139,,,,
36,0,,,,1,0,,2026-01-17,109,3555,,,,,,,,Bizon,,1139,1,750,0,0,0,1000,,,,
46,0,,,,0,0,,2026-01-17,30,975,,,,,,,,Bizon,,518,0,323,0,0,0,300,,,,
53,0,,,,0,0,,2026-01-17,75,2086,,,,,,,,Bizon,,467,0,333,0,0,0,738,,,,
54,0,,,,0,0,,2026-01-17,45,2258,,,,,,,,Bizon,,326,0,222,0,0,0,450,,,,
55,0,,,,0,0,,2026-01-17,85,2786,,,,,,,,Bizon,,661,0,380,0,0,0,10,,,,
25,0,,,,0,0,,2026-01-17,93,0,,,,,,,,Bizon,,207,0,655,0,0,0,0,,,,
41,0,,,,0,0,,2026-01-17,15,0,,,,,,,,Bizon,,125,0,85,0,0,0,9,,,,
63,0,,,,1,0,,2026-01-17,40,1230,,,,,,,,Bizon,,420,1,215,0,0,0,115,,,,
65,0,,,,0,0,,2026-01-17,40,1550,,,,,,,,Bizon,,246,0,180,0,0,0,400,,,,
73,0,,,,0,0,,2026-01-17,40,1717,,,,,,,,Bizon,,48,0,60,0,0,0,400,,,,
67,0,,,,0,0,,2026-01-17,70,1601,,,,,,,,Bizon,,11,0,16,0,0,0,691,,,,
12,0,,,,0,0,,2026-01-17,45,0,,,,,,,,Bizon,,243,0,364,0,0,0,0,,,,
28,0,,,,0,0,,2026-01-17,45,0,,,,,,,,Bizon,,121,0,396,0,0,0,0,,,,
77,0,,,,0,0,,2026-01-17,50,0,,,,,,,,Bizon,,0,0,0,0,0,0,0,,,,
2,0,,,,0,0,,2026-01-17,90,0,,,,,,,,Bizon,,689,0,348,0,0,0,0,,,,
11,0,,,,2,0,,2026-01-18,100,4307,,,,,,,,Bizon,,1168,2,900,0,0,750,750,,,,
5,0,,,,0,0,,2026-01-18,70,1987,,,,,,,,Bizon,,518,0,352,0,0,139,2,,,,
36,0,,,,1,0,,2026-01-18,109,3555,,,,,,,,Bizon,,1139,1,751,0,0,1000,1000,,,,
46,0,,,,0,0,,2026-01-18,30,975,,,,,,,,Bizon,,518,0,323,0,0,300,300,,,,
53,0,,,,1,0,,2026-01-18,75,2086,,,,,,,,Bizon,,467,1,334,0,0,738,609,,,,
54,0,,,,0,0,,2026-01-18,45,2258,,,,,,,,Bizon,,326,0,222,0,0,450,260,,,,
55,0,,,,0,0,,2026-01-18,85,2786,,,,,,,,Bizon,,661,1,381,0,0,10,582,,,,
25,0,,,,0,0,,2026-01-18,93,0,,,,,,,,Bizon,,207,0,655,0,0,0,0,,,,
41,0,,,,0,0,,2026-01-18,15,0,,,,,,,,Bizon,,125,0,85,0,0,9,0,,,,
63,0,,,,0,0,,2026-01-18,40,1230,,,,,,,,Bizon,,420,0,215,0,0,115,90,,,,
65,0,,,,0,0,,2026-01-18,40,1550,,,,,,,,Bizon,,246,1,181,0,0,400,400,,,,
73,0,,,,0,0,,2026-01-18,40,1717,,,,,,,,Bizon,,48,1,61,0,0,400,373,,,,
67,0,,,,0,0,,2026-01-18,70,1601,,,,,,,,Bizon,,11,0,16,0,0,691,684,,,,
12,0,,,,0,0,,2026-01-18,45,0,,,,,,,,Bizon,,243,0,364,0,0,0,0,,,,
28,0,,,,0,0,,2026-01-18,45,0,,,,,,,,Bizon,,121,0,396,0,0,0,0,,,,
77,0,,,,0,0,,2026-01-18,50,0,,,,,,,,Bizon,,0,0,0,0,0,0,0,,,,
2,0,,,,0,0,,2026-01-18,90,0,,,,,,,,Bizon,,689,0,348,0,0,0,0,,,,
11,736,,,,15,0,,2026-01-19,100,7028,,,,,,,,Bizon,,1181,13,913,13,736,763,750,,,,
5,606,,,,11,0,,2026-01-19,70,1987,,,,,,,,Bizon,,527,5,357,9,606,689,643,,,,
36,994,,,,41,1,,2026-01-19,109,3555,,,,,,,,Bizon,,1176,27,778,37,993,1000,1000,,,,
46,301,,,,3,1,,2026-01-19,30,1355,,,,,,,,Bizon,,521,2,325,3,300,300,300,,,,
53,728,,,,27,0,,2026-01-19,75,2086,,,,,,,,Bizon,,483,16,350,16,728,609,500,,,,
54,442,,,,13,1,,2026-01-19,45,2258,,,,,,,,Bizon,,337,2,224,11,441,261,389,,,,
55,821,,,,29,3,,2026-01-19,85,2786,,,,,,,,Bizon,,693,9,390,32,818,592,793,,,,
25,0,,,,0,0,,2026-01-19,93,0,,,,,,,,Bizon,,207,0,655,0,0,0,0,,,,
41,0,,,,0,0,,2026-01-19,15,0,,,,,,,,Bizon,,125,0,85,0,0,9,0,,,,
63,114,,,,0,0,,2026-01-19,40,1230,,,,,,,,Bizon,,420,1,216,0,114,90,0,,,,
65,393,,,,12,0,,2026-01-19,40,1550,,,,,,,,Bizon,,253,4,185,7,393,400,288,,,,
73,398,,,,5,1,,2026-01-19,40,1717,,,,,,,,Bizon,,50,3,64,2,397,373,9,,,,
67,689,,,,11,0,,2026-01-19,70,1601,,,,,,,,Bizon,,12,10,26,1,689,684,197,,,,
12,0,,,,0,0,,2026-01-19,45,0,,,,,,,,Bizon,,243,0,364,0,0,0,0,,,,
28,440,,,,14,1,,2026-01-19,45,0,,,,,,,,Bizon,,124,13,409,3,439,450,450,,,,
77,0,,,,0,0,,2026-01-19,50,0,,,,,,,,Bizon,,0,0,0,0,0,0,0,,,,
2,0,,,,0,0,,2026-01-19,90,0,,,,,,,,Bizon,,689,0,348,0,0,0,0,,,,
11,718,,,,9,0,,2026-01-20,100,7028,,,,,,,,Bizon,,1190,7,920,9,718,761,750,,,,
5,656,,,,10,1,,2026-01-20,70,1987,,,,,,,,Bizon,,546,0,357,19,655,656,65,,,,
36,1008,,,,43,1,,2026-01-20,109,5095,,,,,,,,Bizon,,1227,20,798,51,1007,1090,1078,,,,
46,300,,,,6,0,,2026-01-20,30,1355,,,,,,,,Bizon,,527,4,329,6,300,300,300,,,,
53,605,,,,29,0,,2026-01-20,75,2086,,,,,,,,Bizon,,500,17,367,17,605,500,150,,,,
54,289,,,,2,1,,2026-01-20,45,2258,,,,,,,,Bizon,,339,2,226,2,288,391,133,,,,
55,578,,,,12,1,,2026-01-20,85,2786,,,,,,,,Bizon,,703,5,395,10,577,793,125,,,,
25,0,,,,0,0,,2026-01-20,93,0,,,,,,,,Bizon,,207,0,655,0,0,0,0,,,,
41,0,,,,0,0,,2026-01-20,15,0,,,,,,,,Bizon,,125,0,85,0,0,9,0,,,,
63,400,,,,1,0,,2026-01-20,40,1919,,,,,,,,Bizon,,421,1,217,1,400,385,360,,,,
65,393,,,,19,0,,2026-01-20,40,1550,,,,,,,,Bizon,,264,8,193,11,393,289,200,,,,
73,372,,,,2,0,,2026-01-20,40,1717,,,,,,,,Bizon,,51,2,66,1,372,9,0,,,,
67,683,,,,7,0,,2026-01-20,70,1601,,,,,,,,Bizon,,12,8,34,0,683,197,0,,,,
28,444,,,,9,0,,2026-01-20,45,0,,,,,,,,Bizon,,130,5,414,6,444,450,450,,,,
12,0,,,,0,0,,2026-01-20,45,0,,,,,,,,Bizon,,243,0,364,0,0,0,0,,,,
77,0,,,,0,0,,2026-01-20,50,0,,,,,,,,Bizon,,0,0,0,0,0,0,0,,,,
2,0,,,,0,0,,2026-01-20,90,0,,,,,,,,Bizon,,689,0,348,0,0,0,0,,,,
11,730,,,,23,0,,2026-01-21,100,7028,,,,,,,,Bizon,,1204,19,939,14,730,753,750,,,,
5,633,,,,14,2,,2026-01-21,70,1987,,,,,,,,Bizon,,559,4,361,13,631,77,61,,,,
36,1064,,,,43,2,,2026-01-21,109,5095,,,,,,,,Bizon,,1277,25,823,50,1062,1090,558,,,,
46,296,,,,7,0,,2026-01-21,30,1355,,,,,,,,Bizon,,533,4,333,6,296,294,298,,,,
53,496,,,,23,0,,2026-01-21,75,2086,,,,,,,,Bizon,,510,17,384,10,496,150,679,,,,
54,409,,,,7,0,,2026-01-21,45,2258,,,,,,,,Bizon,,345,5,231,6,409,127,337,,,,
55,731,,,,13,3,,2026-01-21,85,2786,,,,,,,,Bizon,,718,4,399,15,728,125,780,,,,
25,0,,,,0,0,,2026-01-21,93,0,,,,,,,,Bizon,,207,0,655,0,0,0,0,,,,
41,0,,,,0,0,,2026-01-21,15,0,,,,,,,,Bizon,,125,0,85,0,0,9,0,,,,
63,385,,,,4,1,,2026-01-21,40,1919,,,,,,,,Bizon,,422,3,220,1,384,360,382,,,,
65,278,,,,6,6,,2026-01-21,40,1550,,,,,,,,Bizon,,269,3,196,5,272,200,116,,,,
73,345,,,,3,2,,2026-01-21,40,1759,,,,,,,,Bizon,,53,1,67,2,343,3,0,,,,
67,197,,,,2,1,,2026-01-21,70,1601,,,,,,,,Bizon,,13,2,36,1,196,0,0,,,,
28,442,,,,12,0,,2026-01-21,45,0,,,,,,,,Bizon,,135,9,423,5,442,450,405,,,,
12,0,,,,1,0,,2026-01-21,45,0,,,,,,,,Bizon,,243,1,365,0,0,0,0,,,,
2,0,,,,0,0,,2026-01-21,90,0,,,,,,,,Bizon,,689,1,349,0,0,0,0,,,,
77,0,,,,0,0,,2026-01-21,50,0,,,,,,,,Bizon,,0,0,0,0,0,0,0,,,,
11,732,,,,18,0,,2026-01-22,100,7028,,,,,,,,Bizon,,1215,15,954,11,732,755,0,,,,
5,76,,,,1,0,,2026-01-22,70,1987,,,,,,,,Bizon,,559,2,363,0,76,61,0,,,,
36,1066,,,,46,5,,2026-01-22,109,5095,,,,,,,,Bizon,,1318,25,848,41,1061,634,0,,,,
46,292,,,,2,2,,2026-01-22,30,1355,,,,,,,,Bizon,,538,2,335,5,290,300,0,,,,
53,491,,,,13,1,,2026-01-22,75,2086,,,,,,,,Bizon,,521,7,391,11,490,713,0,,,,
54,446,,,,5,2,,2026-01-22,45,3886,,,,,,,,Bizon,,350,3,234,5,445,450,0,,,,
55,109,,,,11,1,,2026-01-22,85,2786,,,,,,,,Bizon,,719,12,411,1,108,780,0,,,,
25,0,,,,0,0,,2026-01-22,93,0,,,,,,,,Bizon,,0,0,0,0,0,0,0,,,,
41,0,,,,0,0,,2026-01-22,15,0,,,,,,,,Bizon,,0,0,0,0,0,0,0,,,,
63,360,,,,6,1,,2026-01-22,40,1919,,,,,,,,Bizon,,425,5,225,3,359,382,0,,,,
65,200,,,,3,4,,2026-01-22,40,3070,,,,,,,,Bizon,,271,1,197,2,196,200,0,,,,
73,357,,,,2,0,,2026-01-22,40,2071,,,,,,,,Bizon,,55,0,67,2,357,291,0,,,,
67,678,,,,14,5,,2026-01-22,70,2262,,,,,,,,Bizon,,16,12,48,3,673,0,0,,,,
28,437,,,,22,0,,2026-01-22,45,0,,,,,,,,Bizon,,142,18,441,7,437,405,0,,,,
12,0,,,,0,0,,2026-01-22,45,0,,,,,,,,Bizon,,243,0,365,0,0,0,0,,,,
2,0,,,,0,0,,2026-01-22,90,0,,,,,,,,Bizon,,689,0,349,0,0,0,0,,,,
77,0,,,,0,0,,2026-01-22,50,0,,,,,,,,Bizon,,0,0,0,0,0,0,0,,,,
11,729,,,,9,0,,2026-01-23,100,7028,,,,,,,,Bizon,,1216,9,963,1,729,16,0,,,,
5,60,,,,3,0,,2026-01-23,70,1987,,,,,,,,Bizon,,563,0,363,4,60,0,0,,,,
36,619,,,,29,3,,2026-01-23,109,5095,,,,,,,,Bizon,,1342,19,867,24,616,0,0,,,,
46,294,,,,5,1,,2026-01-23,30,1355,,,,,,,,Bizon,,545,2,337,7,293,0,0,,,,
53,718,,,,18,0,,2026-01-23,75,2086,,,,,,,,Bizon,,536,11,402,15,718,0,0,,,,
54,449,,,,8,0,,2026-01-23,45,3886,,,,,,,,Bizon,,354,5,239,4,449,0,0,,,,
55,779,,,,23,0,,2026-01-23,85,2786,,,,,,,,Bizon,,737,14,425,18,779,0,0,,,,
25,0,,,,0,0,,2026-01-23,93,0,,,,,,,,Bizon,,0,0,0,0,0,0,0,,,,
41,0,,,,0,0,,2026-01-23,15,0,,,,,,,,Bizon,,0,0,0,0,0,0,0,,,,
63,382,,,,9,0,,2026-01-23,40,1919,,,,,,,,Bizon,,431,4,229,6,382,0,0,,,,
65,177,,,,3,3,,2026-01-23,40,3070,,,,,,,,Bizon,,272,4,201,1,174,0,0,,,,
73,252,,,,8,4,,2026-01-23,40,2071,,,,,,,,Bizon,,60,4,71,5,248,0,0,,,,
67,0,,,,1,0,,2026-01-23,70,2262,,,,,,,,Bizon,,16,1,49,0,0,0,0,,,,
28,394,,,,25,0,,2026-01-23,45,0,,,,,,,,Bizon,,153,19,460,11,394,0,0,,,,
12,0,,,,0,0,,2026-01-23,45,0,,,,,,,,Bizon,,243,0,365,0,0,0,0,,,,
2,0,,,,0,0,,2026-01-23,90,0,,,,,,,,Bizon,,689,0,349,0,0,0,0,,,,
77,0,,,,0,0,,2026-01-23,50,0,,,,,,,,Bizon,,0,0,0,0,0,0,0,,,,
11,0,,,,0,0,,2026-01-24,100,7028,,,,,,,,Bizon,,1216,0,963,0,0,0,750,,,,
5,0,,,,1,0,,2026-01-24,70,1987,,,,,,,,Bizon,,563,1,364,0,0,0,135,,,,
36,0,,,,0,0,,2026-01-24,109,5095,,,,,,,,Bizon,,1342,0,867,0,0,0,119,,,,
46,0,,,,1,0,,2026-01-24,30,1355,,,,,,,,Bizon,,545,1,338,0,0,0,300,,,,
53,0,,,,0,0,,2026-01-24,75,2086,,,,,,,,Bizon,,536,0,402,0,0,0,598,,,,
54,0,,,,3,0,,2026-01-24,45,3886,,,,,,,,Bizon,,354,3,242,0,0,0,450,,,,
55,0,,,,0,0,,2026-01-24,85,2786,,,,,,,,Bizon,,737,0,425,0,0,0,189,,,,
25,0,,,,0,0,,2026-01-24,93,0,,,,,,,,Bizon,,0,0,0,0,0,0,0,,,,
41,0,,,,0,0,,2026-01-24,15,0,,,,,,,,Bizon,,0,0,0,0,0,0,0,,,,
63,0,,,,0,0,,2026-01-24,40,1919,,,,,,,,Bizon,,431,0,229,0,0,0,400,,,,
65,0,,,,0,0,,2026-01-24,40,3070,,,,,,,,Bizon,,272,0,201,0,0,0,200,,,,
73,0,,,,1,0,,2026-01-24,40,2071,,,,,,,,Bizon,,60,1,72,0,0,0,400,,,,
67,0,,,,1,0,,2026-01-24,70,2262,,,,,,,,Bizon,,16,1,50,0,0,0,0,,,,
28,0,,,,1,0,,2026-01-24,45,0,,,,,,,,Bizon,,153,1,461,0,0,0,63,,,,
12,0,,,,0,0,,2026-01-24,45,0,,,,,,,,Bizon,,243,0,365,0,0,0,0,,,,
2,0,,,,0,0,,2026-01-24,90,0,,,,,,,,Bizon,,689,0,349,0,0,0,0,,,,
77,0,,,,0,0,,2026-01-24,50,0,,,,,,,,Bizon,,0,0,0,0,0,0,0,,,,
11,0,,,,2,0,,2026-01-25,100,7028,,,,,,,,Bizon,,1216,2,965,0,0,750,750,,,,
5,0,,,,0,0,,2026-01-25,70,1987,,,,,,,,Bizon,,563,0,364,0,0,135,1,,,,
36,0,,,,1,0,,2026-01-25,109,5095,,,,,,,,Bizon,,1342,1,868,0,0,119,851,,,,
46,0,,,,1,0,,2026-01-25,30,1355,,,,,,,,Bizon,,545,1,339,0,0,300,300,,,,
53,0,,,,0,0,,2026-01-25,75,2086,,,,,,,,Bizon,,536,0,402,0,0,598,165,,,,
54,0,,,,0,0,,2026-01-25,45,3886,,,,,,,,Bizon,,354,0,242,0,0,450,450,,,,
55,0,,,,0,0,,2026-01-25,85,2786,,,,,,,,Bizon,,737,0,425,0,0,189,9,,,,
25,0,,,,0,0,,2026-01-25,93,0,,,,,,,,Bizon,,0,0,0,0,0,0,0,,,,
41,0,,,,0,0,,2026-01-25,15,0,,,,,,,,Bizon,,0,0,0,0,0,0,0,,,,
63,0,,,,1,0,,2026-01-25,40,1919,,,,,,,,Bizon,,431,1,230,0,0,400,400,,,,
65,0,,,,0,0,,2026-01-25,40,3070,,,,,,,,Bizon,,272,0,201,0,0,200,200,,,,
73,0,,,,0,0,,2026-01-25,40,2071,,,,,,,,Bizon,,60,0,72,0,0,400,400,,,,
67,0,,,,0,0,,2026-01-25,70,2262,,,,,,,,Bizon,,16,0,50,0,0,0,659,,,,
28,0,,,,1,0,,2026-01-25,45,0,,,,,,,,Bizon,,153,1,462,0,0,63,13,,,,
12,0,,,,0,0,,2026-01-25,45,0,,,,,,,,Bizon,,243,0,365,0,0,0,0,,,,
2,0,,,,0,0,,2026-01-25,90,0,,,,,,,,Bizon,,689,0,349,0,0,0,0,,,,
77,0,,,,0,0,,2026-01-25,50,0,,,,,,,,Bizon,,0,0,0,0,0,0,0,,,,
11,727,,,,10,1,,2026-01-26,100,7028,,,,,,,,Bizon,,1225,5,970,9,726,750,750,,,,
5,132,,,,4,1,,2026-01-26,70,4666,,,,,,,,Bizon,,563,4,368,0,131,700,700,,,,
36,119,,,,16,0,,2026-01-26,109,5095,,,,,,,,Bizon,,1347,15,883,5,119,849,529,,,,
46,133,,,,2,0,,2026-01-26,30,2975,,,,,,,,Bizon,,548,1,340,3,133,300,300,,,,
53,594,,,,18,0,,2026-01-26,75,2086,,,,,,,,Bizon,,550,8,410,14,594,165,21,,,,
54,450,,,,7,0,,2026-01-26,45,3886,,,,,,,,Bizon,,355,6,248,1,450,450,450,,,,
55,830,,,,22,4,,2026-01-26,85,4722,,,,,,,,Bizon,,756,10,435,19,826,850,418,,,,
25,0,,,,0,0,,2026-01-26,93,0,,,,,,,,Bizon,,0,0,0,0,0,0,0,,,,
41,0,,,,0,0,,2026-01-26,15,0,,,,,,,,Bizon,,0,0,0,0,0,0,0,,,,
63,400,,,,17,2,,2026-01-26,40,1919,,,,,,,,Bizon,,441,6,236,10,398,400,270,,,,
65,200,,,,6,0,,2026-01-26,40,3070,,,,,,,,Bizon,,276,2,203,4,200,200,200,,,,
73,381,,,,14,0,,2026-01-26,40,2071,,,,,,,,Bizon,,66,8,80,6,381,400,400,,,,
67,693,,,,12,1,,2026-01-26,70,5449,,,,,,,,Bizon,,18,10,60,2,692,700,700,,,,
28,59,,,,7,1,,2026-01-26,45,0,,,,,,,,Bizon,,156,4,466,3,58,13,148,,,,
12,300,,,,4,0,,2026-01-26,45,0,,,,,,,,Bizon,,248,2,367,5,300,450,450,,,,
2,0,,,,0,0,,2026-01-26,90,0,,,,,,,,Bizon,,689,0,349,0,0,0,0,,,,
77,0,,,,0,0,,2026-01-26,50,0,,,,,,,,Bizon,,0,0,0,0,0,0,0,,,,
74,285,,,,7,4,,2026-01-26,60,297,,,,,,,,Bizon,,10,0,0,10,281,11,0,,,,
11,738,,,,13,1,,2026-01-27,100,7028,,,,,,,,Bizon,,1236,7,977,11,737,750,750,,,,
5,665,,,,9,1,,2026-01-27,70,4666,,,,,,,,Bizon,,572,5,373,9,664,704,700,,,,
36,847,,,,20,1,,2026-01-27,109,5095,,,,,,,,Bizon,,1365,15,898,18,846,529,0,,,,
46,298,,,,3,1,,2026-01-27,30,2975,,,,,,,,Bizon,,554,2,342,6,297,283,300,,,,
53,165,,,,4,0,,2026-01-27,75,2086,,,,,,,,Bizon,,552,2,412,2,165,21,22,,,,
54,450,,,,7,1,,2026-01-27,45,3886,,,,,,,,Bizon,,358,4,252,3,449,450,450,,,,
55,839,,,,18,12,,2026-01-27,85,4722,,,,,,,,Bizon,,775,4,439,19,828,418,0,,,,
25,0,,,,0,0,,2026-01-27,93,0,,,,,,,,Bizon,,0,0,0,0,0,0,0,,,,
41,0,,,,0,0,,2026-01-27,15,0,,,,,,,,Bizon,,0,0,0,0,0,0,0,,,,
63,400,,,,9,0,,2026-01-27,40,1919,,,,,,,,Bizon,,446,4,240,5,400,270,58,,,,
65,396,,,,10,4,,2026-01-27,40,4331,,,,,,,,Bizon,,285,3,206,9,392,400,400,,,,
73,377,,,,16,0,,2026-01-27,40,2071,,,,,,,,Bizon,,78,6,86,12,377,400,290,,,,
67,701,,,,11,1,,2026-01-27,70,7271,,,,,,,,Bizon,,20,10,70,2,700,688,700,,,,
28,13,,,,0,0,,2026-01-27,45,0,,,,,,,,Bizon,,156,0,466,0,13,148,0,,,,
12,441,,,,8,1,,2026-01-27,45,0,,,,,,,,Bizon,,255,3,370,7,440,450,330,,,,
2,0,,,,0,0,,2026-01-27,90,0,,,,,,,,Bizon,,689,0,349,0,0,0,0,,,,
74,259,,,,2,1,,2026-01-27,60,371,,,,,,,,Bizon,,11,1,1,1,258,3,0,,,,
77,0,,,,0,0,,2026-01-27,50,0,,,,,,,,Bizon,,0,0,0,0,0,0,0,,,,
11,730,,,,20,4,,2026-01-28,100,7028,,,,,,,,Bizon,,1247,17,994,11,726,750,683,,,,
5,695,,,,16,4,,2026-01-28,70,4666,,,,,,,,Bizon,,582,6,379,10,691,700,700,,,,
36,528,,,,21,1,,2026-01-28,109,5095,,,,,,,,Bizon,,1380,15,913,15,527,0,0,,,,
46,299,,,,12,2,,2026-01-28,30,2975,,,,,,,,Bizon,,564,7,349,10,297,300,300,,,,
53,21,,,,0,0,,2026-01-28,75,2086,,,,,,,,Bizon,,553,0,412,1,21,22,113,,,,
54,448,,,,2,1,,2026-01-28,45,3886,,,,,,,,Bizon,,359,3,255,1,448,450,450,,,,
55,414,,,,9,1,,2026-01-28,85,4722,,,,,,,,Bizon,,785,6,445,10,413,0,647,,,,
25,0,,,,0,0,,2026-01-28,93,0,,,,,,,,Bizon,,0,0,0,0,0,0,0,,,,
41,0,,,,0,0,,2026-01-28,15,0,,,,,,,,Bizon,,0,0,0,0,0,0,0,,,,
63,261,,,,5,0,,2026-01-28,40,1919,,,,,,,,Bizon,,449,2,242,3,261,0,0,,,,
65,385,,,,10,2,,2026-01-28,40,4331,,,,,,,,Bizon,,292,6,212,7,383,400,400,,,,
73,386,,,,7,0,,2026-01-28,40,2071,,,,,,,,Bizon,,84,1,87,6,386,290,174,,,,
67,686,,,,16,0,,2026-01-28,70,7271,,,,,,,,Bizon,,28,8,78,8,686,700,700,,,,
28,147,,,,10,0,,2026-01-28,45,0,,,,,,,,Bizon,,160,9,475,4,147,1,0,,,,
12,430,,,,5,0,,2026-01-28,45,0,,,,,,,,Bizon,,260,2,372,5,430,429,161,,,,
2,0,,,,0,0,,2026-01-28,90,0,,,,,,,,Bizon,,689,0,349,0,0,0,0,,,,
74,273,,,,3,0,,2026-01-28,60,371,,,,,,,,Bizon,,12,2,3,1,273,0,274,,,,
77,0,,,,0,0,,2026-01-28,50,0,,,,,,,,Bizon,,0,0,0,0,0,0,0,,,,
11,727,,,,37,3,,2026-01-29,100,7028,,,,,,,,Bizon,,1287,19,1013,40,724,716,0,,,,
5,684,,,,8,5,,2026-01-29,70,4666,,,,,,,,Bizon,,592,2,381,10,679,702,0,,,,
36,0,,,,4,0,,2026-01-29,109,5095,,,,,,,,Bizon,,1380,6,919,0,0,0,0,,,,
46,291,,,,12,1,,2026-01-29,30,2975,,,,,,,,Bizon,,577,8,357,13,290,300,0,,,,
53,22,,,,2,0,,2026-01-29,75,2086,,,,,,,,Bizon,,553,2,414,0,22,113,0,,,,
54,449,,,,2,0,,2026-01-29,45,3886,,,,,,,,Bizon,,363,0,255,4,449,450,0,,,,
55,0,,,,0,0,,2026-01-29,85,4722,,,,,,,,Bizon,,785,0,445,0,0,647,0,,,,
25,0,,,,0,0,,2026-01-29,93,0,,,,,,,,Bizon,,0,0,0,0,0,0,0,,,,
41,0,,,,0,0,,2026-01-29,15,0,,,,,,,,Bizon,,0,0,0,0,0,0,0,,,,
63,384,,,,1,1,,2026-01-29,40,2278,,,,,,,,Bizon,,450,0,241,1,383,391,0,,,,
65,386,,,,17,5,,2026-01-29,40,4331,,,,,,,,Bizon,,306,3,215,14,381,400,0,,,,
73,278,,,,7,1,,2026-01-29,40,2395,,,,,,,,Bizon,,86,5,92,2,277,400,0,,,,
67,693,,,,18,0,,2026-01-29,70,7271,,,,,,,,Bizon,,29,18,96,1,693,700,0,,,,
28,1,,,,2,0,,2026-01-29,45,0,,,,,,,,Bizon,,160,2,477,0,1,0,0,,,,
12,432,,,,4,0,,2026-01-29,45,0,,,,,,,,Bizon,,265,0,372,5,432,140,0,,,,
2,755,,,,29,8,,2026-01-29,90,3216,,,,,,,,Bizon,,712,12,361,23,747,775,0,,,,
74,299,,,,16,2,,2026-01-29,60,2200,,,,,,,,Bizon,,25,3,6,13,297,300,0,,,,
77,0,,,,0,0,,2026-01-29,50,0,,,,,,,,Bizon,,0,0,0,0,0,0,0,,,,
11,682,,,,21,5,,2026-01-30,100,7028,,,,,,,,Bizon,,1318,10,1023,31,677,6,0,,,,
5,671,,,,26,2,,2026-01-30,70,4666,,,,,,,,Bizon,,620,8,389,28,669,3,0,,,,
36,0,,,,1,0,,2026-01-30,109,5095,,,,,,,,Bizon,,1380,1,920,0,0,0,0,,,,
46,299,,,,11,2,,2026-01-30,30,2975,,,,,,,,Bizon,,589,2,359,12,297,0,0,,,,
53,113,,,,2,0,,2026-01-30,75,2086,,,,,,,,Bizon,,553,2,416,0,113,0,0,,,,
54,449,,,,3,0,,2026-01-30,45,3886,,,,,,,,Bizon,,365,3,258,2,449,0,0,,,,
55,647,,,,9,0,,2026-01-30,85,4722,,,,,,,,Bizon,,793,7,452,8,647,0,0,,,,
25,0,,,,0,0,,2026-01-30,93,0,,,,,,,,Bizon,,0,0,0,0,0,0,0,,,,
41,0,,,,0,0,,2026-01-30,15,0,,,,,,,,Bizon,,0,0,0,0,0,0,0,,,,
63,360,,,,18,1,,2026-01-30,40,2278,,,,,,,,Bizon,,467,4,245,17,359,0,0,,,,
65,400,,,,12,5,,2026-01-30,40,4331,,,,,,,,Bizon,,311,7,222,5,395,0,0,,,,
73,390,,,,7,8,,2026-01-30,40,2395,,,,,,,,Bizon,,91,7,99,5,382,0,0,,,,
67,697,,,,14,0,,2026-01-30,70,7271,,,,,,,,Bizon,,30,14,110,1,697,0,0,,,,
28,0,,,,1,0,,2026-01-30,45,469,,,,,,,,Bizon,,160,1,478,0,0,0,0,,,,
12,136,,,,3,0,,2026-01-30,45,0,,,,,,,,Bizon,,268,2,374,3,136,0,0,,,,
2,716,,,,33,5,,2026-01-30,90,3216,,,,,,,,Bizon,,736,16,377,24,711,0,0,,,,
74,299,,,,3,0,,2026-01-30,60,2200,,,,,,,,Bizon,,30,4,10,5,299,0,0,,,,
77,0,,,,0,0,,2026-01-30,50,0,,,,,,,,Bizon,,0,0,0,0,0,0,0,,,,
11,0,,,,1,0,,2026-01-31,100,7028,,,,,,,,Bizon,,1318,1,1024,0,0,0,177,,,,
5,0,,,,0,0,,2026-01-31,70,4666,,,,,,,,Bizon,,620,0,389,0,0,0,700,,,,
36,0,,,,0,0,,2026-01-31,109,5095,,,,,,,,Bizon,,1380,0,920,0,0,0,40,,,,
46,0,,,,0,0,,2026-01-31,30,2975,,,,,,,,Bizon,,589,0,359,0,0,0,0,,,,
53,0,,,,0,0,,2026-01-31,75,2086,,,,,,,,Bizon,,553,0,416,0,0,0,66,,,,
54,0,,,,0,0,,2026-01-31,45,3886,,,,,,,,Bizon,,365,0,258,0,0,0,450,,,,
55,0,,,,0,0,,2026-01-31,85,4722,,,,,,,,Bizon,,793,0,452,0,0,0,850,,,,
25,0,,,,0,0,,2026-01-31,93,0,,,,,,,,Bizon,,0,0,0,0,0,0,0,,,,
41,0,,,,0,0,,2026-01-31,15,0,,,,,,,,Bizon,,0,0,0,0,0,0,0,,,,
63,0,,,,0,0,,2026-01-31,40,2278,,,,,,,,Bizon,,468,1,246,1,0,0,144,,,,
65,0,,,,0,0,,2026-01-31,40,4331,,,,,,,,Bizon,,311,0,222,0,0,0,400,,,,
73,0,,,,0,0,,2026-01-31,40,2395,,,,,,,,Bizon,,91,0,99,0,0,0,400,,,,
67,0,,,,3,0,,2026-01-31,70,7271,,,,,,,,Bizon,,30,3,113,0,0,0,700,,,,
28,0,,,,0,0,,2026-01-31,45,469,,,,,,,,Bizon,,160,0,478,0,0,0,446,,,,
12,0,,,,1,0,,2026-01-31,45,0,,,,,,,,Bizon,,268,1,375,0,0,0,252,,,,
2,0,,,,0,0,,2026-01-31,90,3216,,,,,,,,Bizon,,736,0,377,0,0,0,775,,,,
74,0,,,,0,0,,2026-01-31,60,2200,,,,,,,,Bizon,,30,0,10,0,0,0,300,,,,
77,0,,,,0,0,,2026-01-31,50,0,,,,,,,,Bizon,,0,0,0,0,0,0,0,,,,
11,0,,,,0,0,,2026-02-01,100,0,,,,,,,,Bizon,,1318,0,1024,0,0,177,0,,,,
5,0,,,,0,0,,2026-02-01,70,0,,,,,,,,Bizon,,620,0,389,0,0,700,700,,,,
36,0,,,,1,0,,2026-02-01,109,0,,,,,,,,Bizon,,1380,1,921,0,0,40,0,,,,
46,0,,,,0,0,,2026-02-01,30,0,,,,,,,,Bizon,,589,0,359,0,0,0,0,,,,
53,0,,,,0,0,,2026-02-01,75,0,,,,,,,,Bizon,,553,0,416,0,0,66,0,,,,
54,0,,,,0,0,,2026-02-01,45,0,,,,,,,,Bizon,,365,0,258,0,0,450,450,,,,
55,0,,,,0,0,,2026-02-01,85,0,,,,,,,,Bizon,,793,0,452,0,0,850,847,,,,
25,0,,,,0,0,,2026-02-01,93,0,,,,,,,,Bizon,,0,0,0,0,0,0,0,,,,
41,0,,,,0,0,,2026-02-01,15,0,,,,,,,,Bizon,,0,0,0,0,0,0,0,,,,
63,0,,,,0,0,,2026-02-01,40,0,,,,,,,,Bizon,,468,0,246,0,0,144,379,,,,
65,0,,,,0,0,,2026-02-01,40,0,,,,,,,,Bizon,,311,0,222,0,0,400,400,,,,
73,0,,,,0,0,,2026-02-01,40,0,,,,,,,,Bizon,,91,0,99,0,0,400,400,,,,
67,0,,,,1,0,,2026-02-01,70,0,,,,,,,,Bizon,,30,1,114,0,0,700,700,,,,
28,0,,,,0,0,,2026-02-01,45,0,,,,,,,,Bizon,,160,0,478,0,0,446,139,,,,
12,0,,,,0,0,,2026-02-01,45,0,,,,,,,,Bizon,,268,0,375,0,0,252,433,,,,
2,0,,,,0,0,,2026-02-01,90,0,,,,,,,,Bizon,,736,0,377,0,0,775,775,,,,
74,0,,,,1,0,,2026-02-01,60,0,,,,,,,,Bizon,,30,1,11,0,0,300,300,,,,
77,0,,,,0,0,,2026-02-01,50,0,,,,,,,,Bizon,,0,0,0,0,0,0,0,,,,
11,740,,,,14,2,,2026-02-02,100,0,,,,,,,,Bizon,,1326,12,1036,8,738,750,556,,,,
5,697,,,,18,1,,2026-02-02,70,0,,,,,,,,Bizon,,629,15,404,9,696,701,698,,,,
36,745,,,,40,17,,2026-02-02,109,4939,,,,,,,,Bizon,,1410,19,940,30,728,750,750,,,,
46,0,,,,0,0,,2026-02-02,30,0,,,,,,,,Bizon,,589,0,359,0,0,0,0,,,,
53,65,,,,5,0,,2026-02-02,75,0,,,,,,,,Bizon,,555,5,421,2,65,0,0,,,,
54,450,,,,3,1,,2026-02-02,45,0,,,,,,,,Bizon,,366,5,263,1,449,450,420,,,,
55,841,,,,12,0,,2026-02-02,85,0,,,,,,,,Bizon,,805,7,459,12,841,847,272,,,,
25,0,,,,0,0,,2026-02-02,93,0,,,,,,,,Bizon,,0,0,0,0,0,0,0,,,,
41,0,,,,0,0,,2026-02-02,15,0,,,,,,,,Bizon,,0,0,0,0,0,0,0,,,,
63,389,,,,4,2,,2026-02-02,40,4231,,,,,,,,Bizon,,469,3,249,1,387,400,400,,,,
65,395,,,,11,1,,2026-02-02,40,0,,,,,,,,Bizon,,315,9,231,4,394,399,399,,,,
73,394,,,,3,1,,2026-02-02,40,0,,,,,,,,Bizon,,93,2,101,2,393,400,283,,,,
67,697,,,,10,0,,2026-02-02,70,0,,,,,,,,Bizon,,30,11,125,0,697,700,700,,,,
28,441,,,,10,0,,2026-02-02,45,0,,,,,,,,Bizon,,167,10,488,7,441,141,0,,,,
12,252,,,,5,0,,2026-02-02,45,0,,,,,,,,Bizon,,270,5,380,2,252,433,236,,,,
2,736,,,,20,3,,2026-02-02,90,0,,,,,,,,Bizon,,751,11,388,15,733,775,774,,,,
74,298,,,,2,0,,2026-02-02,60,0,,,,,,,,Bizon,,32,0,11,2,298,300,300,,,,
77,0,,,,0,0,,2026-02-02,50,0,,,,,,,,Bizon,,0,0,0,0,0,0,0,,,,
11,738,,,,6,3,,2026-02-03,100,128,,,,,,,,Bizon,,1332,3,1039,6,735,719,596,,,,
5,690,,,,14,0,,2026-02-03,70,0,,,,,,,,Bizon,,639,11,415,10,690,702,699,,,,
36,741,,,,38,8,,2026-02-03,107,4939,,,,,,,,Bizon,,1441,21,961,31,733,750,750,,,,
53,0,,,,1,0,,2026-02-03,75,0,,,,,,,,Bizon,,555,1,422,0,0,0,40,,,,
54,450,,,,4,2,,2026-02-03,45,0,,,,,,,,Bizon,,369,3,266,3,448,435,205,,,,
55,840,,,,25,1,,2026-02-03,85,0,,,,,,,,Bizon,,819,17,476,14,839,272,0,,,,
25,0,,,,0,0,,2026-02-03,93,0,,,,,,,,Bizon,,0,0,0,0,0,0,0,,,,
41,0,,,,0,0,,2026-02-03,15,0,,,,,,,,Bizon,,0,0,0,0,0,0,0,,,,
63,399,,,,7,0,,2026-02-03,40,4231,,,,,,,,Bizon,,470,6,255,1,399,400,400,,,,
65,395,,,,10,1,,2026-02-03,40,0,,,,,,,,Bizon,,321,6,237,6,394,400,400,,,,
73,392,,,,4,1,,2026-02-03,40,0,,,,,,,,Bizon,,95,8,109,2,391,283,0,,,,
67,687,,,,10,1,,2026-02-03,70,0,,,,,,,,Bizon,,32,10,135,2,686,700,700,,,,
28,135,,,,12,0,,2026-02-03,45,0,,,,,,,,Bizon,,169,12,500,2,135,3,8,,,,
12,433,,,,7,0,,2026-02-03,45,0,,,,,,,,Bizon,,276,4,384,6,433,236,15,,,,
2,751,,,,14,0,,2026-02-03,90,0,,,,,,,,Bizon,,765,8,396,14,751,775,656,,,,
74,300,,,,2,1,,2026-02-03,60,0,,,,,,,,Bizon,,34,0,10,2,299,300,300,,,,
77,0,,,,0,0,,2026-02-03,50,0,,,,,,,,Bizon,,0,0,0,0,0,0,0,,,,
11,684,,,,19,0,,2026-02-04,100,128,,,,,,,,Bizon,,1347,12,1051,15,684,636,726,,,,
5,690,,,,11,0,,2026-02-04,70,0,,,,,,,,Bizon,,650,8,423,11,690,703,453,,,,
36,693,,,,26,11,,2026-02-04,107,4939,,,,,,,,Bizon,,1468,13,974,27,683,750,750,,,,
53,0,,,,0,0,,2026-02-04,75,0,,,,,,,,Bizon,,555,0,422,0,0,40,0,,,,
54,447,,,,5,4,,2026-02-04,45,0,,,,,,,,Bizon,,374,2,268,5,443,261,164,,,,
55,270,,,,10,0,,2026-02-04,85,0,,,,,,,,Bizon,,825,5,481,6,270,0,0,,,,
25,0,,,,0,0,,2026-02-04,93,0,,,,,,,,Bizon,,0,0,0,0,0,0,0,,,,
41,0,,,,0,0,,2026-02-04,15,0,,,,,,,,Bizon,,0,0,0,0,0,0,0,,,,
63,399,,,,9,0,,2026-02-04,40,4231,,,,,,,,Bizon,,476,3,258,6,399,400,400,,,,
65,383,,,,11,0,,2026-02-04,40,0,,,,,,,,Bizon,,326,6,243,5,383,400,400,,,,
73,277,,,,4,0,,2026-02-04,40,0,,,,,,,,Bizon,,99,3,112,4,277,0,0,,,,
67,697,,,,12,0,,2026-02-04,70,0,,,,,,,,Bizon,,34,11,146,2,697,700,700,,,,
28,3,,,,3,0,,2026-02-04,45,0,,,,,,,,Bizon,,169,3,503,0,3,8,13,,,,
12,236,,,,5,0,,2026-02-04,45,0,,,,,,,,Bizon,,279,3,387,3,236,15,28,,,,
2,763,,,,16,0,,2026-02-04,90,0,,,,,,,,Bizon,,777,7,403,12,763,676,75,,,,
74,299,,,,2,0,,2026-02-04,60,0,,,,,,,,Bizon,,36,0,10,2,299,300,300,,,,
77,0,,,,0,0,,2026-02-04,50,0,,,,,,,,Bizon,,0,0,0,0,0,0,0,,,,
11,612,,,,21,4,,2026-02-05,100,128,,,,,,,,Bizon,,1367,13,1064,20,608,737,0,,,,
5,675,,,,21,2,,2026-02-05,70,0,,,,,,,,Bizon,,671,11,434,21,673,465,0,,,,
36,690,,,,34,11,,2026-02-05,107,4939,,,,,,,,Bizon,,1498,13,987,30,679,750,0,,,,
53,40,,,,0,0,,2026-02-05,75,0,,,,,,,,Bizon,,555,0,422,0,40,0,0,,,,
54,315,,,,5,0,,2026-02-05,45,0,,,,,,,,Bizon,,375,5,273,1,315,132,0,,,,
55,0,,,,3,0,,2026-02-05,85,0,,,,,,,,Bizon,,825,3,484,0,0,0,0,,,,
25,0,,,,0,0,,2026-02-05,93,0,,,,,,,,Bizon,,0,0,0,0,0,0,0,,,,
41,0,,,,0,0,,2026-02-05,15,0,,,,,,,,Bizon,,0,0,0,0,0,0,0,,,,
63,400,,,,1,1,,2026-02-05,40,4231,,,,,,,,Bizon,,476,1,259,0,399,400,0,,,,
65,395,,,,12,0,,2026-02-05,40,0,,,,,,,,Bizon,,335,3,246,9,395,400,0,,,,
73,399,,,,8,1,,2026-02-05,40,994,,,,,,,,Bizon,,105,4,116,6,398,400,0,,,,
67,700,,,,13,2,,2026-02-05,70,0,,,,,,,,Bizon,,40,10,156,6,698,700,0,,,,
28,8,,,,3,0,,2026-02-05,45,0,,,,,,,,Bizon,,169,3,506,0,8,13,0,,,,
12,15,,,,0,0,,2026-02-05,45,0,,,,,,,,Bizon,,279,0,387,0,15,28,0,,,,
2,643,,,,19,4,,2026-02-05,90,0,,,,,,,,Bizon,,786,11,414,9,639,79,0,,,,
74,300,,,,3,1,,2026-02-05,60,0,,,,,,,,Bizon,,38,3,13,2,299,300,0,,,,
77,0,,,,0,0,,2026-02-05,50,0,,,,,,,,Bizon,,0,0,0,0,0,0,0,,,,
79,401,,,,39,8,,2026-02-05,40,489,,,,,,,,Bizon,,33,7,7,33,393,88,0,,,,
11,705,,,,9,1,,2026-02-06,100,128,,,,,,,,Bizon,,1380,6,1070,13,704,6,0,,,,
5,440,,,,15,3,,2026-02-06,70,0,,,,,,,,Bizon,,687,5,439,16,437,4,0,,,,
36,696,,,,33,13,,2026-02-06,107,4939,,,,,,,,Bizon,,1522,21,1008,24,683,0,0,,,,
54,129,,,,5,2,,2026-02-06,45,0,,,,,,,,Bizon,,377,3,276,2,127,0,0,,,,
55,0,,,,1,0,,2026-02-06,85,0,,,,,,,,Bizon,,825,1,485,0,0,0,0,,,,
25,0,,,,0,0,,2026-02-06,93,0,,,,,,,,Bizon,,0,0,0,0,0,0,0,,,,
41,0,,,,0,0,,2026-02-06,15,0,,,,,,,,Bizon,,0,0,0,0,0,0,0,,,,
63,401,,,,2,4,,2026-02-06,40,4231,,,,,,,,Bizon,,478,1,260,2,397,0,0,,,,
65,375,,,,15,1,,2026-02-06,40,0,,,,,,,,Bizon,,346,4,250,11,374,0,0,,,,
73,399,,,,6,5,,2026-02-06,40,994,,,,,,,,Bizon,,110,1,117,5,394,0,0,,,,
67,700,,,,10,0,,2026-02-06,70,0,,,,,,,,Bizon,,41,9,165,1,700,0,0,,,,
28,13,,,,1,0,,2026-02-06,45,0,,,,,,,,Bizon,,169,1,507,0,13,0,0,,,,
12,27,,,,1,0,,2026-02-06,45,0,,,,,,,,Bizon,,279,2,389,0,27,0,0,,,,
2,75,,,,3,0,,2026-02-06,90,0,,,,,,,,Bizon,,786,4,418,0,75,1,0,,,,
74,302,,,,2,2,,2026-02-06,60,0,,,,,,,,Bizon,,39,2,15,1,300,0,0,,,,
53,0,,,,0,0,,2026-02-06,75,0,,,,,,,,Bizon,,555,0,422,0,0,0,0,,,,
79,399,,,,25,7,,2026-02-06,40,1982,,,,,,,,Bizon,,50,9,16,17,392,0,0,,,,
77,0,,,,0,0,,2026-02-06,50,0,,,,,,,,Bizon,,0,0,0,0,0,0,0,,,,
11,0,,,,1,0,,2026-02-07,100,128,,,,,,,,Bizon,,1380,2,1072,0,0,0,750,,,,
5,0,,,,0,1,,2026-02-07,70,0,,,,,,,,Bizon,,687,0,439,0,0,0,695,,,,
36,0,,,,0,0,,2026-02-07,107,4939,,,,,,,,Bizon,,1522,1,1009,0,0,0,750,,,,
54,0,,,,0,0,,2026-02-07,45,0,,,,,,,,Bizon,,377,0,276,0,0,0,371,,,,
55,0,,,,0,0,,2026-02-07,85,0,,,,,,,,Bizon,,825,0,485,0,0,0,635,,,,
25,0,,,,0,0,,2026-02-07,93,0,,,,,,,,Bizon,,0,0,0,0,0,0,0,,,,
41,0,,,,0,0,,2026-02-07,15,0,,,,,,,,Bizon,,0,0,0,0,0,0,0,,,,
63,0,,,,0,0,,2026-02-07,40,4231,,,,,,,,Bizon,,478,0,260,0,0,0,400,,,,
65,0,,,,0,0,,2026-02-07,40,0,,,,,,,,Bizon,,346,0,250,0,0,0,400,,,,
73,0,,,,0,0,,2026-02-07,40,994,,,,,,,,Bizon,,110,0,117,0,0,0,400,,,,
67,0,,,,0,0,,2026-02-07,70,0,,,,,,,,Bizon,,41,3,168,0,0,0,700,,,,
28,0,,,,0,0,,2026-02-07,45,0,,,,,,,,Bizon,,169,0,507,0,0,0,137,,,,
12,0,,,,0,0,,2026-02-07,45,0,,,,,,,,Bizon,,279,0,389,0,0,0,78,,,,
2,0,,,,0,0,,2026-02-07,90,0,,,,,,,,Bizon,,786,1,419,0,0,0,755,,,,
74,0,,,,0,0,,2026-02-07,75,0,,,,,,,,Bizon,,39,0,14,0,0,0,300,,,,
79,0,,,,0,0,,2026-02-07,40,1982,,,,,,,,Bizon,,50,0,16,0,0,0,400,,,,
77,0,,,,0,0,,2026-02-07,50,0,,,,,,,,Bizon,,0,0,0,0,0,0,0,,,,
11,0,,,,0,0,,2026-02-08,100,128,,,,,,,,Bizon,,1380,0,1072,0,0,750,750,,,,
5,0,,,,0,0,,2026-02-08,70,0,,,,,,,,Bizon,,687,0,439,0,0,695,700,,,,
36,0,,,,0,0,,2026-02-08,107,4939,,,,,,,,Bizon,,1522,0,1009,0,0,750,750,,,,
54,0,,,,0,0,,2026-02-08,45,0,,,,,,,,Bizon,,377,0,276,0,0,371,393,,,,
55,0,,,,0,0,,2026-02-08,85,0,,,,,,,,Bizon,,825,0,485,0,0,635,93,,,,
25,0,,,,0,0,,2026-02-08,93,0,,,,,,,,Bizon,,0,0,0,0,0,0,0,,,,
41,0,,,,0,0,,2026-02-08,15,0,,,,,,,,Bizon,,0,0,0,0,0,0,0,,,,
63,0,,,,1,0,,2026-02-08,40,4231,,,,,,,,Bizon,,478,1,261,0,0,400,400,,,,
65,0,,,,0,0,,2026-02-08,40,0,,,,,,,,Bizon,,346,0,250,0,0,400,373,,,,
73,0,,,,0,0,,2026-02-08,40,994,,,,,,,,Bizon,,110,0,117,0,0,400,400,,,,
67,0,,,,0,0,,2026-02-08,70,0,,,,,,,,Bizon,,41,0,168,0,0,700,700,,,,
28,0,,,,0,0,,2026-02-08,45,0,,,,,,,,Bizon,,169,0,507,0,0,137,0,,,,
12,0,,,,0,0,,2026-02-08,45,0,,,,,,,,Bizon,,279,0,389,0,0,78,0,,,,
2,0,,,,0,0,,2026-02-08,90,0,,,,,,,,Bizon,,786,0,419,0,0,756,685,,,,
74,0,,,,0,0,,2026-02-08,75,0,,,,,,,,Bizon,,39,0,14,0,0,300,300,,,,
79,0,,,,1,0,,2026-02-08,40,1982,,,,,,,,Bizon,,50,1,17,0,0,400,400,,,,
77,0,,,,0,0,,2026-02-08,50,0,,,,,,,,Bizon,,0,0,0,0,0,0,0,,,,
11,706,,,,17,0,,2026-02-09,100,128,,,,,,,,Bizon,,1399,7,1079,19,706,766,567,,,,
5,686,,,,15,0,,2026-02-09,70,0,,,,,,,,Bizon,,700,12,451,13,686,703,699,,,,
36,701,,,,24,1,,2026-02-09,107,4939,,,,,,,,Bizon,,1542,12,1021,20,700,750,750,,,,
54,371,,,,8,0,,2026-02-09,45,0,,,,,,,,Bizon,,382,4,280,5,371,393,328,,,,
55,629,,,,6,1,,2026-02-09,85,0,,,,,,,,Bizon,,832,3,488,7,628,93,812,,,,
25,0,,,,0,0,,2026-02-09,93,0,,,,,,,,Bizon,,0,0,0,0,0,0,0,,,,
41,0,,,,0,0,,2026-02-09,15,0,,,,,,,,Bizon,,0,0,0,0,0,0,0,,,,
63,400,,,,0,1,,2026-02-09,40,4231,,,,,,,,Bizon,,478,0,261,0,399,128,0,,,,
65,393,,,,8,4,,2026-02-09,40,0,,,,,,,,Bizon,,352,3,253,6,390,373,395,,,,
73,400,,,,1,0,,2026-02-09,40,994,,,,,,,,Bizon,,110,2,119,0,400,400,400,,,,
67,699,,,,5,1,,2026-02-09,70,0,,,,,,,,Bizon,,43,4,172,2,698,700,700,,,,
28,135,,,,10,0,,2026-02-09,45,0,,,,,,,,Bizon,,178,6,513,9,135,1,0,,,,
12,308,,,,3,0,,2026-02-09,35,642,,,,,,,,Bizon,,283,2,391,4,308,300,282,,,,
2,743,,,,15,1,,2026-02-09,90,0,,,,,,,,Bizon,,795,11,430,9,742,689,95,,,,
74,250,,,,5,13,,2026-02-09,75,278,,,,,,,,Bizon,,42,2,16,3,237,549,378,,,,
79,399,,,,18,7,,2026-02-09,40,1982,,,,,,,,Bizon,,61,7,24,11,392,400,400,,,,
77,0,,,,0,0,,2026-02-09,50,0,,,,,,,,Bizon,,0,0,0,0,0,0,0,,,,
11,705,,,,15,0,,2026-02-10,100,128,,,,,,,,Bizon,,1421,9,1088,22,705,598,10,,,,
5,687,,,,11,1,,2026-02-10,70,0,,,,,,,,Bizon,,714,7,458,14,686,703,700,,,,
36,696,,,,20,2,,2026-02-10,107,4939,,,,,,,,Bizon,,1558,21,1042,16,694,801,750,,,,
54,393,,,,3,0,,2026-02-10,45,0,,,,,,,,Bizon,,384,2,282,2,393,328,301,,,,
55,351,,,,6,1,,2026-02-10,85,327,,,,,,,,Bizon,,837,3,491,5,350,823,298,,,,
25,0,,,,0,0,,2026-02-10,93,0,,,,,,,,Bizon,,0,0,0,0,0,0,0,,,,
41,0,,,,0,0,,2026-02-10,15,0,,,,,,,,Bizon,,0,0,0,0,0,0,0,,,,
63,371,,,,8,5,,2026-02-10,40,4398,,,,,,,,Bizon,,486,1,262,8,366,400,400,,,,
65,366,,,,5,4,,2026-02-10,40,0,,,,,,,,Bizon,,357,0,253,5,362,397,204,,,,
73,398,,,,3,0,,2026-02-10,40,994,,,,,,,,Bizon,,110,3,122,0,398,400,400,,,,
67,700,,,,12,1,,2026-02-10,70,0,,,,,,,,Bizon,,46,9,181,3,699,700,700,,,,
28,1,,,,1,0,,2026-02-10,45,0,,,,,,,,Bizon,,179,2,515,1,1,0,6,,,,
12,299,,,,9,20,,2026-02-10,35,642,,,,,,,,Bizon,,292,1,392,9,279,300,213,,,,
2,674,,,,12,2,,2026-02-10,90,0,,,,,,,,Bizon,,801,8,438,6,672,100,0,,,,
74,354,,,,8,12,,2026-02-10,75,626,,,,,,,,Bizon,,51,1,17,9,343,581,337,,,,
79,396,,,,23,0,,2026-02-10,40,1982,,,,,,,,Bizon,,80,6,30,19,396,400,400,,,,
77,0,,,,0,0,,2026-02-10,50,0,,,,,,,,Bizon,,0,0,0,0,0,0,0,,,,
11,318,,,,8,0,,2026-02-11,100,128,,,,,,,,Bizon,,1428,5,1093,7,318,0,0,,,,
5,691,,,,15,2,,2026-02-11,70,0,,,,,,,,Bizon,,730,5,463,16,689,704,323,,,,
36,697,,,,12,0,,2026-02-11,107,4939,,,,,,,,Bizon,,1573,8,1050,15,697,800,750,,,,
54,446,,,,1,1,,2026-02-11,45,1080,,,,,,,,Bizon,,384,1,283,0,445,450,444,,,,
55,813,,,,17,0,,2026-02-11,85,565,,,,,,,,Bizon,,849,10,501,12,813,454,80,,,,
25,0,,,,0,0,,2026-02-11,93,0,,,,,,,,Bizon,,0,0,0,0,0,0,0,,,,
41,0,,,,0,0,,2026-02-11,15,0,,,,,,,,Bizon,,0,0,0,0,0,0,0,,,,
63,399,,,,1,0,,2026-02-11,40,4398,,,,,,,,Bizon,,487,1,263,1,399,400,400,,,,
65,393,,,,11,0,,2026-02-11,40,0,,,,,,,,Bizon,,362,7,260,5,393,204,200,,,,
73,396,,,,2,0,,2026-02-11,40,994,,,,,,,,Bizon,,112,2,124,2,396,400,337,,,,
67,700,,,,7,1,,2026-02-11,70,0,,,,,,,,Bizon,,47,6,187,1,699,700,700,,,,
28,0,,,,1,0,,2026-02-11,45,0,,,,,,,,Bizon,,179,1,516,0,0,6,35,,,,
12,300,,,,5,16,,2026-02-11,35,642,,,,,,,,Bizon,,296,1,393,4,286,200,331,,,,
2,98,,,,4,0,,2026-02-11,90,0,,,,,,,,Bizon,,804,1,439,3,98,2,435,,,,
74,330,,,,16,6,,2026-02-11,75,1053,,,,,,,,Bizon,,62,8,25,11,324,537,350,,,,
79,396,,,,13,0,,2026-02-11,40,1982,,,,,,,,Bizon,,90,6,36,10,396,400,300,,,,
77,0,,,,0,0,,2026-02-11,50,0,,,,,,,,Bizon,,0,0,0,0,0,0,0,,,,
11,0,,,,1,0,,2026-02-12,100,128,,,,,,,,Bizon,,1429,1,1094,1,0,0,0,,,,
5,697,,,,12,0,,2026-02-12,70,0,,,,,,,,Bizon,,751,6,469,21,697,325,0,,,,
36,697,,,,19,0,,2026-02-12,107,4939,,,,,,,,Bizon,,1587,12,1062,14,697,800,0,,,,
54,450,,,,4,0,,2026-02-12,45,1080,,,,,,,,Bizon,,389,4,287,5,450,450,0,,,,
55,436,,,,12,1,,2026-02-12,85,565,,,,,,,,Bizon,,857,7,508,8,435,80,0,,,,
25,0,,,,0,0,,2026-02-12,93,0,,,,,,,,Bizon,,0,0,0,0,0,0,0,,,,
41,0,,,,0,0,,2026-02-12,15,0,,,,,,,,Bizon,,0,0,0,0,0,0,0,,,,
63,400,,,,1,1,,2026-02-12,40,4398,,,,,,,,Bizon,,487,2,265,0,399,400,0,,,,
65,201,,,,6,1,,2026-02-12,40,0,,,,,,,,Bizon,,364,6,266,2,200,200,0,,,,
73,396,,,,5,0,,2026-02-12,40,994,,,,,,,,Bizon,,114,3,127,2,396,337,0,,,,
67,700,,,,5,0,,2026-02-12,70,0,,,,,,,,Bizon,,48,5,192,1,700,700,0,,,,
28,6,,,,1,0,,2026-02-12,45,0,,,,,,,,Bizon,,179,1,517,0,6,35,0,,,,
12,316,,,,2,5,,2026-02-12,35,642,,,,,,,,Bizon,,299,0,393,3,314,343,0,,,,
2,2,,,,2,0,,2026-02-12,90,0,,,,,,,,Bizon,,804,2,441,0,2,435,0,,,,
74,236,,,,15,4,,2026-02-12,75,1053,,,,,,,,Bizon,,73,4,29,11,233,483,0,,,,
79,395,,,,18,3,,2026-02-12,40,1982,,,,,,,,Bizon,,103,6,42,13,392,300,0,,,,
77,0,,,,0,0,,2026-02-12,50,0,,,,,,,,Bizon,,0,0,0,0,0,0,0,,,,
11,0,,,,1,0,,2026-02-13,100,128,,,,,,,,Bizon,,1429,1,1095,0,0,0,0,,,,
5,323,,,,10,0,,2026-02-13,70,0,,,,,,,,Bizon,,761,5,474,10,323,0,0,,,,
36,689,,,,29,8,,2026-02-13,107,4939,,,,,,,,Bizon,,1615,7,1069,28,681,50,0,,,,
54,443,,,,1,3,,2026-02-13,45,1080,,,,,,,,Bizon,,396,4,291,7,440,0,0,,,,
55,74,,,,4,0,,2026-02-13,85,565,,,,,,,,Bizon,,861,3,511,4,74,0,0,,,,
25,0,,,,0,0,,2026-02-13,93,0,,,,,,,,Bizon,,0,0,0,0,0,0,0,,,,
41,0,,,,0,0,,2026-02-13,15,0,,,,,,,,Bizon,,0,0,0,0,0,0,0,,,,
63,400,,,,2,1,,2026-02-13,40,4398,,,,,,,,Bizon,,488,1,266,1,399,0,0,,,,
65,374,,,,11,1,,2026-02-13,40,520,,,,,,,,Bizon,,371,4,270,7,373,0,0,,,,
73,336,,,,6,2,,2026-02-13,40,994,,,,,,,,Bizon,,117,4,131,3,334,0,0,,,,
67,700,,,,6,1,,2026-02-13,70,0,,,,,,,,Bizon,,50,5,197,2,699,0,0,,,,
28,35,,,,3,0,,2026-02-13,45,0,,,,,,,,Bizon,,180,2,519,1,35,0,0,,,,
12,343,,,,6,0,,2026-02-13,35,642,,,,,,,,Bizon,,306,3,396,7,343,0,0,,,,
2,425,,,,7,0,,2026-02-13,90,0,,,,,,,,Bizon,,811,2,443,7,425,8,0,,,,
74,332,,,,12,9,,2026-02-13,75,1173,,,,,,,,Bizon,,85,0,29,12,323,34,0,,,,
79,294,,,,14,2,,2026-02-13,40,1982,,,,,,,,Bizon,,112,5,47,9,292,0,0,,,,
77,0,,,,0,0,,2026-02-13,50,0,,,,,,,,Bizon,,0,0,0,0,0,0,0,,,,
11,0,,,,0,0,,2026-02-14,100,128,,,,,,,,Bizon,,1429,0,1095,0,0,0,0,,,,
5,0,,,,0,0,,2026-02-14,70,0,,,,,,,,Bizon,,761,0,474,0,0,0,16,,,,
36,0,,,,1,0,,2026-02-14,107,4939,,,,,,,,Bizon,,1615,1,1070,0,0,0,750,,,,
54,0,,,,1,0,,2026-02-14,45,1080,,,,,,,,Bizon,,396,1,292,0,0,0,334,,,,
55,0,,,,0,1,,2026-02-14,85,565,,,,,,,,Bizon,,861,0,511,0,0,0,783,,,,
25,0,,,,0,0,,2026-02-14,93,0,,,,,,,,Bizon,,0,0,0,0,0,0,0,,,,
41,0,,,,0,0,,2026-02-14,15,0,,,,,,,,Bizon,,0,0,0,0,0,0,0,,,,
63,0,,,,0,0,,2026-02-14,40,4398,,,,,,,,Bizon,,488,0,266,0,0,0,400,,,,
65,0,,,,1,0,,2026-02-14,40,520,,,,,,,,Bizon,,371,2,272,0,0,0,400,,,,
73,0,,,,0,0,,2026-02-14,40,994,,,,,,,,Bizon,,117,0,131,0,0,0,222,,,,
67,0,,,,0,0,,2026-02-14,70,0,,,,,,,,Bizon,,50,0,197,0,0,0,700,,,,
28,0,,,,0,0,,2026-02-14,45,0,,,,,,,,Bizon,,180,0,519,0,0,0,0,,,,
12,0,,,,0,0,,2026-02-14,35,642,,,,,,,,Bizon,,306,0,396,0,0,0,314,,,,
2,0,,,,0,0,,2026-02-14,90,0,,,,,,,,Bizon,,811,1,444,0,0,0,438,,,,
74,0,,,,0,0,,2026-02-14,75,1173,,,,,,,,Bizon,,85,0,29,0,0,0,350,,,,
79,0,,,,1,0,,2026-02-14,40,1982,,,,,,,,Bizon,,112,1,48,0,0,0,400,,,,
77,0,,,,0,0,,2026-02-14,50,0,,,,,,,,Bizon,,0,0,0,0,0,0,0,,,,
11,0,,,,0,0,,2026-02-15,100,128,,,,,,,,Bizon,,1429,0,1095,0,0,0,0,,,,
5,0,,,,0,0,,2026-02-15,70,0,,,,,,,,Bizon,,761,0,474,0,0,16,28,,,,
36,0,,,,0,0,,2026-02-15,107,4939,,,,,,,,Bizon,,1615,0,1070,0,0,750,388,,,,
54,0,,,,1,0,,2026-02-15,45,1080,,,,,,,,Bizon,,396,1,293,0,0,334,342,,,,
55,0,,,,0,0,,2026-02-15,85,565,,,,,,,,Bizon,,861,0,511,0,0,783,300,,,,
25,0,,,,0,0,,2026-02-15,93,0,,,,,,,,Bizon,,0,0,0,0,0,0,0,,,,
41,0,,,,0,0,,2026-02-15,15,0,,,,,,,,Bizon,,0,0,0,0,0,0,0,,,,
63,0,,,,1,0,,2026-02-15,40,4398,,,,,,,,Bizon,,488,1,267,0,0,400,399,,,,
65,0,,,,0,0,,2026-02-15,40,520,,,,,,,,Bizon,,371,0,272,0,0,400,400,,,,
73,0,,,,0,0,,2026-02-15,40,994,,,,,,,,Bizon,,117,0,131,0,0,222,30,,,,
67,0,,,,2,0,,2026-02-15,70,0,,,,,,,,Bizon,,50,2,199,0,0,700,700,,,,
28,0,,,,0,0,,2026-02-15,45,0,,,,,,,,Bizon,,180,0,519,0,0,0,0,,,,
12,0,,,,0,0,,2026-02-15,35,642,,,,,,,,Bizon,,306,0,396,0,0,314,297,,,,
2,0,,,,1,0,,2026-02-15,90,0,,,,,,,,Bizon,,811,1,445,0,0,438,326,,,,
74,0,,,,0,0,,2026-02-15,75,1173,,,,,,,,Bizon,,85,0,29,0,0,350,350,,,,
79,0,,,,1,0,,2026-02-15,40,1982,,,,,,,,Bizon,,113,0,48,1,0,400,400,,,,
77,0,,,,0,0,,2026-02-15,50,0,,,,,,,,Bizon,,0,0,0,0,0,0,0,,,,
11,0,,,,2,0,,2026-02-16,100,128,,,,,,,,Bizon,,1429,2,1097,0,0,0,0,,,,
5,689,,,,12,10,,2026-02-16,70,972,,,,,,,,Bizon,,776,1,475,15,679,417,104,,,,
36,695,,,,22,6,,2026-02-16,107,4939,,,,,,,,Bizon,,1634,17,1087,19,689,437,665,,,,
54,333,,,,2,2,,2026-02-16,45,1080,,,,,,,,Bizon,,398,0,293,2,331,344,439,,,,
55,764,,,,12,0,,2026-02-16,85,565,,,,,,,,Bizon,,881,2,513,20,764,300,173,,,,
25,0,,,,0,0,,2026-02-16,93,0,,,,,,,,Bizon,,0,0,0,0,0,0,0,,,,
41,0,,,,0,0,,2026-02-16,15,0,,,,,,,,Bizon,,0,0,0,0,0,0,0,,,,
63,400,,,,1,0,,2026-02-16,40,4398,,,,,,,,Bizon,,488,1,268,0,400,400,400,,,,
65,397,,,,10,0,,2026-02-16,40,520,,,,,,,,Bizon,,375,8,280,4,397,400,400,,,,
73,377,,,,10,5,,2026-02-16,40,1888,,,,,,,,Bizon,,122,5,136,5,372,400,102,,,,
67,695,,,,15,0,,2026-02-16,70,0,,,,,,,,Bizon,,52,13,212,2,695,700,700,,,,
28,0,,,,0,0,,2026-02-16,45,0,,,,,,,,Bizon,,180,0,519,0,0,0,0,,,,
12,314,,,,3,0,,2026-02-16,35,642,,,,,,,,Bizon,,311,1,397,5,314,297,145,,,,
2,427,,,,15,1,,2026-02-16,90,0,,,,,,,,Bizon,,823,8,453,12,426,332,163,,,,
74,200,,,,6,3,,2026-02-16,75,1173,,,,,,,,Bizon,,90,1,30,5,197,421,350,,,,
79,397,,,,11,0,,2026-02-16,40,1982,,,,,,,,Bizon,,118,7,55,5,397,400,400,,,,
77,0,,,,0,0,,2026-02-16,50,0,,,,,,,,Bizon,,0,0,0,0,0,0,0,,,,
76,305,,,,33,3,,2026-02-16,40,1633,,,,,,,,Bizon,,32,5,5,32,397,400,400,,,,
11,0,,,,1,0,,2026-02-17,100,128,,,,,,,,Bizon,,1429,1,1098,0,0,0,0,,,,
5,415,,,,11,9,,2026-02-17,70,972,,,,,,,,Bizon,,785,4,479,9,406,105,105,,,,
36,377,,,,13,0,,2026-02-17,107,4939,,,,,,,,Bizon,,1650,4,1091,16,377,722,675,,,,
54,344,,,,1,1,,2026-02-17,45,1080,,,,,,,,Bizon,,398,1,294,0,343,439,13,,,,
55,292,,,,6,0,,2026-02-17,85,1062,,,,,,,,Bizon,,886,5,518,5,292,300,258,,,,
25,0,,,,0,0,,2026-02-17,93,0,,,,,,,,Bizon,,0,0,0,0,0,0,0,,,,
41,0,,,,0,0,,2026-02-17,15,0,,,,,,,,Bizon,,0,0,0,0,0,0,0,,,,
63,400,,,,1,0,,2026-02-17,40,4724,,,,,,,,Bizon,,490,0,268,2,400,0,0,,,,
65,382,,,,13,2,,2026-02-17,40,520,,,,,,,,Bizon,,378,11,291,3,380,400,400,,,,
73,367,,,,13,6,,2026-02-17,40,1888,,,,,,,,Bizon,,134,1,137,12,361,102,0,,,,
67,681,,,,12,0,,2026-02-17,70,0,,,,,,,,Bizon,,56,9,221,4,681,695,700,,,,
12,297,,,,7,1,,2026-02-17,35,642,,,,,,,,Bizon,,317,4,401,6,296,144,36,,,,
2,322,,,,4,0,,2026-02-17,90,0,,,,,,,,Bizon,,824,4,457,1,322,170,443,,,,
74,200,,,,6,1,,2026-02-17,75,1173,,,,,,,,Bizon,,95,1,31,5,200,498,350,,,,
79,390,,,,24,0,,2026-02-17,40,1982,,,,,,,,Bizon,,133,14,69,15,390,400,398,,,,
76,332,,,,36,3,,2026-02-17,40,1633,,,,,,,,Bizon,,74,6,11,42,397,400,400,,,,
28,0,,,,0,0,,2026-02-17,45,0,,,,,,,,Bizon,,180,0,519,0,0,0,0,,,,
77,0,,,,0,0,,2026-02-17,50,0,,,,,,,,Bizon,,0,0,0,0,0,0,0,,,,
11,0,,,,2,0,,2026-02-18,100,128,,,,,,,,Bizon,,1429,5,1103,0,0,0,0,,,,
5,103,,,,3,0,,2026-02-18,70,972,,,,,,,,Bizon,,788,2,481,3,103,106,698,,,,
36,628,,,,26,2,,2026-02-18,107,4939,,,,,,,,Bizon,,1669,21,1112,19,626,765,679,,,,
54,437,,,,2,0,,2026-02-18,45,1080,,,,,,,,Bizon,,402,2,296,4,437,13,0,,,,
55,296,,,,3,2,,2026-02-18,85,1062,,,,,,,,Bizon,,890,2,520,4,294,277,0,,,,
25,0,,,,0,0,,2026-02-18,93,0,,,,,,,,Bizon,,0,0,0,0,0,0,0,,,,
41,0,,,,0,0,,2026-02-18,15,0,,,,,,,,Bizon,,0,0,0,0,0,0,0,,,,
63,373,,,,14,5,,2026-02-18,40,5414,,,,,,,,Bizon,,502,4,272,12,368,400,400,,,,
65,391,,,,8,2,,2026-02-18,40,520,,,,,,,,Bizon,,384,2,293,6,389,400,400,,,,
73,92,,,,4,2,,2026-02-18,40,1888,,,,,,,,Bizon,,136,2,139,2,90,0,0,,,,
67,692,,,,18,0,,2026-02-18,70,0,,,,,,,,Bizon,,58,16,237,2,692,700,700,,,,
12,144,,,,5,0,,2026-02-18,35,642,,,,,,,,Bizon,,321,3,404,4,144,36,11,,,,
2,165,,,,2,0,,2026-02-18,90,0,,,,,,,,Bizon,,826,2,459,2,165,446,444,,,,
74,200,,,,5,4,,2026-02-18,75,1173,,,,,,,,Bizon,,96,4,35,1,196,500,517,,,,
79,394,,,,12,0,,2026-02-18,40,1982,,,,,,,,Bizon,,139,6,75,6,394,398,262,,,,
76,321,,,,50,2,,2026-02-18,40,1633,,,,,,,,Bizon,,118,12,23,44,398,400,32,,,,
28,0,,,,0,0,,2026-02-18,45,0,,,,,,,,Bizon,,180,1,520,0,0,0,0,,,,
77,0,,,,0,0,,2026-02-18,50,0,,,,,,,,Bizon,,0,0,0,0,0,0,0,,,,
11,0,,,,1,0,,2026-02-19,100,128,,,,,,,,Bizon,,1429,1,1104,0,0,0,0,,,,
5,622,,,,11,0,,2026-02-19,70,972,,,,,,,,Bizon,,798,7,488,10,622,686,0,,,,
36,669,,,,21,0,,2026-02-19,107,4939,,,,,,,,Bizon,,1683,16,1128,14,669,768,0,,,,
54,449,,,,4,0,,2026-02-19,45,1787,,,,,,,,Bizon,,404,3,299,2,449,274,0,,,,
55,267,,,,5,0,,2026-02-19,85,1062,,,,,,,,Bizon,,893,4,524,3,267,0,0,,,,
25,0,,,,0,0,,2026-02-19,93,0,,,,,,,,Bizon,,0,0,0,0,0,0,0,,,,
41,0,,,,0,0,,2026-02-19,15,0,,,,,,,,Bizon,,0,0,0,0,0,0,0,,,,
63,387,,,,10,4,,2026-02-19,40,5414,,,,,,,,Bizon,,512,1,273,10,383,394,0,,,,
65,383,,,,7,3,,2026-02-19,40,520,,,,,,,,Bizon,,388,3,296,4,380,400,0,,,,
73,393,,,,3,0,,2026-02-19,40,1888,,,,,,,,Bizon,,146,287,426,10,393,400,0,,,,
67,692,,,,5,2,,2026-02-19,70,0,,,,,,,,Bizon,,60,3,240,2,690,681,0,,,,
12,36,,,,1,0,,2026-02-19,35,642,,,,,,,,Bizon,,322,0,404,1,36,11,0,,,,
2,428,,,,5,0,,2026-02-19,90,0,,,,,,,,Bizon,,830,3,462,4,428,456,0,,,,
74,200,,,,2,2,,2026-02-19,75,1173,,,,,,,,Bizon,,98,0,35,2,198,667,0,,,,
79,393,,,,22,0,,2026-02-19,40,1982,,,,,,,,Bizon,,155,6,81,16,393,262,0,,,,
76,325,,,,29,2,,2026-02-19,40,1633,,,,,,,,Bizon,,147,10,33,29,398,32,0,,,,
28,0,,,,0,0,,2026-02-19,45,0,,,,,,,,Bizon,,180,0,520,0,0,0,0,,,,
77,0,,,,0,0,,2026-02-19,50,5,,,,,,,,Bizon,,0,0,0,0,0,0,0,,,,
11,0,,,,0,0,,2026-02-20,100,128,,,,,,,,Bizon,,1429,0,1104,0,0,0,0,,,,
5,676,,,,11,0,,2026-02-20,70,972,,,,,,,,Bizon,,808,8,496,10,676,0,0,,,,
36,677,,,,25,2,,2026-02-20,107,4939,,,,,,,,Bizon,,1713,12,1140,30,675,50,0,,,,
54,449,,,,3,1,,2026-02-20,45,1787,,,,,,,,Bizon,,407,1,300,3,448,0,0,,,,
55,261,,,,2,4,,2026-02-20,85,1271,,,,,,,,Bizon,,896,2,526,3,257,0,0,,,,
25,0,,,,0,0,,2026-02-20,93,0,,,,,,,,Bizon,,0,0,0,0,0,0,0,,,,
41,0,,,,0,0,,2026-02-20,15,0,,,,,,,,Bizon,,0,0,0,0,0,0,0,,,,
63,324,,,,15,4,,2026-02-20,40,5419,,,,,,,,Bizon,,526,2,275,14,320,0,0,,,,
65,387,,,,14,2,,2026-02-20,40,520,,,,,,,,Bizon,,400,4,300,12,386,0,0,,,,
73,381,,,,1,0,,2026-02-20,39,1888,,,,,,,,Bizon,,146,40,466,0,381,0,0,,,,
67,643,,,,2,1,,2026-02-20,70,0,,,,,,,,Bizon,,61,1,241,1,642,0,0,,,,
12,11,,,,1,0,,2026-02-20,35,642,,,,,,,,Bizon,,323,0,404,1,11,0,0,,,,
2,435,,,,5,0,,2026-02-20,90,0,,,,,,,,Bizon,,838,0,462,8,435,6,0,,,,
74,363,,,,15,0,,2026-02-20,75,1173,,,,,,,,Bizon,,109,5,40,11,363,150,0,,,,
79,256,,,,8,0,,2026-02-20,40,1982,,,,,,,,Bizon,,159,5,86,4,256,0,0,,,,
76,302,,,,32,2,,2026-02-20,40,2305,,,,,,,,Bizon,,182,6,39,35,373,0,0,,,,
28,0,,,,0,0,,2026-02-20,45,0,,,,,,,,Bizon,,180,0,520,0,0,0,0,,,,
77,0,,,,0,0,,2026-02-20,50,5,,,,,,,,Bizon,,0,0,0,0,0,0,0,,,,
11,0,,,,0,0,,2026-02-21,100,128,,,,,,,,Bizon,,1429,0,1104,0,0,0,0,,,,
5,0,,,,0,0,,2026-02-21,70,972,,,,,,,,Bizon,,808,1,497,0,0,0,120,,,,
36,0,,,,0,0,,2026-02-21,107,4939,,,,,,,,Bizon,,1713,0,1140,0,0,0,750,,,,
54,0,,,,0,0,,2026-02-21,45,1787,,,,,,,,Bizon,,407,0,300,0,0,0,450,,,,
55,0,,,,0,0,,2026-02-21,85,1271,,,,,,,,Bizon,,896,0,526,0,0,0,850,,,,
25,0,,,,0,0,,2026-02-21,93,0,,,,,,,,Bizon,,0,0,0,0,0,0,0,,,,
41,0,,,,0,0,,2026-02-21,15,0,,,,,,,,Bizon,,0,0,0,0,0,0,0,,,,
63,0,,,,0,0,,2026-02-21,40,5419,,,,,,,,Bizon,,526,0,275,0,0,0,400,,,,
65,0,,,,0,0,,2026-02-21,40,520,,,,,,,,Bizon,,400,0,300,0,0,0,359,,,,
73,0,,,,0,0,,2026-02-21,39,1888,,,,,,,,Bizon,,146,1,467,0,0,0,390,,,,
67,0,,,,0,0,,2026-02-21,70,0,,,,,,,,Bizon,,61,0,241,0,0,0,700,,,,
12,0,,,,0,0,,2026-02-21,35,642,,,,,,,,Bizon,,323,0,404,0,0,0,142,,,,
2,6,,,,1,0,,2026-02-21,90,0,,,,,,,,Bizon,,838,1,463,0,6,0,360,,,,
74,0,,,,0,0,,2026-02-21,75,1173,,,,,,,,Bizon,,109,0,40,0,0,0,601,,,,
79,0,,,,0,0,,2026-02-21,40,1982,,,,,,,,Bizon,,159,0,86,0,0,0,399,,,,
76,0,,,,1,0,,2026-02-21,40,2305,,,,,,,,Bizon,,187,1,40,5,0,0,400,,,,
28,0,,,,0,0,,2026-02-21,45,0,,,,,,,,Bizon,,180,0,520,0,0,0,0,,,,
77,0,,,,0,0,,2026-02-21,50,5,,,,,,,,Bizon,,0,0,0,0,0,0,0,,,,
11,0,,,,0,0,,2026-02-22,100,128,,,,,,,,Bizon,,1429,0,1104,0,0,0,0,,,,
5,0,,,,0,0,,2026-02-22,70,972,,,,,,,,Bizon,,808,0,497,0,0,120,3,,,,
36,0,,,,1,0,,2026-02-22,107,4939,,,,,,,,Bizon,,1713,1,1141,0,0,750,739,,,,
54,0,,,,0,0,,2026-02-22,45,1787,,,,,,,,Bizon,,407,0,300,0,0,450,450,,,,
55,0,,,,0,0,,2026-02-22,85,1271,,,,,,,,Bizon,,896,0,526,0,0,850,834,,,,
25,0,,,,0,0,,2026-02-22,93,0,,,,,,,,Bizon,,0,0,0,0,0,0,0,,,,
41,0,,,,0,0,,2026-02-22,15,0,,,,,,,,Bizon,,0,0,0,0,0,0,0,,,,
63,0,,,,0,0,,2026-02-22,40,5419,,,,,,,,Bizon,,526,0,275,0,0,400,400,,,,
65,0,,,,0,0,,2026-02-22,40,520,,,,,,,,Bizon,,400,0,300,0,0,359,387,,,,
73,0,,,,0,0,,2026-02-22,39,1888,,,,,,,,Bizon,,146,1,468,0,0,390,390,,,,
67,0,,,,0,0,,2026-02-22,70,0,,,,,,,,Bizon,,61,0,241,0,0,700,700,,,,
12,0,,,,0,0,,2026-02-22,35,642,,,,,,,,Bizon,,323,0,404,0,0,142,1,,,,
2,0,,,,1,0,,2026-02-22,90,0,,,,,,,,Bizon,,838,1,464,0,0,360,231,,,,
74,0,,,,0,0,,2026-02-22,75,1173,,,,,,,,Bizon,,109,0,40,0,0,601,378,,,,
79,0,,,,0,0,,2026-02-22,40,1982,,,,,,,,Bizon,,159,0,86,0,0,399,373,,,,
76,0,,,,0,0,,2026-02-22,40,2305,,,,,,,,Bizon,,187,0,40,0,0,400,400,,,,
28,0,,,,0,0,,2026-02-22,45,0,,,,,,,,Bizon,,180,0,520,0,0,0,0,,,,
77,0,,,,0,0,,2026-02-22,50,5,,,,,,,,Bizon,,0,0,0,0,0,0,0,,,,
11,0,,,,0,0,,2026-02-23,100,128,,,,,,,,Bizon,,1429,0,1104,0,0,0,0,,,,
5,120,,,,5,0,,2026-02-23,70,972,,,,,,,,Bizon,,809,4,501,1,120,3,0,,,,
36,697,,,,15,1,,2026-02-23,107,4939,,,,,,,,Bizon,,1735,6,1147,22,696,789,638,,,,
54,449,,,,2,2,,2026-02-23,45,1787,,,,,,,,Bizon,,407,2,302,0,447,450,450,,,,
55,832,,,,12,0,,2026-02-23,85,1271,,,,,,,,Bizon,,911,8,534,15,832,834,354,,,,
25,0,,,,0,0,,2026-02-23,93,0,,,,,,,,Bizon,,0,0,0,0,0,0,0,,,,
41,0,,,,0,0,,2026-02-23,15,0,,,,,,,,Bizon,,0,0,0,0,0,0,0,,,,
63,387,,,,11,1,,2026-02-23,75,5419,,,,,,,,Bizon,,534,39,314,8,386,400,384,,,,
65,352,,,,13,2,,2026-02-23,40,520,,,,,,,,Bizon,,406,8,308,6,350,387,383,,,,
73,381,,,,5,1,,2026-02-23,39,1888,,,,,,,,Bizon,,149,3,471,3,380,390,372,,,,
67,687,,,,13,0,,2026-02-23,70,0,,,,,,,,Bizon,,62,14,255,1,687,700,700,,,,
12,141,,,,3,0,,2026-02-23,35,642,,,,,,,,Bizon,,324,2,406,1,141,1,0,,,,
2,349,,,,4,0,,2026-02-23,90,0,,,,,,,,Bizon,,841,1,465,3,349,232,23,,,,
74,445,,,,19,3,,2026-02-23,75,1173,,,,,,,,Bizon,,119,10,50,10,442,378,288,,,,
79,392,,,,8,0,,2026-02-23,40,1982,,,,,,,,Bizon,,162,5,91,3,392,373,206,,,,
76,319,,,,18,0,,2026-02-23,40,2305,,,,,,,,Bizon,,204,3,43,17,393,400,400,,,,
28,0,,,,0,0,,2026-02-23,45,0,,,,,,,,Bizon,,180,0,520,0,0,0,0,,,,
77,0,,,,0,0,,2026-02-23,50,5,,,,,,,,Bizon,,0,0,0,0,0,0,0,,,,
11,0,,,,0,0,,2026-02-24,100,128,,,,,,,,Bizon,,1429,0,1104,0,0,0,0,,,,
5,3,,,,1,0,,2026-02-24,70,972,,,,,,,,Bizon,,809,1,502,0,3,0,508,,,,
36,697,,,,19,0,,2026-02-24,107,4939,,,,,,,,Bizon,,1748,11,1158,13,697,727,65,,,,
54,450,,,,1,0,,2026-02-24,45,1787,,,,,,,,Bizon,,408,1,303,1,450,450,450,,,,
55,807,,,,5,1,,2026-02-24,85,1271,,,,,,,,Bizon,,923,1,535,12,806,354,300,,,,
25,0,,,,0,0,,2026-02-24,93,0,,,,,,,,Bizon,,0,0,0,0,0,0,0,,,,
41,0,,,,0,0,,2026-02-24,15,0,,,,,,,,Bizon,,0,0,0,0,0,0,0,,,,
63,374,,,,15,0,,2026-02-24,75,5526,,,,,,,,Bizon,,545,6,320,11,374,221,0,,,,
65,385,,,,6,1,,2026-02-24,40,520,,,,,,,,Bizon,,409,3,311,3,384,381,200,,,,
73,383,,,,4,2,,2026-02-24,39,1888,,,,,,,,Bizon,,151,3,474,2,381,372,105,,,,
67,691,,,,14,0,,2026-02-24,70,0,,,,,,,,Bizon,,63,13,268,1,691,700,692,,,,
12,1,,,,2,0,,2026-02-24,35,642,,,,,,,,Bizon,,325,1,407,1,1,0,176,,,,
2,228,,,,4,1,,2026-02-24,90,0,,,,,,,,Bizon,,844,2,467,3,227,27,0,,,,
74,223,,,,7,0,,2026-02-24,75,1173,,,,,,,,Bizon,,124,2,52,5,223,288,210,,,,
79,370,,,,15,0,,2026-02-24,40,1982,,,,,,,,Bizon,,170,8,99,8,370,206,0,,,,
76,277,,,,20,0,,2026-02-24,40,2305,,,,,,,,Bizon,,223,5,48,19,353,400,400,,,,
28,0,,,,0,0,,2026-02-24,45,0,,,,,,,,Bizon,,180,0,520,0,0,0,0,,,,
77,0,,,,0,0,,2026-02-24,50,5,,,,,,,,Bizon,,0,0,0,0,0,0,0,,,,
11,0,,,,0,0,,2026-02-25,100,128,,,,,,,,Bizon,,1429,0,1104,0,0,0,0,,,,
5,688,,,,24,13,,2026-02-25,70,3025,,,,,,,,Bizon,,832,6,508,23,675,700,700,,,,
36,635,,,,13,0,,2026-02-25,107,4939,,,,,,,,Bizon,,1759,11,1169,11,635,115,360,,,,
54,449,,,,4,0,,2026-02-25,45,1787,,,,,,,,Bizon,,412,2,305,4,449,450,443,,,,
55,345,,,,5,0,,2026-02-25,85,1271,,,,,,,,Bizon,,925,5,540,2,345,300,300,,,,
25,0,,,,0,0,,2026-02-25,93,0,,,,,,,,Bizon,,0,0,0,0,0,0,0,,,,
41,0,,,,0,0,,2026-02-25,15,0,,,,,,,,Bizon,,0,0,0,0,0,0,0,,,,
63,383,,,,11,5,,2026-02-25,75,5526,,,,,,,,Bizon,,557,0,320,12,378,379,72,,,,
65,374,,,,8,0,,2026-02-25,40,520,,,,,,,,Bizon,,410,8,319,1,374,200,200,,,,
73,371,,,,3,1,,2026-02-25,39,1888,,,,,,,,Bizon,,152,4,478,1,370,105,0,,,,
67,696,,,,15,0,,2026-02-25,70,0,,,,,,,,Bizon,,67,13,281,4,696,687,578,,,,
12,0,,,,0,0,,2026-02-25,35,642,,,,,,,,Bizon,,325,0,407,0,0,176,283,,,,
2,26,,,,1,0,,2026-02-25,90,0,,,,,,,,Bizon,,844,1,468,0,26,1,0,,,,
74,138,,,,2,0,,2026-02-25,75,1173,,,,,,,,Bizon,,125,1,53,1,138,210,194,,,,
79,393,,,,13,0,,2026-02-25,40,2839,,,,,,,,Bizon,,184,0,99,14,393,457,298,,,,
76,334,,,,19,0,,2026-02-25,40,2305,,,,,,,,Bizon,,241,5,53,18,388,400,375,,,,
28,0,,,,0,0,,2026-02-25,45,0,,,,,,,,Bizon,,180,0,520,0,0,0,0,,,,
77,0,,,,0,0,,2026-02-25,50,5,,,,,,,,Bizon,,0,0,0,0,0,0,0,,,,
82,300,,,,18,0,,2026-02-25,30,1024,,,,,,,,Bizon,,11,8,8,11,300,300,300,,,,
11,0,,,,0,0,,2026-02-26,100,128,,,,,,,,Bizon,,1429,0,1104,0,0,0,0,,,,
5,692,,,,8,3,,2026-02-26,70,3025,,,,,,,,Bizon,,838,4,512,6,689,677,0,,,,
36,65,,,,6,0,,2026-02-26,107,4939,,,,,,,,Bizon,,1762,6,1175,3,65,372,0,,,,
54,449,,,,3,1,,2026-02-26,45,1787,,,,,,,,Bizon,,413,3,308,1,448,443,0,,,,
55,299,,,,2,0,,2026-02-26,85,1271,,,,,,,,Bizon,,928,2,542,3,299,300,0,,,,
25,0,,,,0,0,,2026-02-26,93,0,,,,,,,,Bizon,,0,0,0,0,0,0,0,,,,
41,0,,,,0,0,,2026-02-26,15,0,,,,,,,,Bizon,,0,0,0,0,0,0,0,,,,
63,376,,,,13,2,,2026-02-26,75,5526,,,,,,,,Bizon,,564,6,326,7,374,72,0,,,,
65,181,,,,5,1,,2026-02-26,40,520,,,,,,,,Bizon,,411,4,323,1,180,200,0,,,,
73,390,,,,8,3,,2026-02-26,39,3163,,,,,,,,Bizon,,155,6,484,3,387,390,0,,,,
67,691,,,,11,1,,2026-02-26,70,0,,,,,,,,Bizon,,69,8,289,2,690,585,0,,,,
12,175,,,,3,0,,2026-02-26,35,642,,,,,,,,Bizon,,329,0,407,4,175,283,0,,,,
2,1,,,,0,0,,2026-02-26,90,0,,,,,,,,Bizon,,844,0,468,0,1,0,0,,,,
74,60,,,,5,0,,2026-02-26,75,1173,,,,,,,,Bizon,,127,4,57,2,60,194,0,,,,
79,427,,,,14,1,,2026-02-26,40,2839,,,,,,,,Bizon,,192,6,105,8,426,296,0,,,,
76,276,,,,15,2,,2026-02-26,40,2305,,,,,,,,Bizon,,258,3,56,17,349,377,0,,,,
28,0,,,,0,0,,2026-02-26,45,0,,,,,,,,Bizon,,180,0,520,0,0,0,0,,,,
77,0,,,,0,0,,2026-02-26,50,2542,,,,,,,,Bizon,,0,0,0,0,0,0,0,,,,
82,298,,,,17,6,,2026-02-26,30,1024,,,,,,,,Bizon,,20,8,16,9,293,300,0,,,,
11,0,,,,0,0,,2026-02-27,100,128,,,,,,,,Bizon,,1429,0,1104,0,0,0,0,,,,
5,661,,,,8,3,,2026-02-27,70,3025,,,,,,,,Bizon,,846,2,514,8,658,3,0,,,,
36,320,,,,9,0,,2026-02-27,107,4939,,,,,,,,Bizon,,1777,7,1182,15,320,0,0,,,,
54,443,,,,3,0,,2026-02-27,45,1787,,,,,,,,Bizon,,415,3,311,2,443,0,0,,,,
55,296,,,,3,0,,2026-02-27,85,1271,,,,,,,,Bizon,,930,3,545,2,296,0,0,,,,
25,0,,,,0,0,,2026-02-27,93,0,,,,,,,,Bizon,,0,0,0,0,0,0,0,,,,
41,0,,,,0,0,,2026-02-27,15,0,,,,,,,,Bizon,,0,0,0,0,0,0,0,,,,
63,71,,,,2,0,,2026-02-27,75,5526,,,,,,,,Bizon,,568,0,326,4,71,0,0,,,,
65,199,,,,3,1,,2026-02-27,40,520,,,,,,,,Bizon,,414,3,326,3,198,0,0,,,,
73,390,,,,6,0,,2026-02-27,39,4899,,,,,,,,Bizon,,161,7,491,6,390,0,0,,,,
67,581,,,,8,0,,2026-02-27,70,0,,,,,,,,Bizon,,73,5,294,4,581,0,0,,,,
12,281,,,,2,0,,2026-02-27,35,642,,,,,,,,Bizon,,331,1,408,2,281,0,0,,,,
74,44,,,,4,0,,2026-02-27,75,1173,,,,,,,,Bizon,,129,2,59,2,44,117,0,,,,
79,287,,,,7,1,,2026-02-27,40,2839,,,,,,,,Bizon,,198,2,107,6,286,0,0,,,,
76,307,,,,15,3,,2026-02-27,40,2305,,,,,,,,Bizon,,273,4,60,15,372,0,0,,,,
82,298,,,,15,2,,2026-02-27,30,1024,,,,,,,,Bizon,,31,3,19,11,296,0,0,,,,
2,0,,,,0,0,,2026-02-27,90,0,,,,,,,,Bizon,,844,0,468,0,0,0,0,,,,
77,0,,,,0,0,,2026-02-27,50,2542,,,,,,,,Bizon,,0,0,0,0,0,0,0,,,,
28,0,,,,0,0,,2026-02-27,45,0,,,,,,,,Bizon,,180,0,520,0,0,0,0,,,,
11,0,,,,0,0,,2026-02-28,100,128,,,,,,,,Bizon,,1429,0,1104,0,0,0,0,,,,
5,0,,,,0,0,,2026-02-28,70,3025,,,,,,,,Bizon,,846,0,514,0,0,0,700,,,,
36,0,,,,0,1,,2026-02-28,107,4939,,,,,,,,Bizon,,1777,0,1182,0,0,0,647,,,,
54,0,,,,0,0,,2026-02-28,45,1787,,,,,,,,Bizon,,415,0,311,0,0,0,450,,,,
55,0,,,,0,0,,2026-02-28,85,1271,,,,,,,,Bizon,,930,0,545,0,0,0,230,,,,
25,0,,,,0,0,,2026-02-28,93,0,,,,,,,,Bizon,,0,0,0,0,0,0,0,,,,
41,0,,,,0,0,,2026-02-28,15,0,,,,,,,,Bizon,,0,0,0,0,0,0,0,,,,
63,0,,,,0,0,,2026-02-28,75,5526,,,,,,,,Bizon,,568,0,326,0,0,0,399,,,,
65,0,,,,0,0,,2026-02-28,40,520,,,,,,,,Bizon,,414,0,326,0,0,0,274,,,,
73,0,,,,0,0,,2026-02-28,39,4899,,,,,,,,Bizon,,161,1,492,0,0,0,390,,,,
67,0,,,,0,0,,2026-02-28,70,0,,,,,,,,Bizon,,73,0,294,0,0,0,439,,,,
12,0,,,,0,0,,2026-02-28,35,642,,,,,,,,Bizon,,331,0,408,0,0,0,138,,,,
74,0,,,,0,0,,2026-02-28,75,1173,,,,,,,,Bizon,,129,0,59,0,0,0,365,,,,
79,0,,,,0,0,,2026-02-28,40,2839,,,,,,,,Bizon,,198,0,107,0,0,0,187,,,,
76,0,,,,0,0,,2026-02-28,40,2305,,,,,,,,Bizon,,274,0,60,1,0,0,44,,,,
82,0,,,,1,0,,2026-02-28,30,1024,,,,,,,,Bizon,,31,1,20,0,0,0,300,,,,
2,0,,,,0,0,,2026-02-28,90,0,,,,,,,,Bizon,,844,0,468,0,0,0,1,,,,
77,0,,,,0,0,,2026-02-28,50,2542,,,,,,,,Bizon,,0,0,0,0,0,0,0,,,,
28,0,,,,0,0,,2026-02-28,45,0,,,,,,,,Bizon,,180,0,520,0,0,0,0,,,,
11,0,,,,0,0,,2026-03-01,100,0,,,,,,,,Bizon,,1429,0,1104,0,0,0,0,,,,
5,0,,,,0,0,,2026-03-01,70,0,,,,,,,,Bizon,,846,0,514,0,0,700,700,,,,
36,0,,,,0,0,,2026-03-01,107,0,,,,,,,,Bizon,,1777,1,1183,0,0,647,38,,,,
54,0,,,,0,0,,2026-03-01,45,0,,,,,,,,Bizon,,415,0,311,0,0,450,240,,,,
55,0,,,,0,0,,2026-03-01,85,0,,,,,,,,Bizon,,930,0,545,0,0,230,6,,,,
25,0,,,,0,0,,2026-03-01,93,0,,,,,,,,Bizon,,0,0,0,0,0,0,0,,,,
41,0,,,,0,0,,2026-03-01,15,0,,,,,,,,Bizon,,0,0,0,0,0,0,0,,,,
63,0,,,,0,0,,2026-03-01,75,0,,,,,,,,Bizon,,568,0,326,0,0,399,148,,,,
65,0,,,,0,0,,2026-03-01,40,0,,,,,,,,Bizon,,414,0,326,0,0,274,200,,,,
73,0,,,,0,0,,2026-03-01,39,0,,,,,,,,Bizon,,161,1,493,0,0,390,390,,,,
67,0,,,,1,0,,2026-03-01,70,0,,,,,,,,Bizon,,73,1,295,0,0,439,59,,,,
12,0,,,,0,0,,2026-03-01,35,0,,,,,,,,Bizon,,331,0,408,0,0,138,31,,,,
74,0,,,,0,0,,2026-03-01,75,0,,,,,,,,Bizon,,129,0,59,0,0,365,281,,,,
79,0,,,,0,0,,2026-03-01,40,0,,,,,,,,Bizon,,198,0,107,0,0,187,415,,,,
76,0,,,,1,0,,2026-03-01,40,0,,,,,,,,Bizon,,274,1,61,0,0,44,150,,,,
82,0,,,,0,0,,2026-03-01,30,0,,,,,,,,Bizon,,31,0,20,0,0,300,299,,,,
2,0,,,,0,0,,2026-03-01,90,0,,,,,,,,Bizon,,844,0,468,0,0,1,0,,,,
77,0,,,,0,0,,2026-03-01,50,0,,,,,,,,Bizon,,0,0,0,0,0,0,0,,,,
28,0,,,,0,0,,2026-03-01,45,0,,,,,,,,Bizon,,180,0,520,0,0,0,0,,,,
92,0,,,,0,0,,2026-03-01,140,0,,,,,,,,Bizon,,0,80,80,0,0,0,0,,,,
11,0,,,,0,0,,2026-03-02,100,338,,,,,,,,Bizon,,1429,0,1104,0,0,0,0,,,,
5,691,,,,7,2,,2026-03-02,70,0,,,,,,,,Bizon,,853,2,516,7,689,700,624,,,,
36,593,,,,15,2,,2026-03-02,107,0,,,,,,,,Bizon,,1790,8,1191,13,591,50,38,,,,
54,450,,,,4,0,,2026-03-02,45,0,,,,,,,,Bizon,,422,1,312,7,450,240,8,,,,
55,229,,,,3,0,,2026-03-02,85,0,,,,,,,,Bizon,,931,4,549,1,229,6,11,,,,
25,0,,,,0,0,,2026-03-02,93,0,,,,,,,,Bizon,,0,0,0,0,0,0,0,,,,
41,0,,,,0,0,,2026-03-02,15,0,,,,,,,,Bizon,,0,0,0,0,0,0,0,,,,
63,392,,,,10,2,,2026-03-02,75,0,,,,,,,,Bizon,,577,3,329,9,390,148,1,,,,
65,270,,,,5,1,,2026-03-02,40,0,,,,,,,,Bizon,,418,2,328,4,269,200,200,,,,
73,390,,,,1,1,,2026-03-02,39,600,,,,,,,,Bizon,,164,1,494,3,389,390,390,,,,
67,439,,,,11,1,,2026-03-02,70,0,,,,,,,,Bizon,,80,8,303,7,438,59,97,,,,
12,138,,,,4,0,,2026-03-02,35,448,,,,,,,,Bizon,,332,3,411,1,138,350,350,,,,
74,210,,,,9,0,,2026-03-02,75,0,,,,,,,,Bizon,,133,5,64,4,210,431,305,,,,
79,471,,,,6,0,,2026-03-02,40,0,,,,,,,,Bizon,,200,4,111,2,471,393,18,,,,
76,39,,,,4,0,,2026-03-02,40,0,,,,,,,,Bizon,,274,4,65,0,44,150,88,,,,
82,157,,,,7,1,,2026-03-02,30,0,,,,,,,,Bizon,,33,5,25,2,156,0,242,,,,
92,1398,,,,30,5,,2026-03-02,140,0,,,,,,,,Bizon,,18,21,101,18,1393,1398,1235,,,,
2,1,,,,0,0,,2026-03-02,90,0,,,,,,,,Bizon,,844,0,468,0,1,0,0,,,,
77,500,,,,6,2,,2026-03-02,50,0,,,,,,,,Bizon,,3,6,6,3,498,500,500,,,,
28,0,,,,0,0,,2026-03-02,45,0,,,,,,,,Bizon,,180,0,520,0,0,0,0,,,,
11,336,,,,0,0,,2026-03-03,100,1426,,,,,,,,Bizon,,1429,0,1104,0,336,356,350,,,,
5,686,,,,8,2,,2026-03-03,70,0,,,,,,,,Bizon,,863,1,517,10,684,612,82,,,,
36,0,,,,3,0,,2026-03-03,107,0,,,,,,,,Bizon,,1790,7,1198,0,0,50,38,,,,
54,448,,,,8,0,,2026-03-03,45,1947,,,,,,,,Bizon,,427,5,317,5,448,450,450,,,,
55,6,,,,1,0,,2026-03-03,85,0,,,,,,,,Bizon,,931,1,550,0,6,11,4,,,,
25,0,,,,0,0,,2026-03-03,93,0,,,,,,,,Bizon,,0,0,0,0,0,0,0,,,,
41,0,,,,0,0,,2026-03-03,15,0,,,,,,,,Bizon,,0,0,0,0,0,0,0,,,,
63,147,,,,8,1,,2026-03-03,75,0,,,,,,,,Bizon,,583,4,333,6,146,1,0,,,,
65,192,,,,2,0,,2026-03-03,40,0,,,,,,,,Bizon,,418,4,332,0,192,200,186,,,,
73,391,,,,9,2,,2026-03-03,39,600,,,,,,,,Bizon,,171,4,498,7,389,380,0,,,,
67,471,,,,6,4,,2026-03-03,70,577,,,,,,,,Bizon,,85,3,306,5,467,272,1,,,,
12,329,,,,3,0,,2026-03-03,35,448,,,,,,,,Bizon,,336,0,411,4,329,350,350,,,,
74,130,,,,1,0,,2026-03-03,75,0,,,,,,,,Bizon,,133,1,65,0,130,456,479,,,,
79,393,,,,9,0,,2026-03-03,40,0,,,,,,,,Bizon,,203,7,118,3,393,18,0,,,,
76,314,,,,15,0,,2026-03-03,40,0,,,,,,,,Bizon,,286,7,72,12,390,400,378,,,,
82,293,,,,13,3,,2026-03-03,30,443,,,,,,,,Bizon,,43,5,30,10,290,143,0,,,,
92,1397,,,,35,6,,2026-03-03,140,2495,,,,,,,,Bizon,,34,23,124,16,1391,1400,1400,,,,
2,0,,,,0,0,,2026-03-03,90,0,,,,,,,,Bizon,,844,0,468,0,0,0,0,,,,
77,501,,,,16,2,,2026-03-03,50,2283,,,,,,,,Bizon,,13,7,13,10,499,500,500,,,,
28,0,,,,0,0,,2026-03-03,45,0,,,,,,,,Bizon,,180,0,520,0,0,0,0,,,,
86,398,,,,23,3,,2026-03-03,40,1018,,,,,,,,Bizon,,18,10,10,18,395,400,216,,,,
11,319,,,,7,2,,2026-03-04,100,1426,,,,,,,,Bizon,,1431,7,1111,2,317,337,350,,,,
5,607,,,,16,4,,2026-03-04,70,0,,,,,,,,Bizon,,877,8,525,14,603,84,0,,,,
36,0,,,,1,0,,2026-03-04,107,0,,,,,,,,Bizon,,1790,2,1200,0,0,50,68,,,,
54,450,,,,1,1,,2026-03-04,45,1947,,,,,,,,Bizon,,430,0,317,3,449,450,450,,,,
55,11,,,,1,0,,2026-03-04,85,0,,,,,,,,Bizon,,932,0,550,1,11,4,238,,,,
25,0,,,,0,0,,2026-03-04,93,0,,,,,,,,Bizon,,0,0,0,0,0,0,0,,,,
41,0,,,,0,0,,2026-03-04,15,0,,,,,,,,Bizon,,0,0,0,0,0,0,0,,,,
63,1,,,,0,0,,2026-03-04,75,0,,,,,,,,Bizon,,583,0,333,0,1,0,0,,,,
65,198,,,,2,0,,2026-03-04,40,0,,,,,,,,Bizon,,420,1,333,2,198,188,163,,,,
73,380,,,,7,0,,2026-03-04,39,600,,,,,,,,Bizon,,173,7,505,2,380,0,0,,,,
67,271,,,,5,3,,2026-03-04,70,577,,,,,,,,Bizon,,89,6,312,4,268,1,19,,,,
12,335,,,,2,0,,2026-03-04,35,448,,,,,,,,Bizon,,339,2,413,3,335,350,350,,,,
74,155,,,,2,0,,2026-03-04,75,0,,,,,,,,Bizon,,135,2,67,2,155,628,225,,,,
79,460,,,,11,1,,2026-03-04,40,0,,,,,,,,Bizon,,207,9,127,4,459,387,28,,,,
76,313,,,,9,0,,2026-03-04,40,0,,,,,,,,Bizon,,297,4,76,11,392,378,87,,,,
82,140,,,,6,0,,2026-03-04,30,443,,,,,,,,Bizon,,46,3,33,3,140,0,0,,,,
92,1379,,,,32,7,,2026-03-04,140,2495,,,,,,,,Bizon,,47,20,144,13,1372,1400,1400,,,,
86,400,,,,12,6,,2026-03-04,40,1018,,,,,,,,Bizon,,30,3,13,12,394,216,0,,,,
2,0,,,,0,0,,2026-03-04,90,2393,,,,,,,,Bizon,,844,1,469,0,0,0,0,,,,
77,500,,,,7,2,,2026-03-04,50,2283,,,,,,,,Bizon,,18,3,16,5,498,500,500,,,,
28,0,,,,0,0,,2026-03-04,45,0,,,,,,,,Bizon,,180,0,520,0,0,0,0,,,,
11,307,,,,7,4,,2026-03-05,100,1426,,,,,,,,Bizon,,1439,2,1113,8,303,349,0,,,,
5,81,,,,4,4,,2026-03-05,70,0,,,,,,,,Bizon,,879,2,527,2,77,0,0,,,,
36,639,,,,17,0,,2026-03-05,107,0,,,,,,,,Bizon,,1803,11,1211,13,639,64,0,,,,
54,450,,,,2,1,,2026-03-05,45,1947,,,,,,,,Bizon,,431,1,318,1,449,450,0,,,,
55,434,,,,13,8,,2026-03-05,85,2513,,,,,,,,Bizon,,945,2,552,13,426,441,0,,,,
25,0,,,,0,0,,2026-03-05,93,0,,,,,,,,Bizon,,0,0,0,0,0,0,0,,,,
41,0,,,,0,0,,2026-03-05,15,0,,,,,,,,Bizon,,0,0,0,0,0,0,0,,,,
63,0,,,,0,0,,2026-03-05,75,0,,,,,,,,Bizon,,583,0,333,0,0,0,0,,,,
65,197,,,,3,1,,2026-03-05,40,0,,,,,,,,Bizon,,421,3,336,1,196,200,0,,,,
73,388,,,,8,2,,2026-03-05,39,600,,,,,,,,Bizon,,179,3,508,6,386,390,0,,,,
67,698,,,,12,1,,2026-03-05,70,6373,,,,,,,,Bizon,,95,7,319,6,697,700,0,,,,
12,331,,,,2,0,,2026-03-05,35,448,,,,,,,,Bizon,,342,0,413,3,331,350,0,,,,
74,327,,,,8,0,,2026-03-05,75,0,,,,,,,,Bizon,,141,2,69,6,327,355,1,,,,
79,385,,,,7,2,,2026-03-05,40,0,,,,,,,,Bizon,,207,7,134,0,383,28,0,,,,
76,303,,,,18,1,,2026-03-05,40,0,,,,,,,,Bizon,,312,9,85,15,374,87,0,,,,
82,299,,,,9,0,,2026-03-05,30,2034,,,,,,,,Bizon,,49,6,39,3,299,300,0,,,,
92,1364,,,,32,7,,2026-03-05,140,2495,,,,,,,,Bizon,,54,26,170,7,1357,1400,0,,,,
86,215,,,,8,8,,2026-03-05,40,1018,,,,,,,,Bizon,,35,3,16,5,207,1,0,,,,
2,0,,,,0,0,,2026-03-05,90,2393,,,,,,,,Bizon,,844,0,469,0,0,0,0,,,,
77,499,,,,7,5,,2026-03-05,50,2283,,,,,,,,Bizon,,24,3,19,6,494,500,0,,,,
28,0,,,,0,0,,2026-03-05,45,0,,,,,,,,Bizon,,180,0,520,0,0,0,0,,,,
11,317,,,,8,3,,2026-03-06,100,1426,,,,,,,,Bizon,,1448,4,1117,9,314,0,0,,,,
5,682,,,,3,2,,2026-03-06,70,0,,,,,,,,Bizon,,887,2,529,8,680,5,0,,,,
36,961,,,,24,7,,2026-03-06,107,1335,,,,,,,,Bizon,,1820,18,1229,17,954,0,0,,,,
54,450,,,,5,0,,2026-03-06,45,1947,,,,,,,,Bizon,,432,5,323,1,450,0,0,,,,
55,430,,,,7,3,,2026-03-06,85,2513,,,,,,,,Bizon,,953,4,556,8,427,0,0,,,,
25,0,,,,0,0,,2026-03-06,93,0,,,,,,,,Bizon,,0,0,0,0,0,0,0,,,,
41,0,,,,0,0,,2026-03-06,15,0,,,,,,,,Bizon,,0,0,0,0,0,0,0,,,,
63,310,,,,10,0,,2026-03-06,75,0,,,,,,,,Bizon,,594,1,334,11,310,0,0,,,,
65,359,,,,10,2,,2026-03-06,40,441,,,,,,,,Bizon,,429,2,338,8,357,1,0,,,,
73,390,,,,9,1,,2026-03-06,39,600,,,,,,,,Bizon,,186,2,510,7,389,0,0,,,,
67,697,,,,9,2,,2026-03-06,70,6373,,,,,,,,Bizon,,101,4,323,6,695,0,0,,,,
12,337,,,,5,0,,2026-03-06,35,448,,,,,,,,Bizon,,345,3,416,3,337,1,0,,,,
74,73,,,,3,0,,2026-03-06,75,0,,,,,,,,Bizon,,143,1,70,2,73,148,0,,,,
79,387,,,,9,3,,2026-03-06,40,331,,,,,,,,Bizon,,213,3,137,6,384,0,0,,,,
76,270,,,,18,0,,2026-03-06,40,0,,,,,,,,Bizon,,329,5,90,17,315,0,0,,,,
82,294,,,,12,0,,2026-03-06,30,2034,,,,,,,,Bizon,,53,8,47,4,294,0,0,,,,
92,1307,,,,24,6,,2026-03-06,140,2495,,,,,,,,Bizon,,57,25,195,3,1301,0,0,,,,
86,383,,,,8,1,,2026-03-06,40,1040,,,,,,,,Bizon,,41,5,21,6,382,0,0,,,,
2,0,,,,0,0,,2026-03-06,90,2393,,,,,,,,Bizon,,844,0,469,0,0,0,0,,,,
77,499,,,,18,2,,2026-03-06,50,6387,,,,,,,,Bizon,,36,7,26,12,497,0,0,,,,
28,0,,,,0,0,,2026-03-06,45,0,,,,,,,,Bizon,,180,0,520,0,0,0,0,,,,
11,0,,,,0,0,,2026-03-07,100,1426,,,,,,,,Bizon,,1448,0,1117,0,0,0,350,,,,
5,0,,,,0,0,,2026-03-07,70,0,,,,,,,,Bizon,,887,0,529,0,0,0,700,,,,
36,0,,,,1,0,,2026-03-07,107,1335,,,,,,,,Bizon,,1820,1,1230,0,0,0,407,,,,
54,0,,,,0,0,,2026-03-07,45,1947,,,,,,,,Bizon,,432,1,324,0,0,0,450,,,,
55,0,,,,0,0,,2026-03-07,85,2513,,,,,,,,Bizon,,953,0,556,0,0,0,450,,,,
25,0,,,,0,0,,2026-03-07,93,0,,,,,,,,Bizon,,0,0,0,0,0,0,0,,,,
41,0,,,,0,0,,2026-03-07,15,0,,,,,,,,Bizon,,0,0,0,0,0,0,0,,,,
63,0,,,,0,0,,2026-03-07,75,0,,,,,,,,Bizon,,594,0,334,0,0,0,49,,,,
65,0,,,,1,0,,2026-03-07,40,441,,,,,,,,Bizon,,429,1,339,0,0,0,400,,,,
73,0,,,,0,0,,2026-03-07,39,600,,,,,,,,Bizon,,186,1,511,0,0,0,390,,,,
67,0,,,,0,0,,2026-03-07,70,6373,,,,,,,,Bizon,,101,0,323,0,0,0,700,,,,
12,0,,,,0,0,,2026-03-07,35,448,,,,,,,,Bizon,,345,0,416,0,0,0,350,,,,
74,0,,,,0,0,,2026-03-07,75,0,,,,,,,,Bizon,,143,0,70,0,0,0,350,,,,
79,0,,,,0,0,,2026-03-07,40,331,,,,,,,,Bizon,,213,0,137,0,0,0,10,,,,
76,0,,,,0,0,,2026-03-07,40,0,,,,,,,,Bizon,,329,1,91,0,0,0,273,,,,
82,0,,,,0,0,,2026-03-07,30,2034,,,,,,,,Bizon,,53,0,47,0,0,0,300,,,,
92,0,,,,3,0,,2026-03-07,140,2495,,,,,,,,Bizon,,57,4,199,0,0,0,1400,,,,
86,0,,,,0,0,,2026-03-07,40,1040,,,,,,,,Bizon,,41,0,21,0,0,0,400,,,,
2,0,,,,0,0,,2026-03-07,90,2393,,,,,,,,Bizon,,844,0,469,0,0,0,0,,,,
77,0,,,,1,0,,2026-03-07,50,6387,,,,,,,,Bizon,,37,0,26,1,0,0,500,,,,
28,0,,,,0,0,,2026-03-07,45,0,,,,,,,,Bizon,,180,0,520,0,0,0,0,,,,
11,0,,,,1,0,,2026-03-08,100,1426,,,,,,,,Bizon,,1448,1,1118,0,0,350,350,,,,
5,0,,,,0,0,,2026-03-08,70,0,,,,,,,,Bizon,,887,0,529,0,0,700,423,,,,
36,0,,,,0,0,,2026-03-08,107,1335,,,,,,,,Bizon,,1820,0,1230,0,0,407,50,,,,
54,0,,,,0,0,,2026-03-08,45,1947,,,,,,,,Bizon,,432,0,324,0,0,450,450,,,,
55,0,,,,0,0,,2026-03-08,85,2513,,,,,,,,Bizon,,953,0,556,0,0,450,450,,,,
25,0,,,,0,0,,2026-03-08,93,0,,,,,,,,Bizon,,0,0,0,0,0,0,0,,,,
41,0,,,,0,0,,2026-03-08,15,0,,,,,,,,Bizon,,0,0,0,0,0,0,0,,,,
63,0,,,,0,0,,2026-03-08,75,0,,,,,,,,Bizon,,594,0,334,0,0,49,0,,,,
65,0,,,,0,0,,2026-03-08,40,441,,,,,,,,Bizon,,429,0,339,0,0,400,386,,,,
73,0,,,,0,0,,2026-03-08,39,600,,,,,,,,Bizon,,186,1,512,0,0,390,390,,,,
67,0,,,,0,0,,2026-03-08,70,6373,,,,,,,,Bizon,,101,0,323,0,0,700,700,,,,
12,0,,,,0,0,,2026-03-08,35,448,,,,,,,,Bizon,,345,0,416,0,0,350,350,,,,
74,0,,,,0,0,,2026-03-08,75,0,,,,,,,,Bizon,,143,0,70,0,0,350,349,,,,
79,0,,,,0,0,,2026-03-08,40,331,,,,,,,,Bizon,,213,0,137,0,0,10,348,,,,
76,0,,,,0,0,,2026-03-08,40,0,,,,,,,,Bizon,,329,1,92,0,0,273,8,,,,
82,0,,,,0,0,,2026-03-08,30,2034,,,,,,,,Bizon,,53,0,47,0,0,300,300,,,,
92,0,,,,0,0,,2026-03-08,140,2495,,,,,,,,Bizon,,57,0,199,0,0,1400,1400,,,,
86,0,,,,0,0,,2026-03-08,40,1040,,,,,,,,Bizon,,41,0,21,0,0,400,400,,,,
2,0,,,,0,0,,2026-03-08,90,2393,,,,,,,,Bizon,,844,0,469,0,0,0,0,,,,
77,0,,,,0,0,,2026-03-08,50,6387,,,,,,,,Bizon,,37,0,26,0,0,500,500,,,,
28,0,,,,0,0,,2026-03-08,45,0,,,,,,,,Bizon,,180,0,520,0,0,0,0,,,,
11,272,,,,11,0,,2026-03-09,35,1426,,,,,,,,Bizon,,1459,6,1124,11,272,120,120,,,,
5,650,,,,12,2,,2026-03-09,35,0,,,,,,,,Bizon,,897,5,534,10,648,226,340,,,,
36,859,,,,19,5,,2026-03-09,75,3489,,,,,,,,Bizon,,1845,11,1241,25,854,750,750,,,,
54,450,,,,4,1,,2026-03-09,45,1947,,,,,,,,Bizon,,435,2,326,3,449,450,450,,,,
55,435,,,,9,2,,2026-03-09,85,2513,,,,,,,,Bizon,,961,5,561,8,433,450,450,,,,
25,0,,,,0,0,,2026-03-09,93,0,,,,,,,,Bizon,,0,0,0,0,0,0,0,,,,
41,0,,,,0,0,,2026-03-09,15,0,,,,,,,,Bizon,,0,0,0,0,0,0,0,,,,
63,40,,,,2,1,,2026-03-09,75,0,,,,,,,,Bizon,,595,1,335,1,39,0,300,,,,
65,360,,,,12,0,,2026-03-09,40,441,,,,,,,,Bizon,,433,8,347,4,360,382,270,,,,
73,383,,,,12,3,,2026-03-09,39,600,,,,,,,,Bizon,,193,7,519,7,380,390,390,,,,
67,698,,,,9,0,,2026-03-09,70,6373,,,,,,,,Bizon,,103,8,331,2,698,700,700,,,,
12,345,,,,4,0,,2026-03-09,35,448,,,,,,,,Bizon,,348,4,420,3,345,350,350,,,,
74,199,,,,4,0,,2026-03-09,75,0,,,,,,,,Bizon,,146,1,71,3,199,414,325,,,,
79,304,,,,9,3,,2026-03-09,40,609,,,,,,,,Bizon,,216,6,143,3,301,348,2,,,,
76,360,,,,16,0,,2026-03-09,40,2409,,,,,,,,Bizon,,337,8,100,8,396,400,400,,,,
82,298,,,,11,0,,2026-03-09,30,2034,,,,,,,,Bizon,,59,5,52,6,298,300,300,,,,
92,1381,,,,13,4,,2026-03-09,140,2495,,,,,,,,Bizon,,57,13,212,0,1377,1400,1400,,,,
86,392,,,,4,0,,2026-03-09,40,1040,,,,,,,,Bizon,,43,4,25,2,392,400,400,,,,
2,336,,,,11,3,,2026-03-09,70,2393,,,,,,,,Bizon,,854,1,470,10,333,700,700,,,,
77,500,,,,13,2,,2026-03-09,50,6387,,,,,,,,Bizon,,38,15,41,1,498,500,500,,,,
28,0,,,,0,0,,2026-03-09,45,0,,,,,,,,Bizon,,180,0,520,0,0,0,0,,,,
11,284,,,,7,6,,2026-03-10,35,1426,,,,,,,,Bizon,,1468,3,1127,9,278,166,120,,,,
5,219,,,,3,0,,2026-03-10,35,0,,,,,,,,Bizon,,898,2,536,1,219,340,1,,,,
36,745,,,,21,4,,2026-03-10,75,,,,,,,,,Bizon,,1868,12,1253,23,741,749,259,,,,
54,450,,,,0,0,,2026-03-10,45,1947,,,,,,,,Bizon,,437,1,327,2,450,450,450,,,,
55,401,,,,6,6,,2026-03-10,130,2513,,,,,,,,Bizon,,966,18,579,5,395,450,450,,,,
25,0,,,,0,0,,2026-03-10,93,0,,,,,,,,Bizon,,0,0,0,0,0,0,0,,,,
41,0,,,,0,0,,2026-03-10,15,0,,,,,,,,Bizon,,0,0,0,0,0,0,0,,,,
63,0,,,,0,0,,2026-03-10,75,0,,,,,,,,Bizon,,595,0,335,0,0,300,224,,,,
65,363,,,,16,6,,2026-03-10,40,441,,,,,,,,Bizon,,444,8,355,11,357,264,53,,,,
73,385,,,,11,1,,2026-03-10,69,600,,,,,,,,Bizon,,197,11,530,4,384,390,390,,,,
67,698,,,,15,0,,2026-03-10,70,6373,,,,,,,,Bizon,,103,16,347,0,698,700,700,,,,
12,350,,,,1,0,,2026-03-10,35,448,,,,,,,,Bizon,,352,3,423,4,350,350,349,,,,
74,197,,,,4,1,,2026-03-10,75,0,,,,,,,,Bizon,,150,1,72,4,196,436,348,,,,
79,340,,,,3,0,,2026-03-10,40,609,,,,,,,,Bizon,,217,4,147,1,340,0,0,,,,
76,376,,,,17,4,,2026-03-10,40,2409,,,,,,,,Bizon,,346,12,112,9,393,400,400,,,,
82,299,,,,4,2,,2026-03-10,30,2034,,,,,,,,Bizon,,62,3,55,3,297,300,300,,,,
92,1375,,,,17,3,,2026-03-10,140,2495,,,,,,,,Bizon,,60,18,230,3,1372,1402,1400,,,,
86,395,,,,5,1,,2026-03-10,40,1040,,,,,,,,Bizon,,46,3,28,3,394,400,149,,,,
2,683,,,,29,14,,2026-03-10,70,2393,,,,,,,,Bizon,,879,7,477,25,669,695,700,,,,
77,500,,,,18,1,,2026-03-10,50,6387,,,,,,,,Bizon,,38,21,62,0,499,500,500,,,,
28,0,,,,0,0,,2026-03-10,45,0,,,,,,,,Bizon,,180,0,520,0,0,0,0,,,,
11,341,,,,10,5,,2026-03-11,35,2269,,,,,,,,Bizon,,1476,6,1133,8,336,350,350,,,,
5,340,,,,2,0,,2026-03-11,35,0,,,,,,,,Bizon,,900,2,538,2,340,1,222,,,,
36,746,,,,14,0,,2026-03-11,75,3489,,,,,,,,Bizon,,1875,15,1268,7,746,259,0,,,,
54,450,,,,2,0,,2026-03-11,45,1947,,,,,,,,Bizon,,438,2,329,1,450,450,447,,,,
55,419,,,,13,3,,2026-03-11,130,2513,,,,,,,,Bizon,,976,5,584,10,416,450,449,,,,
25,0,,,,0,0,,2026-03-11,93,0,,,,,,,,Bizon,,0,0,0,0,0,0,0,,,,
41,0,,,,0,0,,2026-03-11,15,0,,,,,,,,Bizon,,0,0,0,0,0,0,0,,,,
63,300,,,,3,1,,2026-03-11,75,0,,,,,,,,Bizon,,598,1,336,3,299,224,122,,,,
65,258,,,,8,0,,2026-03-11,40,441,,,,,,,,Bizon,,448,5,360,4,258,52,35,,,,
73,385,,,,7,0,,2026-03-11,69,600,,,,,,,,Bizon,,199,6,536,2,385,390,152,,,,
67,696,,,,4,0,,2026-03-11,70,6373,,,,,,,,Bizon,,107,3,350,4,696,700,700,,,,
12,349,,,,2,0,,2026-03-11,35,448,,,,,,,,Bizon,,355,2,425,3,349,349,246,,,,
79,0,,,,1,0,,2026-03-11,40,609,,,,,,,,Bizon,,217,1,148,0,0,0,0,,,,
76,375,,,,12,4,,2026-03-11,40,2409,,,,,,,,Bizon,,352,6,118,6,396,400,392,,,,
82,299,,,,5,1,,2026-03-11,30,2034,,,,,,,,Bizon,,65,2,57,3,298,300,300,,,,
92,1352,,,,18,1,,2026-03-11,140,2495,,,,,,,,Bizon,,64,16,246,4,1351,1401,1400,,,,
86,395,,,,7,0,,2026-03-11,40,1040,,,,,,,,Bizon,,50,4,32,4,395,149,0,,,,
74,175,,,,3,0,,2026-03-11,75,0,,,,,,,,Bizon,,150,3,75,0,175,494,315,,,,
2,655,,,,11,2,,2026-03-11,70,2393,,,,,,,,Bizon,,887,5,482,8,653,700,700,,,,
77,500,,,,15,0,,2026-03-11,50,6387,,,,,,,,Bizon,,41,12,74,3,500,500,500,,,,
28,0,,,,0,0,,2026-03-11,45,0,,,,,,,,Bizon,,180,0,520,0,0,0,0,,,,
11,313,,,,6,1,,2026-03-12,35,2269,,,,,,,,Bizon,,1482,2,1135,6,313,350,0,,,,
5,1,,,,0,0,,2026-03-12,35,0,,,,,,,,Bizon,,900,0,538,0,1,222,0,,,,
36,741,,,,17,13,,2026-03-12,75,4891,,,,,,,,Bizon,,1892,7,1275,17,728,750,0,,,,
54,450,,,,3,0,,2026-03-12,45,1947,,,,,,,,Bizon,,440,3,332,2,450,450,0,,,,
55,411,,,,8,2,,2026-03-12,130,2513,,,,,,,,Bizon,,980,5,589,4,409,449,0,,,,
25,0,,,,0,0,,2026-03-12,93,0,,,,,,,,Bizon,,0,0,0,0,0,0,0,,,,
41,0,,,,0,0,,2026-03-12,15,0,,,,,,,,Bizon,,0,0,0,0,0,0,0,,,,
63,222,,,,9,1,,2026-03-12,75,0,,,,,,,,Bizon,,603,6,342,5,221,122,0,,,,
65,51,,,,3,1,,2026-03-12,40,441,,,,,,,,Bizon,,448,3,363,0,50,35,0,,,,
73,283,,,,10,0,,2026-03-12,69,600,,,,,,,,Bizon,,200,9,545,1,283,0,0,,,,
67,694,,,,4,5,,2026-03-12,70,6373,,,,,,,,Bizon,,108,3,353,1,689,700,0,,,,
12,348,,,,6,0,,2026-03-12,35,448,,,,,,,,Bizon,,358,6,431,3,348,246,0,,,,
79,0,,,,1,0,,2026-03-12,40,609,,,,,,,,Bizon,,217,1,149,0,0,0,0,,,,
76,370,,,,17,6,,2026-03-12,40,2409,,,,,,,,Bizon,,364,7,125,12,391,400,0,,,,
82,298,,,,4,0,,2026-03-12,30,2034,,,,,,,,Bizon,,67,3,60,2,298,300,0,,,,
92,1387,,,,16,2,,2026-03-12,140,2495,,,,,,,,Bizon,,68,13,259,4,1385,1390,0,,,,
86,146,,,,6,0,,2026-03-12,40,1040,,,,,,,,Bizon,,56,1,33,6,146,0,0,,,,
74,197,,,,2,0,,2026-03-12,75,0,,,,,,,,Bizon,,152,0,75,2,197,459,0,,,,
2,679,,,,19,14,,2026-03-12,70,2393,,,,,,,,Bizon,,902,6,488,15,665,700,0,,,,
77,500,,,,12,0,,2026-03-12,50,6387,,,,,,,,Bizon,,44,11,85,3,500,500,0,,,,
28,0,,,,0,0,,2026-03-12,45,0,,,,,,,,Bizon,,180,0,520,0,0,0,0,,,,
85,404,,,,15,5,,2026-03-12,40,1299,,,,,,,,Bizon,,13,3,3,13,399,400,0,,,,
11,324,,,,13,1,,2026-03-13,35,2269,,,,,,,,Bizon,,1493,3,1138,11,323,0,0,,,,
5,342,,,,7,0,,2026-03-13,35,721,,,,,,,,Bizon,,910,2,540,10,342,0,0,,,,
36,736,,,,20,11,,2026-03-13,75,4891,,,,,,,,Bizon,,1910,14,1289,18,725,0,0,,,,
54,450,,,,0,1,,2026-03-13,45,1947,,,,,,,,Bizon,,440,2,334,0,449,0,0,,,,
55,413,,,,8,3,,2026-03-13,130,2513,,,,,,,,Bizon,,985,6,595,5,410,0,0,,,,
25,0,,,,0,0,,2026-03-13,93,0,,,,,,,,Bizon,,0,0,0,0,0,0,0,,,,
41,0,,,,0,0,,2026-03-13,15,0,,,,,,,,Bizon,,0,0,0,0,0,0,0,,,,
63,121,,,,8,1,,2026-03-13,75,0,,,,,,,,Bizon,,606,6,348,3,120,0,0,,,,
65,35,,,,0,0,,2026-03-13,40,441,,,,,,,,Bizon,,448,0,363,0,35,0,0,,,,
73,380,,,,5,0,,2026-03-13,69,600,,,,,,,,Bizon,,201,5,550,1,380,0,0,,,,
67,697,,,,6,1,,2026-03-13,70,6373,,,,,,,,Bizon,,112,3,356,4,696,0,0,,,,
12,245,,,,3,1,,2026-03-13,35,448,,,,,,,,Bizon,,361,1,432,3,244,0,0,,,,
79,0,,,,1,0,,2026-03-13,40,609,,,,,,,,Bizon,,217,1,150,0,0,0,0,,,,
76,374,,,,15,6,,2026-03-13,40,2409,,,,,,,,Bizon,,377,6,131,13,392,0,0,,,,
82,293,,,,12,0,,2026-03-13,30,2034,,,,,,,,Bizon,,74,4,64,7,293,0,0,,,,
92,1391,,,,9,0,,2026-03-13,140,2495,,,,,,,,Bizon,,69,9,268,1,1391,0,0,,,,
86,0,,,,1,0,,2026-03-13,40,1040,,,,,,,,Bizon,,56,1,34,0,0,0,0,,,,
85,387,,,,19,3,,2026-03-13,40,2595,,,,,,,,Bizon,,32,1,4,19,384,0,0,,,,
74,21,,,,0,0,,2026-03-13,75,0,,,,,,,,Bizon,,152,0,75,0,289,25,0,,,,
2,666,,,,19,14,,2026-03-13,70,2393,,,,,,,,Bizon,,918,6,494,16,652,0,0,,,,
77,500,,,,10,0,,2026-03-13,50,6387,,,,,,,,Bizon,,49,9,94,5,500,0,0,,,,
28,0,,,,0,0,,2026-03-13,45,0,,,,,,,,Bizon,,180,0,520,0,0,0,0,,,,
11,0,,,,0,1,,2026-03-14,35,2269,,,,,,,,Bizon,,1493,0,1138,0,0,0,350,,,,
5,0,,,,0,0,,2026-03-14,35,721,,,,,,,,Bizon,,910,0,540,0,0,0,350,,,,
36,0,,,,0,0,,2026-03-14,75,4891,,,,,,,,Bizon,,1910,0,1289,0,0,0,750,,,,
54,0,,,,0,0,,2026-03-14,45,1947,,,,,,,,Bizon,,440,1,335,0,0,0,441,,,,
55,0,,,,0,0,,2026-03-14,130,2513,,,,,,,,Bizon,,985,0,595,0,0,0,450,,,,
25,0,,,,0,0,,2026-03-14,93,0,,,,,,,,Bizon,,0,0,0,0,0,0,0,,,,
41,0,,,,0,0,,2026-03-14,15,0,,,,,,,,Bizon,,0,0,0,0,0,0,0,,,,
63,0,,,,0,0,,2026-03-14,75,0,,,,,,,,Bizon,,606,0,348,0,0,0,38,,,,
65,0,,,,0,0,,2026-03-14,40,441,,,,,,,,Bizon,,448,0,363,0,0,0,400,,,,
73,0,,,,0,0,,2026-03-14,69,600,,,,,,,,Bizon,,201,2,552,0,0,0,390,,,,
67,0,,,,1,0,,2026-03-14,70,6373,,,,,,,,Bizon,,112,1,357,0,0,0,700,,,,
12,0,,,,1,0,,2026-03-14,35,448,,,,,,,,Bizon,,361,1,433,0,0,0,177,,,,
79,0,,,,0,0,,2026-03-14,40,609,,,,,,,,Bizon,,217,0,150,0,0,0,0,,,,
76,0,,,,2,0,,2026-03-14,40,2409,,,,,,,,Bizon,,378,2,133,1,0,0,400,,,,
82,0,,,,0,0,,2026-03-14,30,2034,,,,,,,,Bizon,,74,0,64,0,0,0,300,,,,
92,0,,,,1,0,,2026-03-14,140,2495,,,,,,,,Bizon,,69,1,269,0,0,0,1396,,,,
86,0,,,,0,0,,2026-03-14,40,1040,,,,,,,,Bizon,,56,0,34,0,0,0,20,,,,
85,0,,,,0,0,,2026-03-14,40,2595,,,,,,,,Bizon,,32,0,4,0,0,0,400,,,,
2,0,,,,1,0,,2026-03-14,70,2393,,,,,,,,Bizon,,918,1,495,0,0,0,700,,,,
77,0,,,,1,0,,2026-03-14,50,6387,,,,,,,,Bizon,,49,2,96,0,0,0,500,,,,
28,0,,,,0,0,,2026-03-14,45,0,,,,,,,,Bizon,,180,0,520,0,0,0,0,,,,
11,0,,,,2,0,,2026-03-15,35,2269,,,,,,,,Bizon,,1493,2,1140,0,0,350,350,,,,
5,0,,,,0,0,,2026-03-15,35,721,,,,,,,,Bizon,,910,0,540,0,0,350,350,,,,
36,0,,,,1,0,,2026-03-15,75,4891,,,,,,,,Bizon,,1910,1,1290,0,0,750,750,,,,
54,0,,,,0,0,,2026-03-15,45,1947,,,,,,,,Bizon,,440,0,335,0,0,441,255,,,,
55,0,,,,0,0,,2026-03-15,130,2513,,,,,,,,Bizon,,985,0,595,0,0,450,449,,,,
25,0,,,,0,0,,2026-03-15,93,0,,,,,,,,Bizon,,0,0,0,0,0,0,0,,,,
41,0,,,,0,0,,2026-03-15,15,0,,,,,,,,Bizon,,0,0,0,0,0,0,0,,,,
63,0,,,,0,0,,2026-03-15,75,0,,,,,,,,Bizon,,606,0,348,0,0,38,0,,,,
65,0,,,,0,0,,2026-03-15,40,441,,,,,,,,Bizon,,448,0,363,0,0,400,379,,,,
73,0,,,,0,0,,2026-03-15,69,600,,,,,,,,Bizon,,201,0,552,0,0,390,390,,,,
67,0,,,,0,0,,2026-03-15,70,6373,,,,,,,,Bizon,,112,0,357,0,0,700,700,,,,
12,0,,,,0,0,,2026-03-15,35,448,,,,,,,,Bizon,,361,0,433,0,0,195,148,,,,
79,0,,,,0,0,,2026-03-15,40,609,,,,,,,,Bizon,,217,0,150,0,0,0,0,,,,
76,0,,,,0,0,,2026-03-15,40,2409,,,,,,,,Bizon,,378,0,133,0,0,400,400,,,,
82,0,,,,0,0,,2026-03-15,30,2034,,,,,,,,Bizon,,74,0,64,0,0,300,300,,,,
92,0,,,,3,0,,2026-03-15,140,2495,,,,,,,,Bizon,,69,3,272,0,0,1400,1344,,,,
86,0,,,,0,0,,2026-03-15,40,1040,,,,,,,,Bizon,,56,0,34,0,0,20,0,,,,
85,0,,,,1,0,,2026-03-15,40,2595,,,,,,,,Bizon,,32,1,5,0,0,400,400,,,,
2,0,,,,0,0,,2026-03-15,70,2393,,,,,,,,Bizon,,918,0,495,0,0,700,700,,,,
77,0,,,,0,0,,2026-03-15,50,6387,,,,,,,,Bizon,,49,1,97,0,0,500,500,,,,
28,0,,,,0,0,,2026-03-15,45,0,,,,,,,,Bizon,,180,0,520,0,0,0,0,,,,
11,339,,,,9,3,,2026-03-16,35,2269,,,,,,,,Bizon,,1503,3,1143,10,336,350,350,,,,
5,345,,,,4,0,,2026-03-16,35,721,,,,,,,,Bizon,,915,0,540,5,345,344,211,,,,
36,749,,,,13,0,,2026-03-16,75,4891,,,,,,,,Bizon,,1930,7,1297,20,749,750,743,,,,
54,441,,,,4,4,,2026-03-16,45,1947,,,,,,,,Bizon,,444,2,337,4,437,255,417,,,,
55,448,,,,8,1,,2026-03-16,130,2513,,,,,,,,Bizon,,987,7,602,2,447,449,429,,,,
25,0,,,,0,0,,2026-03-16,93,0,,,,,,,,Bizon,,0,0,0,0,0,0,0,,,,
41,0,,,,0,0,,2026-03-16,15,0,,,,,,,,Bizon,,0,0,0,0,0,0,0,,,,
63,38,,,,2,0,,2026-03-16,75,0,,,,,,,,Bizon,,607,1,349,1,38,0,0,,,,
65,395,,,,5,1,,2026-03-16,40,655,,,,,,,,Bizon,,452,1,364,4,394,400,372,,,,
73,385,,,,8,0,,2026-03-16,69,600,,,,,,,,Bizon,,205,7,559,4,385,390,390,,,,
67,63,,,,1,1,,2026-03-16,70,6373,,,,,,,,Bizon,,114,3,360,2,62,0,0,,,,
12,195,,,,2,0,,2026-03-16,35,448,,,,,,,,Bizon,,361,2,435,0,195,148,0,,,,
79,0,,,,0,0,,2026-03-16,40,609,,,,,,,,Bizon,,217,1,151,0,0,0,0,,,,
76,359,,,,12,3,,2026-03-16,40,2409,,,,,,,,Bizon,,387,4,137,9,393,400,400,,,,
82,294,,,,7,0,,2026-03-16,30,2034,,,,,,,,Bizon,,78,4,68,4,294,300,300,,,,
92,1375,,,,26,4,,2026-03-16,140,2495,,,,,,,,Bizon,,83,17,289,14,1371,1345,1312,,,,
86,394,,,,13,5,,2026-03-16,40,1753,,,,,,,,Bizon,,71,2,36,15,389,333,0,,,,
85,396,,,,20,6,,2026-03-16,40,2595,,,,,,,,Bizon,,44,9,14,12,390,395,400,,,,
2,683,,,,16,1,,2026-03-16,70,2393,,,,,,,,Bizon,,932,3,498,14,682,700,700,,,,
77,499,,,,13,5,,2026-03-16,50,6387,,,,,,,,Bizon,,56,8,105,7,494,500,500,,,,
28,0,,,,0,0,,2026-03-16,45,0,,,,,,,,Bizon,,180,0,520,0,0,0,0,,,,
11,296,,,,8,1,,2026-03-17,35,2269,,,,,,,,Bizon,,1509,10,1153,6,295,350,344,,,,
5,342,,,,4,3,,2026-03-17,35,721,,,,,,,,Bizon,,916,6,546,1,339,216,331,,,,
36,746,,,,11,0,,2026-03-17,75,4891,,,,,,,,Bizon,,1942,10,1307,12,746,743,116,,,,
54,445,,,,2,1,,2026-03-17,45,1947,,,,,,,,Bizon,,445,9,346,1,444,428,427,,,,
55,721,,,,14,3,,2026-03-17,130,2513,,,,,,,,Bizon,,999,17,619,12,718,782,307,,,,
25,0,,,,0,0,,2026-03-17,93,0,,,,,,,,Bizon,,0,0,0,0,0,0,0,,,,
41,0,,,,0,0,,2026-03-17,15,0,,,,,,,,Bizon,,0,0,0,0,0,0,0,,,,
63,0,,,,0,0,,2026-03-17,75,0,,,,,,,,Bizon,,607,0,349,0,0,0,0,,,,
65,383,,,,8,2,,2026-03-17,40,655,,,,,,,,Bizon,,459,7,371,7,381,384,37,,,,
73,382,,,,6,1,,2026-03-17,69,600,,,,,,,,Bizon,,207,8,567,2,381,390,327,,,,
67,0,,,,0,0,,2026-03-17,70,6373,,,,,,,,Bizon,,114,4,364,0,0,0,0,,,,
12,331,,,,5,0,,2026-03-17,35,865,,,,,,,,Bizon,,366,5,440,5,331,350,338,,,,
79,0,,,,0,0,,2026-03-17,40,609,,,,,,,,Bizon,,217,1,152,0,0,0,0,,,,
76,377,,,,5,0,,2026-03-17,40,2409,,,,,,,,Bizon,,391,5,142,4,398,400,400,,,,
82,297,,,,11,0,,2026-03-17,30,2034,,,,,,,,Bizon,,82,7,75,4,297,300,300,,,,
92,1309,,,,30,0,,2026-03-17,140,2495,,,,,,,,Bizon,,86,32,321,3,1309,1309,1395,,,,
86,327,,,,14,5,,2026-03-17,40,1753,,,,,,,,Bizon,,82,6,42,11,322,400,278,,,,
85,388,,,,7,3,,2026-03-17,40,2595,,,,,,,,Bizon,,51,2,16,7,385,400,400,,,,
2,658,,,,7,1,,2026-03-17,70,2393,,,,,,,,Bizon,,938,7,505,6,657,700,689,,,,
77,498,,,,11,4,,2026-03-17,50,6387,,,,,,,,Bizon,,60,11,116,4,494,500,500,,,,
28,0,,,,0,0,,2026-03-17,45,0,,,,,,,,Bizon,,180,2,522,0,0,0,0,,,,
11,324,,,,8,2,,2026-03-18,35,2269,,,,,,,,Bizon,,1516,5,1158,7,322,350,350,,,,
5,216,,,,5,4,,2026-03-18,35,721,,,,,,,,Bizon,,919,3,549,3,212,331,82,,,,
36,742,,,,9,1,,2026-03-18,75,4891,,,,,,,,Bizon,,1954,6,1313,12,741,116,0,,,,
54,427,,,,0,0,,2026-03-18,45,1947,,,,,,,,Bizon,,445,0,346,0,427,0,450,,,,
55,719,,,,21,4,,2026-03-18,130,2513,,,,,,,,Bizon,,1011,13,632,12,715,307,227,,,,
25,0,,,,0,0,,2026-03-18,93,0,,,,,,,,Bizon,,0,0,0,0,0,0,0,,,,
41,0,,,,0,0,,2026-03-18,15,0,,,,,,,,Bizon,,0,0,0,0,0,0,0,,,,
63,0,,,,0,0,,2026-03-18,75,0,,,,,,,,Bizon,,607,0,349,0,0,0,0,,,,
65,369,,,,22,4,,2026-03-18,40,655,,,,,,,,Bizon,,469,15,386,10,365,37,1,,,,
73,382,,,,3,0,,2026-03-18,69,600,,,,,,,,Bizon,,210,2,569,3,382,327,28,,,,
67,0,,,,0,0,,2026-03-18,70,6373,,,,,,,,Bizon,,114,0,364,0,0,0,0,,,,
12,347,,,,6,2,,2026-03-18,35,865,,,,,,,,Bizon,,369,4,444,3,345,350,350,,,,
79,476,,,,10,4,,2026-03-18,40,2635,,,,,,,,Bizon,,226,1,153,9,472,480,480,,,,
76,380,,,,5,0,,2026-03-18,40,2409,,,,,,,,Bizon,,395,1,143,4,398,400,400,,,,
82,292,,,,11,2,,2026-03-18,30,2034,,,,,,,,Bizon,,90,6,81,8,290,300,300,,,,
92,1322,,,,25,2,,2026-03-18,140,2495,,,,,,,,Bizon,,92,20,341,6,1320,1400,1379,,,,
86,397,,,,7,0,,2026-03-18,40,1753,,,,,,,,Bizon,,85,5,47,3,397,278,89,,,,
85,377,,,,18,2,,2026-03-18,40,2595,,,,,,,,Bizon,,58,12,28,7,375,400,400,,,,
2,688,,,,6,1,,2026-03-18,70,2393,,,,,,,,Bizon,,943,3,508,5,687,690,199,,,,
77,499,,,,20,6,,2026-03-18,50,6387,,,,,,,,Bizon,,68,12,128,8,493,500,500,,,,
28,0,,,,0,0,,2026-03-18,45,0,,,,,,,,Bizon,,180,0,522,0,0,0,0,,,,
93,299,,,,20,9,,2026-03-18,75,663,,,,,,,,Bizon,,15,6,6,15,290,299,64,,,,
89,0,,,,0,0,,2026-03-18,35,903,,,,,,,,Bizon,,0,0,0,0,0,0,0,,,,
11,323,,,,9,0,,2026-03-19,35,2269,,,,,,,,Bizon,,1529,4,1162,13,323,354,0,,,,
5,331,,,,7,0,,2026-03-19,35,721,,,,,,,,Bizon,,924,4,553,5,331,82,0,,,,
36,115,,,,9,0,,2026-03-19,75,4891,,,,,,,,Bizon,,1966,8,1321,12,115,0,0,,,,
54,444,,,,5,1,,2026-03-19,45,1947,,,,,,,,Bizon,,447,5,351,2,443,450,0,,,,
55,0,,,,0,0,,2026-03-19,130,2513,,,,,,,,Bizon,,1011,4,636,0,307,227,0,,,,
25,0,,,,0,0,,2026-03-19,93,0,,,,,,,,Bizon,,0,0,0,0,0,0,0,,,,
41,0,,,,0,0,,2026-03-19,15,0,,,,,,,,Bizon,,0,0,0,0,0,0,0,,,,
63,0,,,,0,0,,2026-03-19,75,101,,,,,,,,Bizon,,607,0,349,0,0,0,0,,,,
65,33,,,,2,0,,2026-03-19,40,655,,,,,,,,Bizon,,469,2,388,0,33,1,0,,,,
73,300,,,,3,0,,2026-03-19,69,954,,,,,,,,Bizon,,210,4,573,0,300,364,0,,,,
67,0,,,,0,0,,2026-03-19,70,6373,,,,,,,,Bizon,,114,0,364,0,0,0,0,,,,
12,345,,,,6,0,,2026-03-19,35,865,,,,,,,,Bizon,,374,5,449,5,345,349,0,,,,
79,481,,,,8,2,,2026-03-19,40,2635,,,,,,,,Bizon,,232,3,156,6,479,480,0,,,,
76,374,,,,5,0,,2026-03-19,40,2409,,,,,,,,Bizon,,400,3,146,5,399,400,0,,,,
82,292,,,,14,5,,2026-03-19,30,2034,,,,,,,,Bizon,,102,4,85,12,287,300,0,,,,
92,1392,,,,29,0,,2026-03-19,140,2495,,,,,,,,Bizon,,94,30,371,2,1392,1389,0,,,,
86,274,,,,1,0,,2026-03-19,40,1753,,,,,,,,Bizon,,85,1,48,0,274,89,0,,,,
85,385,,,,17,10,,2026-03-19,40,2595,,,,,,,,Bizon,,76,1,29,18,375,400,0,,,,
93,297,,,,36,7,,2026-03-19,75,663,,,,,,,,Bizon,,37,14,20,22,290,66,0,,,,
89,350,,,,3,2,,2026-03-19,35,903,,,,,,,,Bizon,,3,1,1,3,348,350,0,,,,
2,682,,,,9,0,,2026-03-19,70,2393,,,,,,,,Bizon,,952,1,509,9,682,202,0,,,,
77,496,,,,14,3,,2026-03-19,50,6387,,,,,,,,Bizon,,79,4,132,11,493,500,0,,,,
28,0,,,,0,0,,2026-03-19,45,0,,,,,,,,Bizon,,180,0,522,0,0,0,0,,,,
11,316,,,,16,4,,2026-03-20,35,2269,,,,,,,,Bizon,,1544,6,1168,15,312,7,0,,,,
5,82,,,,3,0,,2026-03-20,35,721,,,,,,,,Bizon,,927,2,555,3,82,0,0,,,,
36,0,,,,0,0,,2026-03-20,75,4891,,,,,,,,Bizon,,1966,0,1321,0,0,0,0,,,,
54,449,,,,0,0,,2026-03-20,45,1947,,,,,,,,Bizon,,448,3,354,1,449,0,0,,,,
55,227,,,,1,0,,2026-03-20,130,2513,,,,,,,,Bizon,,1012,1,637,1,227,0,0,,,,
25,0,,,,0,0,,2026-03-20,93,0,,,,,,,,Bizon,,0,0,0,0,0,0,0,,,,
41,0,,,,0,0,,2026-03-20,15,0,,,,,,,,Bizon,,0,0,0,0,0,0,0,,,,
63,0,,,,0,0,,2026-03-20,75,101,,,,,,,,Bizon,,607,0,349,0,0,0,0,,,,
65,1,,,,0,0,,2026-03-20,40,655,,,,,,,,Bizon,,469,0,388,0,1,0,0,,,,
73,387,,,,11,2,,2026-03-20,69,2757,,,,,,,,Bizon,,214,8,581,4,385,0,0,,,,
12,348,,,,2,0,,2026-03-20,35,865,,,,,,,,Bizon,,379,1,450,5,348,0,0,,,,
79,479,,,,10,15,,2026-03-20,40,2635,,,,,,,,Bizon,,239,4,160,7,464,0,0,,,,
76,377,,,,15,4,,2026-03-20,40,2409,,,,,,,,Bizon,,413,3,149,13,394,0,0,,,,
82,295,,,,11,4,,2026-03-20,30,2034,,,,,,,,Bizon,,110,4,89,8,291,0,0,,,,
92,1383,,,,15,1,,2026-03-20,140,2495,,,,,,,,Bizon,,94,20,391,0,1382,1,0,,,,
86,88,,,,2,0,,2026-03-20,40,1753,,,,,,,,Bizon,,87,0,48,2,88,0,0,,,,
85,390,,,,11,2,,2026-03-20,40,2595,,,,,,,,Bizon,,87,3,32,11,388,0,0,,,,
93,66,,,,13,4,,2026-03-20,75,663,,,,,,,,Bizon,,44,6,26,7,62,0,0,,,,
89,347,,,,13,2,,2026-03-20,35,903,,,,,,,,Bizon,,13,5,6,10,345,0,0,,,,
67,0,,,,0,0,,2026-03-20,70,6373,,,,,,,,Bizon,,114,0,364,0,0,0,0,,,,
2,201,,,,5,0,,2026-03-20,70,2393,,,,,,,,Bizon,,957,1,510,5,201,0,0,,,,
77,498,,,,10,6,,2026-03-20,50,6387,,,,,,,,Bizon,,85,5,137,6,492,0,0,,,,
28,0,,,,0,0,,2026-03-20,45,0,,,,,,,,Bizon,,180,0,522,0,0,0,0,,,,
11,0,,,,0,0,,2026-03-21,35,2269,,,,,,,,Bizon,,1544,0,1168,0,0,0,350,,,,
5,0,,,,0,0,,2026-03-21,35,721,,,,,,,,Bizon,,927,0,555,0,0,0,350,,,,
36,0,,,,0,0,,2026-03-21,75,4891,,,,,,,,Bizon,,1966,0,1321,0,0,0,750,,,,
54,0,,,,0,0,,2026-03-21,45,1947,,,,,,,,Bizon,,448,0,354,0,0,0,450,,,,
55,0,,,,0,0,,2026-03-21,130,2513,,,,,,,,Bizon,,1012,0,637,0,0,0,572,,,,
25,0,,,,0,0,,2026-03-21,93,0,,,,,,,,Bizon,,0,0,0,0,0,0,0,,,,
41,0,,,,0,0,,2026-03-21,15,0,,,,,,,,Bizon,,0,0,0,0,0,0,0,,,,
63,0,,,,0,0,,2026-03-21,75,101,,,,,,,,Bizon,,607,0,349,0,0,0,295,,,,
65,0,,,,0,0,,2026-03-21,40,655,,,,,,,,Bizon,,469,0,388,0,0,0,225,,,,
73,0,,,,0,0,,2026-03-21,69,2757,,,,,,,,Bizon,,214,0,581,0,0,0,107,,,,
12,0,,,,0,0,,2026-03-21,35,865,,,,,,,,Bizon,,379,0,450,0,0,0,350,,,,
79,0,,,,0,0,,2026-03-21,40,2635,,,,,,,,Bizon,,239,1,161,0,0,0,480,,,,
76,0,,,,0,0,,2026-03-21,40,2409,,,,,,,,Bizon,,413,0,149,0,0,0,400,,,,
82,0,,,,2,0,,2026-03-21,30,2034,,,,,,,,Bizon,,111,1,90,1,0,0,300,,,,
92,0,,,,1,0,,2026-03-21,140,2495,,,,,,,,Bizon,,94,1,392,0,0,0,0,,,,
86,0,,,,1,0,,2026-03-21,40,1753,,,,,,,,Bizon,,87,1,49,0,0,0,400,,,,
85,0,,,,0,0,,2026-03-21,40,2595,,,,,,,,Bizon,,87,0,32,0,0,0,400,,,,
93,0,,,,0,0,,2026-03-21,75,663,,,,,,,,Bizon,,44,0,26,0,0,0,269,,,,
89,0,,,,0,0,,2026-03-21,35,903,,,,,,,,Bizon,,13,0,6,0,0,0,202,,,,
67,0,,,,0,0,,2026-03-21,70,6373,,,,,,,,Bizon,,114,0,364,0,0,0,0,,,,
2,0,,,,0,0,,2026-03-21,70,2393,,,,,,,,Bizon,,957,0,510,0,0,0,85,,,,
77,0,,,,0,0,,2026-03-21,50,6387,,,,,,,,Bizon,,85,0,137,0,0,0,500,,,,
28,0,,,,0,0,,2026-03-21,45,0,,,,,,,,Bizon,,180,0,522,0,0,0,0,,,,
11,0,,,,1,0,,2026-03-22,35,2269,,,,,,,,Bizon,,1544,1,1169,0,0,350,350,,,,
5,0,,,,1,0,,2026-03-22,35,721,,,,,,,,Bizon,,927,1,556,0,0,350,291,,,,
36,0,,,,0,0,,2026-03-22,75,4891,,,,,,,,Bizon,,1966,0,1321,0,0,750,354,,,,
54,0,,,,0,0,,2026-03-22,45,1947,,,,,,,,Bizon,,448,0,354,0,0,450,450,,,,
55,0,,,,0,0,,2026-03-22,130,2513,,,,,,,,Bizon,,1012,0,637,0,0,572,168,,,,
25,0,,,,0,0,,2026-03-22,93,0,,,,,,,,Bizon,,0,0,0,0,0,0,0,,,,
41,0,,,,0,0,,2026-03-22,15,0,,,,,,,,Bizon,,0,0,0,0,0,0,0,,,,
63,0,,,,0,0,,2026-03-22,75,101,,,,,,,,Bizon,,607,0,349,0,0,295,0,,,,
65,0,,,,0,0,,2026-03-22,40,655,,,,,,,,Bizon,,469,0,388,0,0,225,74,,,,
73,0,,,,1,0,,2026-03-22,69,2757,,,,,,,,Bizon,,214,3,584,0,0,107,0,,,,
12,0,,,,0,0,,2026-03-22,35,865,,,,,,,,Bizon,,379,0,450,0,0,350,350,,,,
79,0,,,,0,0,,2026-03-22,40,2635,,,,,,,,Bizon,,239,0,161,0,0,480,480,,,,
76,0,,,,1,0,,2026-03-22,40,2409,,,,,,,,Bizon,,413,1,150,0,0,400,400,,,,
82,0,,,,0,0,,2026-03-22,30,2034,,,,,,,,Bizon,,111,0,90,0,0,300,300,,,,
92,0,,,,0,0,,2026-03-22,140,2495,,,,,,,,Bizon,,94,0,392,0,0,0,0,,,,
86,0,,,,0,0,,2026-03-22,40,1753,,,,,,,,Bizon,,87,0,49,0,0,400,400,,,,
85,0,,,,0,0,,2026-03-22,40,2595,,,,,,,,Bizon,,87,0,32,0,0,400,400,,,,
93,0,,,,0,0,,2026-03-22,75,663,,,,,,,,Bizon,,44,0,26,0,0,269,254,,,,
89,0,,,,1,0,,2026-03-22,35,903,,,,,,,,Bizon,,13,1,7,0,0,202,342,,,,
67,0,,,,0,0,,2026-03-22,70,6373,,,,,,,,Bizon,,114,0,364,0,0,0,0,,,,
2,0,,,,0,0,,2026-03-22,70,2393,,,,,,,,Bizon,,957,0,510,0,0,85,0,,,,
77,0,,,,1,0,,2026-03-22,50,6387,,,,,,,,Bizon,,85,1,138,0,0,500,500,,,,
28,0,,,,0,0,,2026-03-22,45,0,,,,,,,,Bizon,,180,0,522,0,0,0,0,,,,
11,305,,,,11,2,,2026-03-23,35,2269,,,,,,,,Bizon,,1550,5,1174,6,303,356,350,,,,
5,350,,,,4,0,,2026-03-23,35,721,,,,,,,,Bizon,,930,3,559,3,350,291,19,,,,
36,746,,,,22,0,,2026-03-23,75,4891,,,,,,,,Bizon,,1978,18,1339,12,746,354,1,,,,
54,447,,,,2,0,,2026-03-23,45,1947,,,,,,,,Bizon,,449,3,357,1,447,450,421,,,,
55,832,,,,14,2,,2026-03-23,130,2513,,,,,,,,Bizon,,1020,10,647,8,830,319,16,,,,
25,0,,,,0,0,,2026-03-23,93,0,,,,,,,,Bizon,,0,0,0,0,0,0,0,,,,
41,0,,,,0,0,,2026-03-23,15,0,,,,,,,,Bizon,,0,0,0,0,0,0,0,,,,
63,769,,,,23,0,,2026-03-23,75,1241,,,,,,,,Bizon,,626,7,356,19,0,45,0,,,,
65,225,,,,3,0,,2026-03-23,40,655,,,,,,,,Bizon,,471,1,389,2,225,74,2,,,,
73,307,,,,7,1,,2026-03-23,69,2757,,,,,,,,Bizon,,217,5,589,3,306,390,390,,,,
12,350,,,,2,0,,2026-03-23,35,865,,,,,,,,Bizon,1,381,2,452,2,350,350,350,,,,
79,470,,,,16,1,,2026-03-23,40,2635,,,,,,,,Bizon,,249,9,170,10,469,474,480,,,,
76,370,,,,8,3,,2026-03-23,40,2409,,,,,,,,Bizon,,420,2,152,7,393,400,400,,,,
82,190,,,,4,1,,2026-03-23,30,2034,,,,,,,,Bizon,,119,0,87,8,299,300,300,,,,
92,0,,,,1,0,,2026-03-23,140,2495,,,,,,,,Bizon,,94,1,393,0,0,0,0,,,,
86,394,,,,5,0,,2026-03-23,40,1753,,,,,,,,Bizon,,91,3,52,4,394,400,353,,,,
85,395,,,,9,0,,2026-03-23,40,2595,,,,,,,,Bizon,,94,6,38,7,395,400,400,,,,
93,269,,,,17,0,,2026-03-23,75,663,,,,,,,,Bizon,,52,10,36,8,269,254,49,,,,
89,346,,,,7,2,,2026-03-23,35,1406,,,,,,,,Bizon,,18,2,9,5,344,350,350,,,,
67,0,,,,0,0,,2026-03-23,70,6373,,,,,,,,Bizon,,114,0,364,0,0,0,0,,,,
2,84,,,,1,0,,2026-03-23,70,2393,,,,,,,,Bizon,,957,1,511,0,84,1,0,,,,
77,491,,,,15,0,,2026-03-23,50,6387,,,,,,,,Bizon,,91,9,147,6,491,500,500,,,,
28,0,,,,0,0,,2026-03-23,45,0,,,,,,,,Bizon,,180,0,522,0,0,0,0,,,,
11,335,,,,13,9,,2026-03-24,35,2269,,,,,,,,Bizon,,1560,5,1179,10,326,353,350,,,,
5,290,,,,2,0,,2026-03-24,35,721,,,,,,,,Bizon,,931,1,560,1,290,20,43,,,,
36,741,,,,9,1,,2026-03-24,75,4891,,,,,,,,Bizon,,1989,6,1345,11,740,746,181,,,,
54,449,,,,4,1,,2026-03-24,45,1947,,,,,,,,Bizon,,450,4,361,1,449,450,448,,,,
55,317,,,,3,0,,2026-03-24,130,2513,,,,,,,,Bizon,,1023,3,650,3,317,16,396,,,,
25,0,,,,0,0,,2026-03-24,93,0,,,,,,,,Bizon,,0,0,0,0,0,0,0,,,,
41,0,,,,0,0,,2026-03-24,15,0,,,,,,,,Bizon,,0,0,0,0,0,0,0,,,,
63,564,,,,26,6,,2026-03-24,75,1241,,,,,,,,Bizon,,642,13,369,16,558,485,37,,,,
65,338,,,,10,1,,2026-03-24,40,1799,,,,,,,,Bizon,,476,7,396,5,337,394,386,,,,
73,388,,,,11,3,,2026-03-24,69,2757,,,,,,,,Bizon,,227,3,592,10,385,366,389,,,,
12,348,,,,4,0,,2026-03-24,35,865,,,,,,,,Bizon,,382,6,458,1,348,350,350,,,,
79,479,,,,8,3,,2026-03-24,40,3396,,,,,,,,Bizon,,256,4,174,7,477,480,480,,,,
76,367,,,,11,0,,2026-03-24,40,2409,,,,,,,,Bizon,,423,11,163,3,397,400,400,,,,
92,0,,,,0,0,,2026-03-24,140,2495,,,,,,,,Bizon,,94,0,393,0,0,0,0,,,,
86,391,,,,15,0,,2026-03-24,40,1753,,,,,,,,Bizon,,101,6,58,10,391,353,49,,,,
85,389,,,,9,1,,2026-03-24,40,2595,,,,,,,,Bizon,,103,3,41,9,388,400,398,,,,
93,343,,,,17,0,,2026-03-24,75,1060,,,,,,,,Bizon,,63,7,43,11,343,345,32,,,,
89,345,,,,5,1,,2026-03-24,35,1406,,,,,,,,Bizon,,22,2,11,4,344,350,329,,,,
67,0,,,,0,0,,2026-03-24,70,6373,,,,,,,,Bizon,,114,0,364,0,0,0,0,,,,
2,1,,,,0,0,,2026-03-24,70,3974,,,,,,,,Bizon,,957,0,511,0,1,0,592,,,,
77,500,,,,20,0,,2026-03-24,50,6387,,,,,,,,Bizon,,94,18,165,3,500,499,500,,,,
28,0,,,,0,0,,2026-03-24,45,0,,,,,,,,Bizon,,180,0,522,0,0,0,0,,,,
11,329,,,,13,9,,2026-03-25,70,2269,,,,,,,,Bizon,,1568,9,1188,8,323,357,350,,,,
5,20,,,,4,0,,2026-03-25,35,721,,,,,,,,Bizon,,931,4,564,0,20,43,97,,,,
36,740,,,,7,0,,2026-03-25,150,4891,,,,,,,,Bizon,,1994,12,1357,5,740,181,0,,,,
54,449,,,,3,0,,2026-03-25,,1947,,,,,,,,Bizon,,451,2,363,1,449,450,444,,,,
55,16,,,,1,0,,2026-03-25,130,2513,,,,,,,,Bizon,,1024,1,651,1,0,396,361,,,,
25,0,,,,0,0,,2026-03-25,93,0,,,,,,,,Bizon,,0,0,0,0,0,0,0,,,,
41,0,,,,0,0,,2026-03-25,15,0,,,,,,,,Bizon,,0,0,0,0,0,0,0,,,,
63,484,,,,27,8,,2026-03-25,75,1241,,,,,,,,Bizon,,659,11,380,17,476,37,0,,,,
65,328,,,,8,4,,2026-03-25,40,1799,,,,,,,,Bizon,,480,6,402,4,324,400,390,,,,
73,354,,,,6,4,,2026-03-25,69,2757,,,,,,,,Bizon,,229,5,597,2,350,390,310,,,,
12,350,,,,7,0,,2026-03-25,35,865,,,,,,,,Bizon,,384,7,465,2,350,350,346,,,,
79,478,,,,4,0,,2026-03-25,40,3396,,,,,,,,Bizon,,257,5,179,1,478,481,480,,,,
76,379,,,,5,1,,2026-03-25,40,2409,,,,,,,,Bizon,,427,3,166,4,397,400,400,,,,
86,340,,,,8,0,,2026-03-25,40,1753,,,,,,,,Bizon,,106,5,63,5,340,49,0,,,,
85,391,,,,10,0,,2026-03-25,40,2595,,,,,,,,Bizon,,110,3,44,7,391,389,339,,,,
93,343,,,,36,1,,2026-03-25,75,1060,,,,,,,,Bizon,,80,21,64,17,342,32,0,,,,
89,348,,,,8,1,,2026-03-25,35,1411,,,,,,,,Bizon,,24,6,17,2,347,329,0,,,,
67,0,,,,0,0,,2026-03-25,70,6373,,,,,,,,Bizon,,114,0,364,0,0,0,0,,,,
2,0,,,,0,0,,2026-03-25,49,3974,,,,,,,,Bizon,,957,0,511,0,0,416,455,,,,
77,494,,,,24,0,,2026-03-25,50,6387,,,,,,,,Bizon,,107,13,178,13,494,500,500,,,,
28,0,,,,0,0,,2026-03-25,45,0,,,,,,,,Bizon,,180,0,522,0,0,0,0,,,,
11,494,,,,6,6,,2026-03-26,70,2269,,,,,,,,Bizon,,1574,1,1189,6,488,479,0,,,,
5,43,,,,1,0,,2026-03-26,35,721,,,,,,,,Bizon,,931,1,565,0,43,97,0,,,,
36,180,,,,5,0,,2026-03-26,150,4891,,,,,,,,Bizon,,1996,4,1361,2,180,0,0,,,,
54,447,,,,4,0,,2026-03-26,45,1947,,,,,,,,Bizon,,452,3,366,1,447,450,0,,,,
55,393,,,,7,0,,2026-03-26,130,2513,,,,,,,,Bizon,,1034,2,653,10,393,362,0,,,,
25,0,,,,0,0,,2026-03-26,93,0,,,,,,,,Bizon,,0,0,0,0,0,0,0,,,,
41,0,,,,0,0,,2026-03-26,15,0,,,,,,,,Bizon,,0,0,0,0,0,0,0,,,,
63,37,,,,4,0,,2026-03-26,75,1241,,,,,,,,Bizon,,659,3,383,0,37,0,0,,,,
65,361,,,,10,4,,2026-03-26,40,1799,,,,,,,,Bizon,,486,5,407,6,357,392,0,,,,
73,381,,,,11,4,,2026-03-26,69,2757,,,,,,,,Bizon,,234,7,604,5,377,312,0,,,,
12,350,,,,12,0,,2026-03-26,35,865,,,,,,,,Bizon,,384,12,477,0,350,346,0,,,,
79,479,,,,4,0,,2026-03-26,40,3396,,,,,,,,Bizon,,261,2,181,4,479,480,0,,,,
76,373,,,,14,1,,2026-03-26,40,2409,,,,,,,,Bizon,,437,6,172,10,394,401,0,,,,
86,46,,,,2,0,,2026-03-26,40,1753,,,,,,,,Bizon,,106,2,65,0,46,0,0,,,,
85,398,,,,8,1,,2026-03-26,40,2595,,,,,,,,Bizon,,117,6,50,7,397,354,0,,,,
93,32,,,,6,0,,2026-03-26,75,1060,,,,,,,,Bizon,,82,4,68,2,32,0,0,,,,
89,349,,,,5,1,,2026-03-26,35,5896,,,,,,,,Bizon,,26,3,20,2,348,343,0,,,,
67,0,,,,0,0,,2026-03-26,70,6373,,,,,,,,Bizon,,114,0,364,0,0,0,0,,,,
2,483,,,,9,0,,2026-03-26,49,8905,,,,,,,,Bizon,,963,3,514,6,483,490,0,,,,
77,500,,,,19,0,,2026-03-26,50,6387,,,,,,,,Bizon,,111,16,194,4,500,500,0,,,,
28,0,,,,0,0,,2026-03-26,45,0,,,,,,,,Bizon,,180,0,522,0,0,0,0,,,,
95,0,,,,0,0,,2026-03-26,35,0,,,,,,,,Bizon,,0,0,0,0,0,0,0,,,,
94,421,,,,25,2,,2026-03-26,75,3636,,,,,,,,Bizon,,23,3,3,23,419,370,0,,,,
86,205,,,,1,0,,2026-03-27,40,1753,,,,,,,,Bizon,,106,1,66,0,205,0,0,,,,
85,349,,,,10,1,,2026-03-27,40,2595,,,,,,,,Bizon,,125,4,54,8,348,0,0,,,,
73,303,,,,8,2,,2026-03-27,69,2757,,,,,,,,Bizon,,239,4,608,5,301,0,0,,,,
93,305,,,,14,0,,2026-03-27,75,1060,,,,,,,,Bizon,,90,7,75,8,305,0,0,,,,
94,366,,,,18,4,,2026-03-27,75,3636,,,,,,,,Bizon,,39,4,7,16,362,0,0,,,,
36,0,,,,1,0,,2026-03-27,150,4891,,,,,,,,Bizon,,1997,5,1366,1,0,0,0,,,,
89,338,,,,9,6,,2026-03-27,35,5896,,,,,,,,Bizon,,31,4,24,5,332,0,0,,,,
11,332,,,,10,2,,2026-03-27,70,2269,,,,,,,,Bizon,,1583,4,1193,9,330,9,0,,,,
65,367,,,,13,0,,2026-03-27,40,1799,,,,,,,,Bizon,,495,6,413,9,367,0,0,,,,
55,362,,,,8,0,,2026-03-27,130,2513,,,,,,,,Bizon,,1038,4,657,4,362,0,0,,,,
79,480,,,,9,1,,2026-03-27,40,4235,,,,,,,,Bizon,,268,6,187,7,479,0,0,,,,
5,334,,,,2,3,,2026-03-27,35,1370,,,,,,,,Bizon,,934,0,565,3,331,0,0,,,,
25,0,,,,0,0,,2026-03-27,93,0,,,,,,,,Bizon,,0,0,0,0,0,0,0,,,,
41,0,,,,0,0,,2026-03-27,15,0,,,,,,,,Bizon,,0,0,0,0,0,0,0,,,,
63,630,,,,33,1,,2026-03-27,75,1241,,,,,,,,Bizon,,682,11,394,23,629,0,0,,,,
12,346,,,,6,0,,2026-03-27,35,865,,,,,,,,Bizon,,387,4,481,3,346,0,0,,,,
76,373,,,,7,0,,2026-03-27,40,2409,,,,,,,,Bizon,,440,5,177,3,398,0,0,,,,
54,450,,,,3,0,,2026-03-27,45,1947,,,,,,,,Bizon,,454,4,370,2,450,0,0,,,,
95,0,,,,0,0,,2026-03-27,35,0,,,,,,,,Bizon,,0,0,0,0,0,0,0,,,,
67,0,,,,0,0,,2026-03-27,70,6373,,,,,,,,Bizon,,114,0,364,0,0,0,0,,,,
2,486,,,,7,0,,2026-03-27,49,8905,,,,,,,,Bizon,,970,1,515,7,486,0,0,,,,
77,490,,,,25,0,,2026-03-27,50,6387,,,,,,,,Bizon,,115,22,216,4,490,0,0,,,,
28,0,,,,0,0,,2026-03-27,45,0,,,,,,,,Bizon,,180,0,522,0,0,0,0,,,,
86,0,,,,0,0,,2026-03-28,40,1753,,,,,,,,Bizon,,106,0,66,0,0,0,23,,,,
85,0,,,,0,0,,2026-03-28,40,2595,,,,,,,,Bizon,,125,0,54,0,0,0,400,,,,
73,0,,,,0,1,,2026-03-28,69,2757,,,,,,,,Bizon,,239,0,608,0,0,0,390,,,,
93,0,,,,0,0,,2026-03-28,75,1060,,,,,,,,Bizon,,90,0,75,0,0,0,72,,,,
94,0,,,,0,0,,2026-03-28,75,3636,,,,,,,,Bizon,,39,0,7,0,0,0,370,,,,
36,0,,,,0,0,,2026-03-28,150,4891,,,,,,,,Bizon,,1997,0,1366,0,0,0,391,,,,
89,0,,,,1,0,,2026-03-28,35,5896,,,,,,,,Bizon,,31,2,26,0,0,0,350,,,,
11,0,,,,0,0,,2026-03-28,70,2269,,,,,,,,Bizon,,1583,0,1193,0,0,0,350,,,,
65,0,,,,0,0,,2026-03-28,40,1799,,,,,,,,Bizon,,495,1,414,0,0,0,400,,,,
55,0,,,,0,0,,2026-03-28,130,2513,,,,,,,,Bizon,,1038,0,657,0,0,0,430,,,,
79,0,,,,0,0,,2026-03-28,40,4235,,,,,,,,Bizon,,268,0,187,0,0,0,480,,,,
5,0,,,,0,1,,2026-03-28,35,1370,,,,,,,,Bizon,,934,0,565,0,0,0,350,,,,
63,0,,,,0,0,,2026-03-28,75,1241,,,,,,,,Bizon,,682,0,394,0,0,0,525,,,,
12,0,,,,0,0,,2026-03-28,35,865,,,,,,,,Bizon,,387,0,481,0,0,0,131,,,,
76,0,,,,0,0,,2026-03-28,40,2409,,,,,,,,Bizon,,440,0,177,0,0,0,400,,,,
54,0,,,,0,0,,2026-03-28,45,1947,,,,,,,,Bizon,,454,0,370,0,0,0,450,,,,
95,0,,,,0,0,,2026-03-28,35,0,,,,,,,,Bizon,,0,0,0,0,0,0,0,,,,
67,0,,,,0,0,,2026-03-28,70,6373,,,,,,,,Bizon,,114,0,364,0,0,0,0,,,,
2,0,,,,0,0,,2026-03-28,49,8905,,,,,,,,Bizon,,970,0,515,0,0,0,490,,,,
77,0,,,,2,0,,2026-03-28,50,6387,,,,,,,,Bizon,,115,2,218,0,0,0,500,,,,
28,0,,,,0,0,,2026-03-28,45,0,,,,,,,,Bizon,,180,0,522,0,0,0,0,,,,
86,0,,,,0,0,,2026-03-29,40,1753,,,,,,,,Bizon,,106,0,66,0,0,23,0,,,,
85,0,,,,0,0,,2026-03-29,40,2595,,,,,,,,Bizon,,125,0,54,0,0,400,384,,,,
73,0,,,,1,0,,2026-03-29,69,2757,,,,,,,,Bizon,,239,1,609,0,0,390,390,,,,
93,0,,,,0,0,,2026-03-29,75,1060,,,,,,,,Bizon,,90,0,75,0,0,72,0,,,,
94,0,,,,0,0,,2026-03-29,75,3636,,,,,,,,Bizon,,39,0,7,0,0,370,370,,,,
36,0,,,,0,0,,2026-03-29,150,4891,,,,,,,,Bizon,,1997,0,1366,0,0,391,734,,,,
89,0,,,,1,0,,2026-03-29,35,5896,,,,,,,,Bizon,,31,1,27,0,0,350,350,,,,
11,0,,,,0,0,,2026-03-29,70,2269,,,,,,,,Bizon,,1583,0,1193,0,0,350,350,,,,
65,0,,,,0,0,,2026-03-29,40,1799,,,,,,,,Bizon,,495,0,414,0,0,400,400,,,,
55,0,,,,1,0,,2026-03-29,130,2513,,,,,,,,Bizon,,1039,1,658,1,0,430,254,,,,
79,0,,,,0,0,,2026-03-29,40,4235,,,,,,,,Bizon,,268,0,187,0,0,480,480,,,,
5,0,,,,0,0,,2026-03-29,35,1370,,,,,,,,Bizon,,934,0,565,0,0,350,350,,,,
63,0,,,,1,0,,2026-03-29,75,1241,,,,,,,,Bizon,,682,1,395,0,0,525,279,,,,
12,0,,,,0,0,,2026-03-29,35,865,,,,,,,,Bizon,,387,0,481,0,0,131,0,,,,
76,0,,,,0,0,,2026-03-29,40,2409,,,,,,,,Bizon,,440,0,177,0,0,400,203,,,,
54,0,,,,0,0,,2026-03-29,45,1947,,,,,,,,Bizon,,454,0,370,0,0,450,450,,,,
95,0,,,,0,0,,2026-03-29,35,0,,,,,,,,Bizon,,0,0,0,0,0,0,0,,,,
67,0,,,,0,0,,2026-03-29,70,6373,,,,,,,,Bizon,,114,0,364,0,0,0,0,,,,
2,0,,,,0,0,,2026-03-29,49,8905,,,,,,,,Bizon,,970,0,515,0,0,490,490,,,,
77,0,,,,0,0,,2026-03-29,50,6387,,,,,,,,Bizon,,115,0,218,0,0,500,500,,,,
28,0,,,,0,0,,2026-03-29,45,0,,,,,,,,Bizon,,180,0,522,0,0,0,0,,,,
86,23,,,,3,0,,2026-03-30,40,1753,,,,,,,,Bizon,,107,2,68,1,23,0,0,,,,
85,399,,,,9,0,,2026-03-30,40,2595,,,,,,,,Bizon,,131,3,57,6,399,384,174,,,,
73,377,,,,3,1,,2026-03-30,69,2757,,,,,,,,Bizon,,239,3,612,0,376,390,390,,,,
93,72,,,,11,0,,2026-03-30,75,1060,,,,,,,,Bizon,,91,10,85,1,72,0,0,,,,
94,367,,,,25,4,,2026-03-30,75,3636,,,,,,,,Bizon,,58,8,15,19,363,370,340,,,,
36,391,,,,3,0,,2026-03-30,150,4891,,,,,,,,Bizon,,2001,3,1369,4,391,734,178,,,,
89,349,,,,14,0,,2026-03-30,35,5896,,,,,,,,Bizon,,35,11,38,4,349,350,350,,,,
11,304,,,,5,1,,2026-03-30,70,2269,,,,,,,,Bizon,,1589,1,1194,6,303,280,84,,,,
65,358,,,,6,3,,2026-03-30,40,1799,,,,,,,,Bizon,,497,5,419,2,355,400,399,,,,
55,429,,,,5,1,,2026-03-30,130,2513,,,,,,,,Bizon,,1042,3,661,3,428,254,130,,,,
79,474,,,,6,1,,2026-03-30,40,4235,,,,,,,,Bizon,,273,3,190,5,473,480,480,,,,
5,331,,,,4,1,,2026-03-30,35,1370,,,,,,,,Bizon,,941,1,566,7,330,350,350,,,,
63,518,,,,13,0,,2026-03-30,75,1241,,,,,,,,Bizon,,688,7,402,6,518,279,0,,,,
12,131,,,,4,1,,2026-03-30,35,865,,,,,,,,Bizon,,389,3,484,2,130,0,41,,,,
76,326,,,,6,0,,2026-03-30,40,2409,,,,,,,,Bizon,,443,4,181,3,392,203,365,,,,
54,449,,,,4,0,,2026-03-30,45,1947,,,,,,,,Bizon,,455,4,374,1,449,450,373,,,,
95,0,,,,0,0,,2026-03-30,35,0,,,,,,,,Bizon,,0,0,0,0,0,0,0,,,,
67,0,,,,0,0,,2026-03-30,70,6373,,,,,,,,Bizon,,114,0,364,0,0,0,0,,,,
2,483,,,,14,3,,2026-03-30,49,8905,,,,,,,,Bizon,,980,5,520,10,480,490,490,,,,
77,488,,,,20,5,,2026-03-30,50,6387,,,,,,,,Bizon,,131,6,224,16,483,500,500,,,,
28,0,,,,0,0,,2026-03-30,45,0,,,,,,,,Bizon,,180,0,522,0,0,0,0,,,,
86,0,,,,0,0,,2026-03-31,40,1753,,,,,,,,Bizon,,107,0,68,0,0,0,1,,,,
85,379,,,,8,0,,2026-03-31,40,2595,,,,,,,,Bizon,,139,1,58,8,379,174,357,,,,
73,378,,,,17,0,,2026-03-31,69,2757,,,,,,,,Bizon,,245,12,624,6,378,390,390,,,,
93,0,,,,2,0,,2026-03-31,75,1060,,,,,,,,Bizon,,91,3,88,0,0,0,254,,,,
94,372,,,,27,2,,2026-03-31,75,3636,,,,,,,,Bizon,,77,8,23,19,370,362,282,,,,
36,733,,,,5,0,,2026-03-31,150,4891,,,,,,,,Bizon,,2006,9,1378,5,733,178,0,,,,
89,347,,,,4,4,,2026-03-31,35,5896,,,,,,,,Bizon,,39,2,40,4,343,350,350,,,,
11,250,,,,8,2,,2026-03-31,70,2269,,,,,,,,Bizon,,1598,4,1198,9,248,87,1,,,,
65,381,,,,6,0,,2026-03-31,40,1799,,,,,,,,Bizon,,500,4,423,3,381,400,375,,,,
55,254,,,,3,0,,2026-03-31,130,2513,,,,,,,,Bizon,,1044,2,663,2,254,130,503,,,,
79,471,,,,9,0,,2026-03-31,40,4235,,,,,,,,Bizon,,275,8,198,2,471,480,480,,,,
5,345,,,,4,5,,2026-03-31,35,1370,,,,,,,,Bizon,,947,2,568,6,340,350,238,,,,
63,277,,,,5,0,,2026-03-31,75,1241,,,,,,,,Bizon,,690,4,406,2,277,0,0,,,,
12,0,,,,1,0,,2026-03-31,35,865,,,,,,,,Bizon,,389,2,486,0,0,41,0,,,,
76,169,,,,4,0,,2026-03-31,40,2409,,,,,,,,Bizon,,446,3,184,3,203,365,155,,,,
54,448,,,,2,0,,2026-03-31,45,1947,,,,,,,,Bizon,,456,1,375,1,448,423,190,,,,
95,0,,,,0,0,,2026-03-31,35,0,,,,,,,,Bizon,,0,0,0,0,0,0,0,,,,
67,0,,,,0,0,,2026-03-31,70,6373,,,,,,,,Bizon,,114,0,364,0,0,0,0,,,,
2,484,,,,26,3,,2026-03-31,49,8905,,,,,,,,Bizon,,994,16,536,14,481,490,490,,,,
77,491,,,,15,0,,2026-03-31,50,6387,,,,,,,,Bizon,,144,4,228,13,491,500,489,,,,
28,0,,,,0,0,,2026-03-31,45,0,,,,,,,,Bizon,,180,0,522,0,0,0,0,,,,
86,0,,,,0,0,,2026-04-01,80,0,,,,,,,,Bizon,,107,0,68,0,0,1,57,,,,
85,173,,,,5,0,,2026-04-01,80,0,,,,,,,,Bizon,,141,3,61,2,173,357,98,,,,
73,381,,,,5,1,,2026-04-01,69,0,,,,,,,,Bizon,,246,4,628,1,380,390,390,,,,
93,740,,,,21,11,,2026-04-01,75,1014,,,,,,,,Bizon,,105,7,95,14,729,474,269,,,,
94,360,,,,15,0,,2026-04-01,75,0,,,,,,,,Bizon,,84,9,32,7,360,282,2,,,,
36,178,,,,1,1,,2026-04-01,150,0,,,,,,,,Bizon,,2008,0,1378,2,177,0,0,,,,
89,343,,,,8,3,,2026-04-01,35,0,,,,,,,,Bizon,,44,3,43,5,340,350,350,,,,
11,232,,,,10,1,,2026-04-01,70,158,,,,,,,,Bizon,,1607,4,1202,9,231,350,108,,,,
65,390,,,,7,1,,2026-04-01,40,0,,,,,,,,Bizon,,503,4,427,3,389,375,172,,,,
55,129,,,,3,0,,2026-04-01,130,0,,,,,,,,Bizon,,1045,2,665,1,129,503,218,,,,
79,477,,,,2,2,,2026-04-01,40,0,,,,,,,,Bizon,,276,1,199,1,475,480,480,,,,
5,344,,,,5,7,,2026-04-01,35,0,,,,,,,,Bizon,,951,2,570,4,339,238,285,,,,
63,0,,,,1,0,,2026-04-01,0,0,,,,,,,,Bizon,,690,1,407,0,0,0,0,,,,
12,41,,,,0,0,,2026-04-01,35,0,,,,,,,,Bizon,,389,0,486,0,41,0,21,,,,
76,312,,,,3,1,,2026-04-01,40,0,,,,,,,,Bizon,,446,3,187,0,364,155,0,,,,
54,216,,,,0,0,,2026-04-01,0,0,,,,,,,,Bizon,,458,2,377,2,216,0,0,,,,
95,0,,,,0,0,,2026-04-01,35,0,,,,,,,,Bizon,,0,0,0,0,0,0,0,,,,
67,0,,,,0,0,,2026-04-01,70,0,,,,,,,,Bizon,,114,0,364,0,0,0,0,,,,
2,486,,,,24,3,,2026-04-01,49,0,,,,,,,,Bizon,,1003,15,551,9,483,490,490,,,,
77,492,,,,17,6,,2026-04-01,50,0,,,,,,,,Bizon,,154,7,235,10,486,489,495,,,,
28,0,,,,0,0,,2026-04-01,45,0,,,,,,,,Bizon,,180,0,522,0,0,0,0,,,,
86,0,,,,0,0,,2026-04-02,80,0,,,,,,,,Bizon,,107,0,68,0,0,57,0,,,,
85,206,,,,2,0,,2026-04-02,80,0,,,,,,,,Bizon,,141,2,63,0,357,98,0,,,,
73,214,,,,3,0,,2026-04-02,69,0,,,,,,,,Bizon,,248,1,629,2,387,390,0,,,,
93,273,,,,18,0,,2026-04-02,75,1014,,,,,,,,Bizon,,121,3,98,16,472,269,0,,,,
94,144,,,,3,0,,2026-04-02,75,0,,,,,,,,Bizon,,85,2,34,1,273,8,0,,,,
36,0,,,,0,0,,2026-04-02,150,0,,,,,,,,Bizon,,2008,1,1379,0,0,0,0,,,,
89,182,,,,3,1,,2026-04-02,35,0,,,,,,,,Bizon,,46,3,46,2,347,350,0,,,,
11,168,,,,4,3,,2026-04-02,70,158,,,,,,,,Bizon,,1612,0,1202,5,315,113,0,,,,
65,213,,,,3,0,,2026-04-02,40,0,,,,,,,,Bizon,,506,0,427,3,372,172,0,,,,
55,269,,,,2,0,,2026-04-02,130,0,,,,,,,,Bizon,,1049,0,665,4,502,218,0,,,,
79,261,,,,3,0,,2026-04-02,40,0,,,,,,,,Bizon,,276,3,202,0,480,480,0,,,,
5,100,,,,4,2,,2026-04-02,35,0,,,,,,,,Bizon,,952,3,573,1,236,285,0,,,,
63,0,,,,0,0,,2026-04-02,0,0,,,,,,,,Bizon,,690,0,407,0,0,0,0,,,,
12,0,,,,1,0,,2026-04-02,35,0,,,,,,,,Bizon,,389,1,487,0,0,21,0,,,,
76,0,,,,3,0,,2026-04-02,40,0,,,,,,,,Bizon,,449,3,190,3,155,0,0,,,,
54,0,,,,0,0,,2026-04-02,0,0,,,,,,,,Bizon,,458,0,377,0,0,0,0,,,,
95,0,,,,0,0,,2026-04-02,35,0,,,,,,,,Bizon,,0,0,0,0,0,0,0,,,,
67,0,,,,0,0,,2026-04-02,70,0,,,,,,,,Bizon,,114,0,364,0,0,0,0,,,,
2,269,,,,12,2,,2026-04-02,49,0,,,,,,,,Bizon,,1011,7,558,8,486,490,0,,,,
77,262,,,,5,0,,2026-04-02,50,0,,,,,,,,Bizon,,156,3,238,2,483,495,0,,,,
28,0,,,,0,0,,2026-04-02,45,0,,,,,,,,Bizon,,180,0,522,0,0,0,0,,,,
86,229,,,,3,1,,2026-04-07,80,0,,,,,,,,Bizon,,114,70,70,114,228,0,0,,,,
85,153,,,,2,0,,2026-04-07,80,0,,,,,,,,Bizon,,145,72,72,145,153,178,201,,,,
73,390,,,,6,0,,2026-04-07,69,0,,,,,,,,Bizon,,254,641,641,254,390,390,390,,,,
93,746,,,,42,1,,2026-04-07,75,3275,,,,,,,,Bizon,,190,121,121,190,745,750,750,,,,
94,926,,,,47,4,,2026-04-07,75,0,,,,,,,,Bizon,,122,50,50,122,922,940,362,,,,
36,130,,,,2,0,,2026-04-07,150,0,,,,,,,,Bizon,,2010,1387,1387,2010,130,0,0,,,,
89,340,,,,8,0,,2026-04-07,35,0,,,,,,,,Bizon,,53,58,58,53,340,350,350,,,,
11,337,,,,5,1,,2026-04-07,70,158,,,,,,,,Bizon,,1630,1209,1209,1630,336,350,350,,,,
65,17,,,,3,0,,2026-04-07,70,985,,,,,,,,Bizon,,518,433,433,518,17,201,200,,,,
55,0,,,,2,0,,2026-04-07,130,0,,,,,,,,Bizon,,1062,672,672,1062,0,0,0,,,,
79,465,,,,10,5,,2026-04-07,40,0,,,,,,,,Bizon,,304,217,217,304,460,426,0,,,,
5,350,,,,3,0,,2026-04-07,35,0,,,,,,,,Bizon,,964,577,577,964,350,350,345,,,,
12,350,,,,3,0,,2026-04-07,35,2158,,,,,,,,Bizon,,393,495,495,393,350,350,350,,,,
76,0,,,,2,0,,2026-04-07,40,0,,,,,,,,Bizon,,453,194,194,453,0,0,0,,,,
95,0,,,,0,0,,2026-04-07,35,0,,,,,,,,Bizon,,0,0,0,0,0,0,0,,,,
67,0,,,,0,0,,2026-04-07,70,0,,,,,,,,Bizon,,114,364,364,114,0,0,0,,,,
54,0,,,,0,0,,2026-04-07,0,0,,,,,,,,Bizon,,458,377,377,458,0,0,0,,,,
63,0,,,,0,0,,2026-04-07,0,0,,,,,,,,Bizon,,690,407,407,690,0,0,0,,,,
2,488,,,,10,4,,2026-04-07,99,0,,,,,,,,Bizon,,1038,571,571,1038,484,490,489,,,,
77,495,,,,31,0,,2026-04-07,50,0,,,,,,,,Bizon,,180,283,283,180,495,500,500,,,,
28,0,,,,0,0,,2026-04-07,45,0,,,,,,,,Bizon,,180,522,522,180,0,0,0,,,,
86,0,,,,0,0,,2026-04-08,80,0,,,,,,,,Bizon,,114,0,70,0,0,0,0,,,,
85,366,,,,8,0,,2026-04-08,80,0,,,,,,,,Bizon,,147,6,78,2,366,269,148,,,,
73,387,,,,6,1,,2026-04-08,69,0,,,,,,,,Bizon,,255,5,646,1,386,390,390,,,,
93,736,,,,32,3,,2026-04-08,75,3275,,,,,,,,Bizon,,208,19,140,18,733,750,750,,,,
94,924,,,,36,5,,2026-04-08,75,0,,,,,,,,Bizon,,148,15,65,26,919,366,107,,,,
36,971,,,,39,13,,2026-04-08,150,3947,,,,,,,,Bizon,,2040,11,1398,30,958,725,750,,,,
89,346,,,,13,2,,2026-04-08,35,0,,,,,,,,Bizon,,61,6,64,8,344,350,350,,,,
11,331,,,,6,0,,2026-04-08,70,158,,,,,,,,Bizon,,1634,3,1212,4,331,350,350,,,,
65,400,,,,11,3,,2026-04-08,70,1542,,,,,,,,Bizon,,527,2,435,9,397,400,400,,,,
55,0,,,,0,0,,2026-04-08,130,0,,,,,,,,Bizon,,1062,0,672,0,0,0,0,,,,
79,471,,,,11,5,,2026-04-08,40,0,,,,,,,,Bizon,,309,8,225,5,466,477,444,,,,
5,350,,,,5,2,,2026-04-08,35,0,,,,,,,,Bizon,,966,3,580,2,348,346,157,,,,
12,350,,,,6,1,,2026-04-08,35,2158,,,,,,,,Bizon,,395,5,500,2,349,350,350,,,,
76,0,,,,0,0,,2026-04-08,40,0,,,,,,,,Bizon,,453,0,194,0,0,0,0,,,,
95,350,,,,12,8,,2026-04-08,35,973,,,,,,,,Bizon,,10,3,3,10,342,350,272,,,,
67,0,,,,0,0,,2026-04-08,70,0,,,,,,,,Bizon,,114,0,364,0,0,0,0,,,,
54,0,,,,0,0,,2026-04-08,0,0,,,,,,,,Bizon,,458,0,377,0,0,0,0,,,,
63,0,,,,0,0,,2026-04-08,0,0,,,,,,,,Bizon,,690,0,407,0,0,0,0,,,,
2,485,,,,10,0,,2026-04-08,99,0,,,,,,,,Bizon,,1041,8,579,3,485,490,490,,,,
77,494,,,,25,1,,2026-04-08,50,0,,,,,,,,Bizon,,184,24,307,4,493,500,500,,,,
28,0,,,,0,0,,2026-04-08,45,0,,,,,,,,Bizon,,180,0,522,0,0,0,0,,,,
86,0,,,,0,0,,2026-04-09,80,0,,,,,,,,Bizon,,114,0,70,0,0,0,0,,,,
85,265,,,,2,0,,2026-04-09,80,0,,,,,,,,Bizon,,148,2,80,1,265,148,0,,,,
73,686,,,,20,2,,2026-04-09,69,2603,,,,,,,,Bizon,,266,10,656,11,684,690,0,,,,
93,740,,,,28,3,,2026-04-09,75,3275,,,,,,,,Bizon,,223,18,158,15,737,709,0,,,,
94,358,,,,17,4,,2026-04-09,75,0,,,,,,,,Bizon,,161,6,71,13,355,107,0,,,,
36,703,,,,47,9,,2026-04-09,150,3947,,,,,,,,Bizon,,2074,16,1414,34,695,750,0,,,,
89,346,,,,3,0,,2026-04-09,35,0,,,,,,,,Bizon,,61,3,67,0,346,350,0,,,,
11,340,,,,9,0,,2026-04-09,70,158,,,,,,,,Bizon,,1643,3,1215,9,340,350,0,,,,
65,400,,,,9,1,,2026-04-09,70,1542,,,,,,,,Bizon,,532,4,439,5,399,400,0,,,,
55,0,,,,0,0,,2026-04-09,130,0,,,,,,,,Bizon,,1062,0,672,0,0,0,0,,,,
79,458,,,,19,1,,2026-04-09,40,0,,,,,,,,Bizon,,320,13,238,11,458,443,0,,,,
5,345,,,,3,2,,2026-04-09,35,0,,,,,,,,Bizon,,970,2,582,4,343,157,0,,,,
12,349,,,,5,1,,2026-04-09,35,2158,,,,,,,,Bizon,,395,5,505,0,348,350,0,,,,
76,0,,,,0,0,,2026-04-09,40,0,,,,,,,,Bizon,,453,0,194,0,0,0,0,,,,
95,354,,,,14,13,,2026-04-09,35,2318,,,,,,,,Bizon,,21,3,6,11,343,323,0,,,,
67,0,,,,0,0,,2026-04-09,70,0,,,,,,,,Bizon,,114,0,364,0,0,0,0,,,,
54,0,,,,0,0,,2026-04-09,0,0,,,,,,,,Bizon,,458,0,377,0,0,0,0,,,,
63,0,,,,0,0,,2026-04-09,0,0,,,,,,,,Bizon,,690,0,407,0,0,0,0,,,,
2,490,,,,7,3,,2026-04-09,99,0,,,,,,,,Bizon,,1046,4,583,5,487,490,0,,,,
77,489,,,,9,1,,2026-04-09,50,0,,,,,,,,Bizon,,186,8,315,2,488,500,0,,,,
28,0,,,,0,0,,2026-04-09,45,0,,,,,,,,Bizon,,180,0,522,0,0,0,0,,,,
86,35,,,,2,2,,2026-04-10,80,434,,,,,,,,Bizon,,117,1,71,3,33,0,0,,,,
85,144,,,,7,0,,2026-04-10,80,0,,,,,,,,Bizon,,155,3,83,7,144,0,0,,,,
73,688,,,,19,6,,2026-04-10,69,2603,,,,,,,,Bizon,,279,6,662,13,682,0,0,,,,
93,657,,,,39,1,,2026-04-10,75,3275,,,,,,,,Bizon,,252,12,170,29,656,0,0,,,,
94,101,,,,3,1,,2026-04-10,75,0,,,,,,,,Bizon,,165,0,70,4,101,0,0,,,,
36,718,,,,39,6,,2026-04-10,150,3947,,,,,,,,Bizon,,2103,15,1429,29,713,0,0,,,,
89,330,,,,5,3,,2026-04-10,35,0,,,,,,,,Bizon,,65,3,70,4,327,0,0,,,,
11,336,,,,7,0,,2026-04-10,70,158,,,,,,,,Bizon,,1653,3,1218,10,336,0,0,,,,
65,397,,,,4,2,,2026-04-10,70,1542,,,,,,,,Bizon,,533,4,443,1,395,0,0,,,,
55,0,,,,0,0,,2026-04-10,130,0,,,,,,,,Bizon,,1062,0,672,0,0,0,0,,,,
79,0,,,,2,0,,2026-04-10,40,0,,,,,,,,Bizon,,321,1,239,1,0,0,0,,,,
5,157,,,,4,3,,2026-04-10,35,0,,,,,,,,Bizon,,975,1,583,5,156,0,0,,,,
12,350,,,,1,0,,2026-04-10,35,2158,,,,,,,,Bizon,,395,2,507,0,350,0,0,,,,
76,0,,,,0,0,,2026-04-10,40,0,,,,,,,,Bizon,,453,0,194,0,0,0,0,,,,
95,322,,,,9,3,,2026-04-10,35,2318,,,,,,,,Bizon,,30,1,7,9,319,0,0,,,,
67,0,,,,0,0,,2026-04-10,70,0,,,,,,,,Bizon,,114,0,364,0,0,0,0,,,,
54,0,,,,0,0,,2026-04-10,0,0,,,,,,,,Bizon,,458,0,377,0,0,0,0,,,,
63,0,,,,0,0,,2026-04-10,0,0,,,,,,,,Bizon,,690,0,407,0,0,0,0,,,,
2,488,,,,18,8,,2026-04-10,99,0,,,,,,,,Bizon,,1065,1,584,19,480,0,0,,,,
77,491,,,,20,0,,2026-04-10,50,0,,,,,,,,Bizon,,193,14,329,7,491,0,0,,,,
28,0,,,,0,0,,2026-04-10,45,0,,,,,,,,Bizon,,180,0,522,0,0,0,0,,,,
86,0,,,,0,0,,2026-04-11,80,434,,,,,,,,Bizon,,117,0,71,0,0,0,0,,,,
85,0,,,,0,0,,2026-04-11,80,0,,,,,,,,Bizon,,156,0,83,1,0,0,152,,,,
73,0,,,,0,0,,2026-04-11,69,2603,,,,,,,,Bizon,,279,0,662,0,0,0,690,,,,
93,0,,,,1,0,,2026-04-11,75,3275,,,,,,,,Bizon,,252,1,171,0,0,0,750,,,,
94,0,,,,1,0,,2026-04-11,75,0,,,,,,,,Bizon,,165,1,71,0,0,0,750,,,,
36,0,,,,0,0,,2026-04-11,150,3947,,,,,,,,Bizon,,2103,0,1429,0,0,0,750,,,,
89,0,,,,1,0,,2026-04-11,35,0,,,,,,,,Bizon,,65,1,71,0,0,0,350,,,,
11,0,,,,0,0,,2026-04-11,70,158,,,,,,,,Bizon,,1653,0,1218,0,0,0,350,,,,
65,0,,,,0,0,,2026-04-11,70,1542,,,,,,,,Bizon,,533,0,443,0,0,0,400,,,,
55,0,,,,0,0,,2026-04-11,130,0,,,,,,,,Bizon,,1062,0,672,0,0,0,0,,,,
79,0,,,,0,0,,2026-04-11,40,0,,,,,,,,Bizon,,321,0,239,0,0,0,0,,,,
5,0,,,,0,1,,2026-04-11,35,0,,,,,,,,Bizon,,975,0,583,0,0,0,228,,,,
12,0,,,,0,1,,2026-04-11,35,2158,,,,,,,,Bizon,,395,0,507,0,0,0,350,,,,
76,0,,,,0,0,,2026-04-11,40,0,,,,,,,,Bizon,,453,0,194,0,0,0,0,,,,
95,0,,,,0,0,,2026-04-11,35,2318,,,,,,,,Bizon,,30,0,7,0,0,0,350,,,,
67,0,,,,0,0,,2026-04-11,70,0,,,,,,,,Bizon,,114,0,364,0,0,0,0,,,,
54,0,,,,0,0,,2026-04-11,0,0,,,,,,,,Bizon,,458,0,377,0,0,0,0,,,,
63,0,,,,0,0,,2026-04-11,0,0,,,,,,,,Bizon,,690,0,407,0,0,0,0,,,,
2,0,,,,0,0,,2026-04-11,99,0,,,,,,,,Bizon,,1065,0,584,0,0,0,490,,,,
77,0,,,,0,0,,2026-04-11,50,0,,,,,,,,Bizon,,193,0,329,0,0,0,409,,,,
28,0,,,,0,0,,2026-04-11,45,0,,,,,,,,Bizon,,180,0,522,0,0,0,0,,,,
86,0,,,,0,0,,2026-04-12,80,434,,,,,,,,Bizon,,117,0,71,0,0,0,0,,,,
85,0,,,,0,0,,2026-04-12,80,0,,,,,,,,Bizon,,156,0,83,0,0,152,0,,,,
73,0,,,,0,0,,2026-04-12,69,2603,,,,,,,,Bizon,,279,0,662,0,0,690,690,,,,
93,0,,,,0,0,,2026-04-12,75,3275,,,,,,,,Bizon,,252,0,171,0,0,750,679,,,,
94,0,,,,0,0,,2026-04-12,75,0,,,,,,,,Bizon,,165,0,71,0,0,750,749,,,,
36,0,,,,0,0,,2026-04-12,150,3947,,,,,,,,Bizon,,2103,0,1429,0,0,750,750,,,,
89,0,,,,0,0,,2026-04-12,35,0,,,,,,,,Bizon,,65,0,71,0,0,350,350,,,,
11,0,,,,0,0,,2026-04-12,70,158,,,,,,,,Bizon,,1653,0,1218,0,0,350,347,,,,
65,0,,,,0,0,,2026-04-12,70,1542,,,,,,,,Bizon,,533,0,443,0,0,400,400,,,,
55,0,,,,0,0,,2026-04-12,130,0,,,,,,,,Bizon,,1062,0,672,0,0,0,0,,,,
79,0,,,,0,0,,2026-04-12,40,0,,,,,,,,Bizon,,321,0,239,0,0,0,0,,,,
5,0,,,,0,0,,2026-04-12,35,0,,,,,,,,Bizon,,975,0,583,0,0,228,186,,,,
12,0,,,,0,0,,2026-04-12,35,2158,,,,,,,,Bizon,,395,0,507,0,0,350,350,,,,
76,0,,,,0,0,,2026-04-12,40,0,,,,,,,,Bizon,,453,0,194,0,0,0,0,,,,
95,0,,,,0,0,,2026-04-12,35,2318,,,,,,,,Bizon,,30,0,7,0,0,350,350,,,,
67,0,,,,0,0,,2026-04-12,70,0,,,,,,,,Bizon,,114,0,364,0,0,0,0,,,,
54,0,,,,0,0,,2026-04-12,0,0,,,,,,,,Bizon,,458,0,377,0,0,0,0,,,,
63,0,,,,0,0,,2026-04-12,0,0,,,,,,,,Bizon,,690,0,407,0,0,0,0,,,,
2,0,,,,0,0,,2026-04-12,99,0,,,,,,,,Bizon,,1065,0,584,0,0,490,490,,,,
77,0,,,,0,0,,2026-04-12,50,0,,,,,,,,Bizon,,193,0,329,0,0,409,26,,,,
28,0,,,,0,0,,2026-04-12,45,0,,,,,,,,Bizon,,180,0,522,0,0,0,0,,,,
86,393,,,,13,6,,2026-04-13,80,541,,,,,,,,Bizon,,127,5,76,10,387,113,31,,,,
85,151,,,,1,0,,2026-04-13,80,0,,,,,,,,Bizon,,156,1,84,0,151,0,0,,,,
73,687,,,,22,3,,2026-04-13,69,2603,,,,,,,,Bizon,,292,9,671,13,684,690,690,,,,
93,729,,,,30,8,,2026-04-13,150,3275,,,,,,,,Bizon,,277,8,179,25,721,679,696,,,,
94,738,,,,16,0,,2026-04-13,150,0,,,,,,,,Bizon,,174,8,79,9,738,748,544,,,,
36,748,,,,17,7,,2026-04-13,150,3947,,,,,,,,Bizon,,2113,13,1442,10,741,750,750,,,,
89,346,,,,2,1,,2026-04-13,65,0,,,,,,,,Bizon,,65,2,73,0,345,350,350,,,,
11,336,,,,8,3,,2026-04-13,70,158,,,,,,,,Bizon,,1659,6,1224,6,333,356,277,,,,
65,389,,,,8,0,,2026-04-13,70,1542,,,,,,,,Bizon,,537,4,447,4,389,400,400,,,,
55,323,,,,28,3,,2026-04-13,130,1273,,,,,,,,Bizon,,1085,5,677,23,320,450,450,,,,
95,346,,,,10,0,,2026-04-13,35,2318,,,,,,,,Bizon,,38,3,10,8,346,350,350,,,,
79,0,,,,0,0,,2026-04-13,40,0,,,,,,,,Bizon,,321,0,239,0,0,0,0,,,,
5,228,,,,2,0,,2026-04-13,35,0,,,,,,,,Bizon,,975,2,585,0,228,186,135,,,,
12,352,,,,1,0,,2026-04-13,35,2159,,,,,,,,Bizon,,395,6,513,0,352,350,350,,,,
76,0,,,,1,0,,2026-04-13,40,0,,,,,,,,Bizon,,453,1,195,0,0,0,0,,,,
67,0,,,,0,0,,2026-04-13,70,0,,,,,,,,Bizon,,114,0,364,0,0,0,0,,,,
54,0,,,,0,0,,2026-04-13,0,0,,,,,,,,Bizon,,458,0,377,0,0,0,0,,,,
63,0,,,,0,0,,2026-04-13,0,0,,,,,,,,Bizon,,690,0,407,0,0,0,0,,,,
2,488,,,,12,5,,2026-04-13,99,0,,,,,,,,Bizon,,1074,9,593,9,483,490,490,,,,
77,396,,,,15,0,,2026-04-13,50,0,,,,,,,,Bizon,,195,13,342,2,396,26,0,,,,
28,0,,,,0,0,,2026-04-13,45,0,,,,,,,,Bizon,,180,0,522,0,0,0,0,,,,
86,383,,,,8,2,,2026-04-14,80,978,,,,,,,,Bizon,,134,2,78,7,381,387,24,,,,
85,0,,,,2,0,,2026-04-14,80,0,,,,,,,,Bizon,,156,2,86,0,0,0,0,,,,
73,684,,,,13,7,,2026-04-14,69,2603,,,,,,,,Bizon,,303,3,674,11,677,690,690,,,,
93,688,,,,25,0,,2026-04-14,150,3275,,,,,,,,Bizon,,285,19,198,8,688,698,277,,,,
94,743,,,,12,0,,2026-04-14,150,0,,,,,,,,Bizon,,184,7,86,10,743,543,119,,,,
36,744,,,,32,5,,2026-04-14,150,3947,,,,,,,,Bizon,,2129,19,1461,16,739,750,750,,,,
89,338,,,,2,2,,2026-04-14,65,0,,,,,,,,Bizon,,65,2,75,0,336,350,350,,,,
11,330,,,,2,2,,2026-04-14,70,158,,,,,,,,Bizon,,1666,2,1226,7,328,292,232,,,,
65,392,,,,9,4,,2026-04-14,70,1542,,,,,,,,Bizon,,542,4,451,5,388,400,400,,,,
55,339,,,,24,2,,2026-04-14,130,1273,,,,,,,,Bizon,,1104,6,683,19,337,450,450,,,,
95,348,,,,10,1,,2026-04-14,35,2318,,,,,,,,Bizon,,44,8,18,6,347,350,350,,,,
79,0,,,,0,0,,2026-04-14,40,0,,,,,,,,Bizon,,321,0,239,0,0,0,0,,,,
5,186,,,,1,0,,2026-04-14,35,0,,,,,,,,Bizon,,977,0,585,2,186,135,15,,,,
12,354,,,,1,0,,2026-04-14,35,2159,,,,,,,,Bizon,,396,1,514,1,354,354,354,,,,
76,0,,,,0,0,,2026-04-14,40,0,,,,,,,,Bizon,,453,0,195,0,0,0,0,,,,
67,0,,,,0,0,,2026-04-14,70,0,,,,,,,,Bizon,,114,0,364,0,0,0,0,,,,
54,0,,,,0,0,,2026-04-14,0,0,,,,,,,,Bizon,,458,0,377,0,0,0,0,,,,
63,0,,,,0,0,,2026-04-14,0,0,,,,,,,,Bizon,,690,0,407,0,0,0,0,,,,
2,489,,,,10,8,,2026-04-14,99,0,,,,,,,,Bizon,,1078,8,601,4,481,490,490,,,,
77,26,,,,4,0,,2026-04-14,50,0,,,,,,,,Bizon,,195,4,346,0,26,0,448,,,,
28,0,,,,0,0,,2026-04-14,45,0,,,,,,,,Bizon,,180,0,522,0,0,0,0,,,,
86,384,,,,8,0,,2026-04-15,80,1481,,,,,,,,Bizon,,141,2,80,7,385,379,18,,,,
85,0,,,,0,0,,2026-04-15,80,0,,,,,,,,Bizon,,156,0,86,0,0,0,0,,,,
73,681,,,,21,1,,2026-04-15,69,2603,,,,,,,,Bizon,,314,11,685,11,680,690,690,,,,
93,698,,,,20,0,,2026-04-15,150,3275,,,,,,,,Bizon,,297,9,207,12,698,260,676,,,,
94,536,,,,11,0,,2026-04-15,150,0,,,,,,,,Bizon,,193,4,90,9,538,119,337,,,,
36,735,,,,22,5,,2026-04-15,150,3947,,,,,,,,Bizon,,2143,12,1473,14,731,750,744,,,,
89,326,,,,2,1,,2026-04-15,65,0,,,,,,,,Bizon,,66,1,76,1,325,350,350,,,,
11,498,,,,33,17,,2026-04-15,70,1243,,,,,,,,Bizon,,1691,11,1237,25,481,350,350,,,,
65,400,,,,8,4,,2026-04-15,70,1542,,,,,,,,Bizon,,549,2,453,7,396,400,400,,,,
55,398,,,,15,4,,2026-04-15,130,1273,,,,,,,,Bizon,,1117,2,685,13,394,450,450,,,,
95,344,,,,13,5,,2026-04-15,35,2318,,,,,,,,Bizon,,54,3,21,10,341,340,315,,,,
79,0,,,,1,0,,2026-04-15,70,0,,,,,,,,Bizon,,321,1,240,0,0,0,0,,,,
5,135,,,,2,0,,2026-04-15,35,0,,,,,,,,Bizon,,977,2,587,0,135,15,347,,,,
12,354,,,,1,0,,2026-04-15,65,2159,,,,,,,,Bizon,,397,1,515,1,354,354,354,,,,
76,0,,,,0,0,,2026-04-15,40,0,,,,,,,,Bizon,,453,0,195,0,0,0,0,,,,
67,0,,,,0,0,,2026-04-15,70,0,,,,,,,,Bizon,,114,0,364,0,0,0,0,,,,
54,0,,,,0,0,,2026-04-15,0,0,,,,,,,,Bizon,,458,0,377,0,0,0,0,,,,
63,0,,,,0,0,,2026-04-15,0,0,,,,,,,,Bizon,,690,0,407,0,0,0,0,,,,
2,488,,,,11,3,,2026-04-15,99,0,,,,,,,,Bizon,,1084,5,606,6,485,490,490,,,,
77,0,,,,0,0,,2026-04-15,50,2718,,,,,,,,Bizon,,195,0,346,0,0,448,392,,,,
28,0,,,,0,0,,2026-04-15,45,0,,,,,,,,Bizon,,180,0,522,0,0,0,0,,,,
86,395,,,,7,1,,2026-04-16,80,1481,,,,,,,,Bizon,,147,3,83,6,394,390,0,,,,
85,0,,,,0,0,,2026-04-16,80,0,,,,,,,,Bizon,,156,0,86,0,0,0,0,,,,
73,656,,,,12,4,,2026-04-16,69,2603,,,,,,,,Bizon,,326,4,689,12,652,690,0,,,,
93,253,,,,14,1,,2026-04-16,150,3275,,,,,,,,Bizon,,305,7,214,8,253,676,0,,,,
94,58,,,,3,0,,2026-04-16,150,0,,,,,,,,Bizon,,195,2,92,2,58,337,0,,,,
36,737,,,,18,2,,2026-04-16,150,3947,,,,,,,,Bizon,,2154,7,1480,11,735,744,0,,,,
89,339,,,,2,1,,2026-04-16,65,0,,,,,,,,Bizon,,66,2,78,0,338,350,0,,,,
11,328,,,,17,3,,2026-04-16,70,1243,,,,,,,,Bizon,,1702,7,1244,11,326,350,0,,,,
65,389,,,,8,1,,2026-04-16,70,1542,,,,,,,,Bizon,,554,3,456,5,388,400,0,,,,
55,368,,,,14,4,,2026-04-16,130,1273,,,,,,,,Bizon,,1126,6,691,9,364,450,0,,,,
95,350,,,,18,3,,2026-04-16,35,2318,,,,,,,,Bizon,,67,5,26,13,347,305,0,,,,
79,0,,,,0,0,,2026-04-16,70,0,,,,,,,,Bizon,,321,0,240,0,0,0,0,,,,
5,15,,,,0,0,,2026-04-16,35,0,,,,,,,,Bizon,,977,0,587,0,15,347,0,,,,
12,354,,,,4,2,,2026-04-16,65,2159,,,,,,,,Bizon,,400,2,517,3,352,354,0,,,,
76,382,,,,10,2,,2026-04-16,40,2592,,,,,,,,Bizon,,460,3,198,7,380,400,0,,,,
67,0,,,,0,0,,2026-04-16,70,0,,,,,,,,Bizon,,114,0,364,0,0,0,0,,,,
54,0,,,,0,0,,2026-04-16,0,0,,,,,,,,Bizon,,458,0,377,0,0,0,0,,,,
63,0,,,,0,0,,2026-04-16,0,0,,,,,,,,Bizon,,690,0,407,0,0,0,0,,,,
2,489,,,,4,1,,2026-04-16,99,0,,,,,,,,Bizon,,1086,2,608,2,488,490,0,,,,
77,436,,,,15,2,,2026-04-16,50,2718,,,,,,,,Bizon,,205,9,355,10,434,392,0,,,,
28,0,,,,0,0,,2026-04-16,45,0,,,,,,,,Bizon,,180,0,522,0,0,0,0,,,,
86,380,,,,2,2,,2026-04-17,80,1481,,,,,,,,Bizon,,149,2,85,2,378,0,0,,,,
85,0,,,,0,0,,2026-04-17,80,0,,,,,,,,Bizon,,156,0,86,0,0,0,0,,,,
73,677,,,,20,5,,2026-04-17,69,2603,,,,,,,,Bizon,,333,13,702,7,674,0,0,,,,
93,604,,,,21,0,,2026-04-17,150,3275,,,,,,,,Bizon,,314,13,227,9,604,0,0,,,,
94,329,,,,17,0,,2026-04-17,150,0,,,,,,,,Bizon,,208,4,96,13,329,0,0,,,,
36,743,,,,37,2,,2026-04-17,150,3947,,,,,,,,Bizon,,2182,11,1491,28,741,0,0,,,,
89,328,,,,3,7,,2026-04-17,65,0,,,,,,,,Bizon,,71,1,79,5,321,0,0,,,,
11,331,,,,9,5,,2026-04-17,70,1243,,,,,,,,Bizon,,1710,1,1245,8,326,0,0,,,,
65,397,,,,4,3,,2026-04-17,70,1542,,,,,,,,Bizon,,555,3,459,1,394,0,0,,,,
55,425,,,,22,1,,2026-04-17,130,1273,,,,,,,,Bizon,,1142,6,697,16,424,0,0,,,,
95,312,,,,10,1,,2026-04-17,65,2318,,,,,,,,Bizon,,74,4,30,7,311,0,0,,,,
79,0,,,,0,0,,2026-04-17,70,0,,,,,,,,Bizon,,321,0,240,0,0,0,0,,,,
5,347,,,,4,1,,2026-04-17,35,0,,,,,,,,Bizon,,984,1,588,7,346,0,0,,,,
12,353,,,,4,2,,2026-04-17,65,2159,,,,,,,,Bizon,,405,0,517,5,351,0,1,,,,
76,400,,,,11,2,,2026-04-17,70,2592,,,,,,,,Bizon,,466,6,204,6,398,0,0,,,,
67,0,,,,0,0,,2026-04-17,70,0,,,,,,,,Bizon,,114,0,364,0,0,0,0,,,,
54,0,,,,0,0,,2026-04-17,0,0,,,,,,,,Bizon,,458,0,377,0,0,0,0,,,,
63,0,,,,0,0,,2026-04-17,0,0,,,,,,,,Bizon,,690,0,407,0,0,0,0,,,,
2,487,,,,6,1,,2026-04-17,99,0,,,,,,,,Bizon,,1091,2,610,5,486,0,0,,,,
77,375,,,,14,0,,2026-04-17,50,2718,,,,,,,,Bizon,,212,9,364,7,375,0,0,,,,
28,0,,,,0,0,,2026-04-17,45,0,,,,,,,,Bizon,,180,0,522,0,0,0,0,,,,
86,0,,,,0,0,,2026-04-18,80,1481,,,,,,,,Bizon,,149,0,85,0,0,0,400,,,,
85,0,,,,0,0,,2026-04-18,80,0,,,,,,,,Bizon,,156,0,86,0,0,0,4,,,,
73,0,,,,0,0,,2026-04-18,69,2603,,,,,,,,Bizon,,333,1,703,0,0,0,683,,,,
93,0,,,,0,0,,2026-04-18,150,3275,,,,,,,,Bizon,,314,0,227,0,0,0,721,,,,
94,0,,,,0,0,,2026-04-18,150,0,,,,,,,,Bizon,,208,0,96,0,0,0,200,,,,
36,0,,,,0,0,,2026-04-18,150,3947,,,,,,,,Bizon,,2182,0,1491,0,0,0,744,,,,
89,0,,,,0,0,,2026-04-18,65,0,,,,,,,,Bizon,,71,0,79,0,0,0,350,,,,
11,0,,,,0,0,,2026-04-18,70,1243,,,,,,,,Bizon,,1710,0,1245,0,0,0,350,,,,
65,0,,,,0,0,,2026-04-18,70,1542,,,,,,,,Bizon,,555,0,459,0,0,0,400,,,,
55,0,,,,0,1,,2026-04-18,130,1273,,,,,,,,Bizon,,1142,0,697,0,0,0,450,,,,
95,0,,,,0,0,,2026-04-18,65,2318,,,,,,,,Bizon,,74,0,30,0,0,0,350,,,,
79,0,,,,0,0,,2026-04-18,70,0,,,,,,,,Bizon,,321,0,240,0,0,0,0,,,,
5,0,,,,0,0,,2026-04-18,35,0,,,,,,,,Bizon,,984,0,588,0,0,0,345,,,,
12,0,,,,1,0,,2026-04-18,65,2159,,,,,,,,Bizon,,405,1,518,0,0,0,352,,,,
76,0,,,,0,0,,2026-04-18,70,2592,,,,,,,,Bizon,,466,0,204,0,0,0,400,,,,
67,0,,,,0,0,,2026-04-18,70,0,,,,,,,,Bizon,,114,0,364,0,0,0,0,,,,
54,0,,,,0,0,,2026-04-18,0,0,,,,,,,,Bizon,,458,0,377,0,0,0,0,,,,
63,0,,,,0,0,,2026-04-18,0,0,,,,,,,,Bizon,,690,0,407,0,0,0,0,,,,
2,0,,,,0,0,,2026-04-18,99,0,,,,,,,,Bizon,,1091,0,610,0,0,0,490,,,,
77,0,,,,0,0,,2026-04-18,50,2718,,,,,,,,Bizon,,212,0,364,0,0,0,454,,,,
28,0,,,,0,0,,2026-04-18,45,0,,,,,,,,Bizon,,180,0,522,0,0,0,0,,,,
86,0,,,,0,0,,2026-04-19,80,1481,,,,,,,,Bizon,,149,0,85,0,0,400,400,,,,
85,0,,,,0,0,,2026-04-19,80,0,,,,,,,,Bizon,,156,1,87,0,0,4,0,,,,
73,0,,,,0,0,,2026-04-19,69,2603,,,,,,,,Bizon,,333,1,704,0,0,683,590,,,,
93,0,,,,0,0,,2026-04-19,150,3275,,,,,,,,Bizon,,314,0,227,0,0,721,146,,,,
94,0,,,,0,0,,2026-04-19,150,0,,,,,,,,Bizon,,208,0,96,0,0,200,1,,,,
36,0,,,,0,0,,2026-04-19,150,3947,,,,,,,,Bizon,,2182,0,1491,0,0,744,507,,,,
89,0,,,,0,0,,2026-04-19,65,0,,,,,,,,Bizon,,71,0,79,0,0,350,350,,,,
11,0,,,,0,0,,2026-04-19,70,1243,,,,,,,,Bizon,,1710,0,1245,0,0,350,349,,,,
65,0,,,,0,0,,2026-04-19,70,1542,,,,,,,,Bizon,,555,0,459,0,0,400,386,,,,
55,0,,,,0,0,,2026-04-19,130,1273,,,,,,,,Bizon,,1142,0,697,0,0,450,450,,,,
95,0,,,,0,0,,2026-04-19,65,2318,,,,,,,,Bizon,,74,0,30,0,0,350,327,,,,
79,0,,,,0,0,,2026-04-19,70,0,,,,,,,,Bizon,,321,0,240,0,0,0,0,,,,
5,0,,,,0,0,,2026-04-19,35,0,,,,,,,,Bizon,,984,0,588,0,0,345,148,,,,
12,0,,,,0,0,,2026-04-19,65,2159,,,,,,,,Bizon,,405,1,519,0,0,354,354,,,,
76,0,,,,0,0,,2026-04-19,70,2592,,,,,,,,Bizon,,466,0,204,0,0,400,400,,,,
67,0,,,,0,0,,2026-04-19,70,0,,,,,,,,Bizon,,114,0,364,0,0,0,0,,,,
54,0,,,,0,0,,2026-04-19,0,0,,,,,,,,Bizon,,458,0,377,0,0,0,0,,,,
63,0,,,,0,0,,2026-04-19,0,0,,,,,,,,Bizon,,690,0,407,0,0,0,0,,,,
2,0,,,,0,0,,2026-04-19,99,0,,,,,,,,Bizon,,1091,0,610,0,0,490,490,,,,
77,0,,,,0,0,,2026-04-19,50,2718,,,,,,,,Bizon,,212,0,364,0,0,454,16,,,,
28,0,,,,0,0,,2026-04-19,45,0,,,,,,,,Bizon,,180,0,522,0,0,0,0,,,,
86,400,,,,7,0,,2026-04-20,80,1481,,,,,,,,Bizon,,152,4,89,3,400,400,400,,,,
85,392,,,,20,3,,2026-04-20,80,905,,,,,,,,Bizon,,167,9,96,11,389,400,89,,,,
73,671,,,,15,4,,2026-04-20,69,2603,,,,,,,,Bizon,,346,4,708,13,667,590,365,,,,
93,689,,,,18,0,,2026-04-20,150,3275,,,,,,,,Bizon,,322,11,238,8,689,146,0,,,,
94,196,,,,5,0,,2026-04-20,150,0,,,,,,,,Bizon,,211,2,98,3,196,0,0,,,,
36,741,,,,36,0,,2026-04-20,150,3947,,,,,,,,Bizon,,2203,19,1510,21,741,507,710,,,,
89,328,,,,7,9,,2026-04-20,65,0,,,,,,,,Bizon,,78,2,81,7,319,350,350,,,,
11,346,,,,17,1,,2026-04-20,70,1243,,,,,,,,Bizon,,1714,13,1258,4,345,348,343,,,,
65,398,,,,7,4,,2026-04-20,70,1542,,,,,,,,Bizon,,561,2,461,6,394,386,356,,,,
55,441,,,,21,1,,2026-04-20,130,1273,,,,,,,,Bizon,,1154,9,706,12,440,450,450,,,,
95,343,,,,7,0,,2026-04-20,65,2318,,,,,,,,Bizon,,81,5,35,7,343,327,78,,,,
79,0,,,,0,0,,2026-04-20,70,0,,,,,,,,Bizon,,321,0,240,0,0,0,0,,,,
5,345,,,,6,0,,2026-04-20,35,0,,,,,,,,Bizon,,988,2,590,4,345,148,0,,,,
12,352,,,,7,1,,2026-04-20,65,2159,,,,,,,,Bizon,,406,6,525,1,351,354,354,,,,
76,399,,,,8,2,,2026-04-20,70,2592,,,,,,,,Bizon,,472,3,207,6,397,400,400,,,,
67,0,,,,0,0,,2026-04-20,70,0,,,,,,,,Bizon,,114,0,364,0,0,0,0,,,,
54,0,,,,0,0,,2026-04-20,0,0,,,,,,,,Bizon,,458,0,377,0,0,0,0,,,,
63,0,,,,0,0,,2026-04-20,0,0,,,,,,,,Bizon,,690,0,407,0,0,0,0,,,,
2,488,,,,18,2,,2026-04-20,99,0,,,,,,,,Bizon,,1102,8,618,11,486,490,490,,,,
77,444,,,,14,0,,2026-04-20,50,2718,,,,,,,,Bizon,,218,10,374,6,444,16,0,,,,
28,0,,,,0,0,,2026-04-20,45,0,,,,,,,,Bizon,,180,0,522,0,0,0,0,,,,
86,397,,,,2,1,,2026-04-21,80,1481,,,,,,,,Bizon,,155,0,89,3,396,400,400,,,,
85,405,,,,20,3,,2026-04-21,80,3617,,,,,,,,Bizon,,185,3,99,18,402,380,400,,,,
73,577,,,,20,3,,2026-04-21,69,2603,,,,,,,,Bizon,,360,9,717,14,574,365,303,,,,
93,142,,,,8,0,,2026-04-21,150,3275,,,,,,,,Bizon,,326,6,244,4,142,0,71,,,,
94,59,,,,2,1,,2026-04-21,150,0,,,,,,,,Bizon,,211,2,100,0,59,0,371,,,,
36,504,,,,15,0,,2026-04-21,150,3947,,,,,,,,Bizon,,2213,7,1517,10,504,710,750,,,,
89,323,,,,3,6,,2026-04-21,65,0,,,,,,,,Bizon,,81,0,81,3,317,350,350,,,,
11,346,,,,11,1,,2026-04-21,70,1243,,,,,,,,Bizon,,1720,5,1263,6,345,345,89,,,,
65,383,,,,3,6,,2026-04-21,70,1542,,,,,,,,Bizon,,562,3,464,1,377,356,210,,,,
55,440,,,,16,4,,2026-04-21,130,1273,,,,,,,,Bizon,,1164,7,713,10,436,450,444,,,,
95,321,,,,7,0,,2026-04-21,65,2318,,,,,,,,Bizon,,86,3,38,5,321,78,287,,,,
79,0,,,,1,0,,2026-04-21,70,0,,,,,,,,Bizon,,321,1,241,0,0,0,0,,,,
5,148,,,,1,1,,2026-04-21,35,0,,,,,,,,Bizon,,989,0,590,1,148,0,1,,,,
12,353,,,,5,0,,2026-04-21,65,2159,,,,,,,,Bizon,,407,4,529,1,353,354,338,,,,
76,397,,,,6,4,,2026-04-21,70,2592,,,,,,,,Bizon,,476,3,210,4,393,400,400,,,,
67,0,,,,0,0,,2026-04-21,70,0,,,,,,,,Bizon,,114,0,364,0,0,0,0,,,,
54,0,,,,0,0,,2026-04-21,0,0,,,,,,,,Bizon,,458,0,377,0,0,0,0,,,,
63,0,,,,0,0,,2026-04-21,0,0,,,,,,,,Bizon,,690,0,407,0,0,0,0,,,,
2,488,,,,13,2,,2026-04-21,99,0,,,,,,,,Bizon,,1110,6,624,8,486,490,490,,,,
77,16,,,,3,0,,2026-04-21,50,3621,,,,,,,,Bizon,,218,3,377,0,16,0,12,,,,
28,0,,,,0,0,,2026-04-21,45,0,,,,,,,,Bizon,,180,0,522,0,0,0,0,,,,
86,400,,,,3,1,,2026-04-22,80,1481,,,,,,,,Bizon,,156,2,91,1,399,400,400,,,,
85,374,,,,16,15,,2026-04-22,80,3617,,,,,,,,Bizon,,198,5,104,13,359,398,392,,,,
73,358,,,,15,0,,2026-04-22,69,2603,,,,,,,,Bizon,,369,8,725,9,358,303,300,,,,
93,750,,,,7,8,,2026-04-22,150,5649,,,,,,,,Bizon,,332,1,245,6,742,750,750,,,,
94,0,,,,0,0,,2026-04-22,150,0,,,,,,,,Bizon,,211,0,100,0,0,371,557,,,,
36,707,,,,21,1,,2026-04-22,150,3947,,,,,,,,Bizon,,2225,12,1529,12,706,750,720,,,,
89,345,,,,4,4,,2026-04-22,65,0,,,,,,,,Bizon,,86,1,82,5,341,350,350,,,,
11,344,,,,3,0,,2026-04-22,70,1243,,,,,,,,Bizon,,1721,3,1266,1,344,89,0,,,,
65,355,,,,5,0,,2026-04-22,70,1542,,,,,,,,Bizon,,564,3,467,2,355,210,200,,,,
55,442,,,,14,2,,2026-04-22,130,1273,,,,,,,,Bizon,,1174,4,717,10,441,450,450,,,,
95,340,,,,11,14,,2026-04-22,65,2318,,,,,,,,Bizon,,94,8,46,8,326,350,317,,,,
79,0,,,,0,0,,2026-04-22,70,0,,,,,,,,Bizon,,321,0,241,0,0,0,0,,,,
5,0,,,,0,0,,2026-04-22,35,0,,,,,,,,Bizon,,989,0,590,0,0,1,185,,,,
12,350,,,,6,0,,2026-04-22,65,2159,,,,,,,,Bizon,,409,5,534,2,350,329,348,,,,
76,396,,,,6,3,,2026-04-22,70,2592,,,,,,,,Bizon,,480,3,213,4,393,400,400,,,,
67,0,,,,0,0,,2026-04-22,70,0,,,,,,,,Bizon,,114,0,364,0,0,0,0,,,,
54,0,,,,0,0,,2026-04-22,0,0,,,,,,,,Bizon,,458,0,377,0,0,0,0,,,,
63,0,,,,0,0,,2026-04-22,0,0,,,,,,,,Bizon,,690,0,407,0,0,0,0,,,,
2,488,,,,7,0,,2026-04-22,99,0,,,,,,,,Bizon,,1112,6,630,2,488,485,490,,,,
77,0,,,,2,0,,2026-04-22,50,3621,,,,,,,,Bizon,,218,2,379,0,0,12,8,,,,
28,0,,,,0,0,,2026-04-22,45,0,,,,,,,,Bizon,,180,0,522,0,0,0,0,,,,
86,398,,,,4,1,,2026-04-23,80,1481,,,,,,,,Bizon,,160,4,95,4,397,400,0,,,,
85,397,,,,17,11,,2026-04-23,80,3617,,,,,,,,Bizon,,211,4,108,13,386,400,0,,,,
73,291,,,,19,0,,2026-04-23,69,2603,,,,,,,,Bizon,,378,10,735,9,291,300,0,,,,
93,746,,,,8,2,,2026-04-23,150,5649,,,,,,,,Bizon,,335,5,250,3,744,750,0,,,,
94,366,,,,10,0,,2026-04-23,150,0,,,,,,,,Bizon,,219,4,104,8,366,557,0,,,,
36,746,,,,23,3,,2026-04-23,150,3947,,,,,,,,Bizon,,2240,10,1539,15,743,720,0,,,,
89,337,,,,4,2,,2026-04-23,65,0,,,,,,,,Bizon,,86,5,87,0,335,350,0,,,,
11,89,,,,4,0,,2026-04-23,70,1243,,,,,,,,Bizon,,1723,2,1268,2,89,0,0,,,,
65,208,,,,4,0,,2026-04-23,70,1542,,,,,,,,Bizon,,566,2,469,2,208,200,0,,,,
55,443,,,,12,1,,2026-04-23,130,1273,,,,,,,,Bizon,,1181,7,724,7,442,450,0,,,,
95,339,,,,5,3,,2026-04-23,65,2318,,,,,,,,Bizon,,99,1,47,5,336,320,0,,,,
79,0,,,,0,0,,2026-04-23,70,0,,,,,,,,Bizon,,321,0,241,0,0,0,0,,,,
5,1,,,,0,0,,2026-04-23,35,0,,,,,,,,Bizon,,989,0,590,0,1,185,0,,,,
12,328,,,,8,0,,2026-04-23,65,2159,,,,,,,,Bizon,,412,6,540,3,328,348,0,,,,
76,397,,,,9,0,,2026-04-23,70,2592,,,,,,,,Bizon,,484,6,219,4,397,400,0,,,,
67,0,,,,0,0,,2026-04-23,70,0,,,,,,,,Bizon,,114,0,364,0,0,0,0,,,,
54,0,,,,0,0,,2026-04-23,0,0,,,,,,,,Bizon,,458,0,377,0,0,0,0,,,,
63,0,,,,0,0,,2026-04-23,0,0,,,,,,,,Bizon,,690,0,407,0,0,0,0,,,,
2,485,,,,10,3,,2026-04-23,99,0,,,,,,,,Bizon,,1122,0,630,10,482,490,0,,,,
77,12,,,,1,0,,2026-04-23,50,3621,,,,,,,,Bizon,,218,1,380,0,12,8,0,,,,
28,0,,,,0,0,,2026-04-23,45,0,,,,,,,,Bizon,,180,0,522,0,0,0,0,,,,
86,399,,,,7,0,,2026-04-24,80,1481,,,,,,,,Bizon,,164,3,98,4,399,0,0,,,,
85,394,,,,29,12,,2026-04-24,80,3617,,,,,,,,Bizon,,240,4,112,29,382,0,0,,,,
73,291,,,,6,1,,2026-04-24,69,2603,,,,,,,,Bizon,,380,5,740,2,290,0,0,,,,
93,730,,,,19,1,,2026-04-24,150,5649,,,,,,,,Bizon,,347,10,260,12,729,0,0,,,,
94,551,,,,8,0,,2026-04-24,150,0,,,,,,,,Bizon,,225,4,108,6,551,0,0,,,,
36,714,,,,18,1,,2026-04-24,150,3947,,,,,,,,Bizon,,2253,8,1547,13,713,0,0,,,,
89,341,,,,4,3,,2026-04-24,65,0,,,,,,,,Bizon,,90,3,90,4,338,0,0,,,,
11,0,,,,0,0,,2026-04-24,70,1243,,,,,,,,Bizon,,1723,0,1268,0,0,0,0,,,,
65,200,,,,5,0,,2026-04-24,70,1542,,,,,,,,Bizon,,569,5,474,3,200,0,0,,,,
55,426,,,,20,2,,2026-04-24,130,1273,,,,,,,,Bizon,,1195,6,730,14,424,0,0,,,,
95,308,,,,8,2,,2026-04-24,65,2318,,,,,,,,Bizon,,106,1,48,7,306,0,0,,,,
79,0,,,,0,0,,2026-04-24,70,0,,,,,,,,Bizon,,322,0,241,1,0,0,0,,,,
5,185,,,,4,1,,2026-04-24,35,0,,,,,,,,Bizon,,993,0,590,4,184,0,0,,,,
12,350,,,,9,0,,2026-04-24,65,2159,,,,,,,,Bizon,,413,9,549,1,350,0,0,,,,
76,390,,,,10,1,,2026-04-24,70,2592,,,,,,,,Bizon,,490,5,224,6,389,0,0,,,,
67,0,,,,0,0,,2026-04-24,70,0,,,,,,,,Bizon,,114,0,364,0,0,0,0,,,,
54,0,,,,0,0,,2026-04-24,0,0,,,,,,,,Bizon,,458,0,377,0,0,0,0,,,,
63,0,,,,0,0,,2026-04-24,0,0,,,,,,,,Bizon,,690,0,407,0,0,0,0,,,,
2,487,,,,9,1,,2026-04-24,99,0,,,,,,,,Bizon,,1130,3,633,8,486,0,0,,,,
77,8,,,,1,0,,2026-04-24,50,3621,,,,,,,,Bizon,,218,1,381,0,8,0,0,,,,
28,0,,,,0,0,,2026-04-24,45,0,,,,,,,,Bizon,,180,0,522,0,0,0,0,,,,
86,0,,,,0,0,,2026-04-25,80,1481,,,,,,,,Bizon,,164,0,98,0,0,0,392,,,,
85,0,,,,0,0,,2026-04-25,80,3617,,,,,,,,Bizon,,240,0,112,0,0,0,400,,,,
73,0,,,,1,0,,2026-04-25,69,2603,,,,,,,,Bizon,,380,1,741,0,0,0,300,,,,
93,0,,,,0,0,,2026-04-25,150,5649,,,,,,,,Bizon,,347,0,260,0,0,0,750,,,,
94,0,,,,0,0,,2026-04-25,150,0,,,,,,,,Bizon,,225,0,108,0,0,0,526,,,,
36,0,,,,1,0,,2026-04-25,150,3947,,,,,,,,Bizon,,2253,1,1548,0,0,0,750,,,,
89,0,,,,0,0,,2026-04-25,65,0,,,,,,,,Bizon,,91,0,89,1,0,0,350,,,,
11,0,,,,0,0,,2026-04-25,70,1243,,,,,,,,Bizon,,1723,0,1268,0,0,0,58,,,,
65,0,,,,0,0,,2026-04-25,70,1542,,,,,,,,Bizon,,569,0,474,0,0,0,391,,,,
55,0,,,,0,0,,2026-04-25,130,1273,,,,,,,,Bizon,,1195,0,730,0,0,0,449,,,,
95,0,,,,0,0,,2026-04-25,65,2318,,,,,,,,Bizon,,106,0,48,0,0,0,350,,,,
79,0,,,,0,0,,2026-04-25,70,0,,,,,,,,Bizon,,322,0,241,0,0,0,0,,,,
5,0,,,,1,0,,2026-04-25,35,0,,,,,,,,Bizon,,993,1,591,0,0,0,134,,,,
12,0,,,,1,0,,2026-04-25,65,2159,,,,,,,,Bizon,,413,1,550,0,0,0,350,,,,
76,0,,,,0,0,,2026-04-25,70,2592,,,,,,,,Bizon,,490,0,224,0,0,0,400,,,,
67,0,,,,0,0,,2026-04-25,70,0,,,,,,,,Bizon,,114,0,364,0,0,0,0,,,,
54,0,,,,0,0,,2026-04-25,0,0,,,,,,,,Bizon,,458,0,377,0,0,0,0,,,,
63,0,,,,0,0,,2026-04-25,0,0,,,,,,,,Bizon,,690,0,407,0,0,0,0,,,,
2,0,,,,2,0,,2026-04-25,99,0,,,,,,,,Bizon,,1130,2,635,0,0,0,490,,,,
77,0,,,,0,0,,2026-04-25,50,3621,,,,,,,,Bizon,,218,0,381,0,0,0,0,,,,
28,0,,,,0,0,,2026-04-25,45,0,,,,,,,,Bizon,,180,0,522,0,0,0,0,,,,
86,0,,,,0,0,,2026-04-26,80,1481,,,,,,,,Bizon,,164,0,98,0,0,392,192,,,,
85,0,,,,0,0,,2026-04-26,80,3617,,,,,,,,Bizon,,240,0,112,0,0,400,400,,,,
73,0,,,,0,0,,2026-04-26,69,2603,,,,,,,,Bizon,,380,0,741,0,0,300,350,,,,
93,0,,,,0,0,,2026-04-26,150,5649,,,,,,,,Bizon,,347,0,260,0,0,750,750,,,,
94,0,,,,0,0,,2026-04-26,150,0,,,,,,,,Bizon,,225,0,108,0,0,526,3,,,,
36,0,,,,0,0,,2026-04-26,150,3947,,,,,,,,Bizon,,2253,0,1548,0,0,750,320,,,,
89,0,,,,0,0,,2026-04-26,65,0,,,,,,,,Bizon,,91,0,89,0,0,350,350,,,,
11,0,,,,0,0,,2026-04-26,70,1243,,,,,,,,Bizon,,1723,0,1268,0,0,58,0,,,,
65,0,,,,0,0,,2026-04-26,70,1542,,,,,,,,Bizon,,569,0,474,0,0,391,212,,,,
55,0,,,,0,0,,2026-04-26,130,1273,,,,,,,,Bizon,,1195,0,730,0,0,449,271,,,,
95,0,,,,0,0,,2026-04-26,65,2318,,,,,,,,Bizon,,106,0,48,0,0,350,342,,,,
79,0,,,,0,0,,2026-04-26,70,0,,,,,,,,Bizon,,322,0,241,0,0,0,0,,,,
5,0,,,,0,0,,2026-04-26,35,0,,,,,,,,Bizon,,993,0,591,0,0,134,0,,,,
12,0,,,,2,0,,2026-04-26,65,2159,,,,,,,,Bizon,,413,2,552,0,0,350,338,,,,
76,0,,,,0,0,,2026-04-26,70,2592,,,,,,,,Bizon,,490,0,224,0,0,400,400,,,,
67,0,,,,0,0,,2026-04-26,70,0,,,,,,,,Bizon,,114,0,364,0,0,0,0,,,,
54,0,,,,0,0,,2026-04-26,0,0,,,,,,,,Bizon,,458,0,377,0,0,0,0,,,,
63,0,,,,0,0,,2026-04-26,0,0,,,,,,,,Bizon,,690,0,407,0,0,0,0,,,,
2,0,,,,0,0,,2026-04-26,99,0,,,,,,,,Bizon,,1130,0,635,0,0,490,490,,,,
77,0,,,,0,0,,2026-04-26,50,3621,,,,,,,,Bizon,,218,0,381,0,0,0,0,,,,
28,0,,,,0,0,,2026-04-26,45,0,,,,,,,,Bizon,,180,0,522,0,0,0,0,,,,
86,388,,,,11,1,,2026-04-27,80,1481,,,,,,,,Bizon,,166,10,108,2,387,192,17,,,,
85,396,,,,12,3,,2026-04-27,80,3617,,,,,,,,Bizon,,250,3,115,10,393,400,400,,,,
73,297,,,,6,0,,2026-04-27,69,2603,,,,,,,,Bizon,,384,2,743,4,297,350,300,,,,
93,698,,,,19,1,,2026-04-27,150,5649,,,,,,,,Bizon,,356,12,272,9,697,750,750,,,,
94,1269,,,,25,9,,2026-04-27,150,3458,,,,,,,,Bizon,,249,8,116,24,1260,753,750,,,,
36,738,,,,24,1,,2026-04-27,150,3947,,,,,,,,Bizon,,2272,9,1557,19,737,320,0,,,,
89,318,,,,3,1,,2026-04-27,65,0,,,,,,,,Bizon,,93,2,91,2,317,350,350,,,,
11,58,,,,2,0,,2026-04-27,70,1243,,,,,,,,Bizon,,1723,2,1270,0,58,0,0,,,,
65,389,,,,13,0,,2026-04-27,70,1542,,,,,,,,Bizon,,579,4,478,10,389,212,200,,,,
55,440,,,,14,1,,2026-04-27,130,1273,,,,,,,,Bizon,,1202,7,737,7,439,271,327,,,,
95,331,,,,6,1,,2026-04-27,65,2318,,,,,,,,Bizon,,112,1,49,6,330,342,230,,,,
79,400,,,,7,3,,2026-04-27,70,1290,,,,,,,,Bizon,,329,2,243,7,397,400,400,,,,
5,134,,,,1,0,,2026-04-27,35,0,,,,,,,,Bizon,,994,0,591,1,134,0,0,,,,
12,350,,,,5,0,,2026-04-27,65,2159,,,,,,,,Bizon,,415,3,555,2,350,338,100,,,,
76,396,,,,8,1,,2026-04-27,70,2592,,,,,,,,Bizon,,494,5,229,4,395,400,400,,,,
67,0,,,,0,0,,2026-04-27,70,0,,,,,,,,Bizon,,114,0,364,0,0,0,0,,,,
54,0,,,,0,0,,2026-04-27,0,0,,,,,,,,Bizon,,458,0,377,0,0,0,0,,,,
63,0,,,,0,0,,2026-04-27,0,0,,,,,,,,Bizon,,690,0,407,0,0,0,0,,,,
2,484,,,,10,1,,2026-04-27,99,0,,,,,,,,Bizon,,1138,2,637,8,483,490,490,,,,
77,0,,,,1,0,,2026-04-27,50,3621,,,,,,,,Bizon,,218,1,382,0,0,0,0,,,,
28,0,,,,0,0,,2026-04-27,45,0,,,,,,,,Bizon,,180,0,522,0,0,0,0,,,,
100,141,,,,10,2,,2026-04-27,150,827,,,,,,,,Bizon,,8,3,3,8,139,170,170,,,,
86,379,,,,4,1,,2026-04-28,80,1481,,,,,,,,Bizon,,170,4,112,4,378,134,156,,,,
85,398,,,,12,2,,2026-04-28,80,3617,,,,,,,,Bizon,,262,2,117,12,396,400,400,,,,
73,345,,,,10,0,,2026-04-28,69,2603,,,,,,,,Bizon,,389,5,748,5,345,301,300,,,,
93,745,,,,17,5,,2026-04-28,150,5649,,,,,,,,Bizon,,371,4,276,15,740,750,750,,,,
94,753,,,,25,9,,2026-04-28,150,3458,,,,,,,,Bizon,,270,7,123,21,744,750,750,,,,
36,315,,,,12,0,,2026-04-28,150,3947,,,,,,,,Bizon,,2281,5,1562,9,315,0,712,,,,
89,332,,,,1,1,,2026-04-28,65,0,,,,,,,,Bizon,,93,1,92,0,331,350,350,,,,
11,0,,,,0,0,,2026-04-28,70,1243,,,,,,,,Bizon,,1723,0,1270,0,0,0,275,,,,
65,211,,,,6,2,,2026-04-28,70,1542,,,,,,,,Bizon,,582,4,482,3,209,200,396,,,,
55,267,,,,11,0,,2026-04-28,130,1273,,,,,,,,Bizon,,1209,5,742,7,267,326,276,,,,
95,339,,,,6,0,,2026-04-28,65,2318,,,,,,,,Bizon,,117,4,53,5,339,230,334,,,,
79,399,,,,11,2,,2026-04-28,70,1290,,,,,,,,Bizon,,336,5,248,7,397,400,400,,,,
5,0,,,,0,0,,2026-04-28,35,0,,,,,,,,Bizon,,994,0,591,0,0,0,0,,,,
12,338,,,,8,1,,2026-04-28,65,2159,,,,,,,,Bizon,,417,7,562,2,337,100,232,,,,
76,400,,,,4,0,,2026-04-28,70,2592,,,,,,,,Bizon,,497,4,233,3,400,400,400,,,,
100,141,,,,12,0,,2026-04-28,150,827,,,,,,,,Bizon,,17,3,6,9,141,170,170,,,,
67,0,,,,0,0,,2026-04-28,70,0,,,,,,,,Bizon,,114,0,364,0,0,0,0,,,,
54,0,,,,0,0,,2026-04-28,0,0,,,,,,,,Bizon,,458,0,377,0,0,0,0,,,,
63,0,,,,0,0,,2026-04-28,0,0,,,,,,,,Bizon,,690,0,407,0,0,0,0,,,,
2,488,,,,6,4,,2026-04-28,99,0,,,,,,,,Bizon,,1144,2,639,6,484,490,490,,,,
77,243,,,,1,4,,2026-04-28,50,3621,,,,,,,,Bizon,,219,0,382,1,239,250,250,,,,
28,0,,,,0,0,,2026-04-28,45,0,,,,,,,,Bizon,,180,0,522,0,0,0,0,,,,
112,300,,,,8,4,,2026-04-28,150,3848,,,,,,,,Bizon,,4,0,100,4,296,300,300,,,,
100,148,,,,9,0,,2026-04-29,150,827,,,,,,,,Bizon,,25,1,7,8,148,170,146,,,,
86,134,,,,8,0,,2026-04-29,80,1481,,,,,,,,Bizon,,175,3,115,5,134,156,38,,,,
85,398,,,,16,0,,2026-04-29,80,3617,,,,,,,,Bizon,,272,6,123,10,398,400,399,,,,
73,297,,,,2,0,,2026-04-29,69,2603,,,,,,,,Bizon,,391,0,748,2,297,300,282,,,,
93,747,,,,5,3,,2026-04-29,150,5649,,,,,,,,Bizon,,371,5,281,0,744,750,660,,,,
94,748,,,,32,7,,2026-04-29,150,3458,,,,,,,,Bizon,,301,5,128,31,742,750,517,,,,
36,0,,,,3,0,,2026-04-29,150,3947,,,,,,,,Bizon,,2281,3,1565,0,0,712,491,,,,
89,347,,,,3,2,,2026-04-29,65,0,,,,,,,,Bizon,,93,3,95,0,345,350,350,,,,
11,0,,,,0,0,,2026-04-29,70,1243,,,,,,,,Bizon,,1723,0,1270,0,0,275,333,,,,
65,199,,,,9,1,,2026-04-29,70,1542,,,,,,,,Bizon,,583,9,491,1,198,396,318,,,,
55,320,,,,10,0,,2026-04-29,130,1273,,,,,,,,Bizon,,1213,6,748,4,320,276,308,,,,
95,228,,,,3,0,,2026-04-29,65,2318,,,,,,,,Bizon,,118,4,57,1,228,334,315,,,,
79,400,,,,9,1,,2026-04-29,70,1290,,,,,,,,Bizon,,341,4,252,5,399,384,164,,,,
5,0,,,,0,0,,2026-04-29,35,0,,,,,,,,Bizon,,994,0,591,0,0,0,0,,,,
12,100,,,,3,0,,2026-04-29,65,2159,,,,,,,,Bizon,,418,3,565,1,100,232,140,,,,
76,400,,,,7,1,,2026-04-29,70,2592,,,,,,,,Bizon,,500,4,237,3,399,400,395,,,,
112,1025,,,,12,14,,2026-04-29,150,3848,,,,,,,,Bizon,,17,3,103,13,1486,1300,747,,,,
67,0,,,,0,0,,2026-04-29,70,0,,,,,,,,Bizon,,114,0,364,0,0,0,0,,,,
54,0,,,,0,0,,2026-04-29,0,0,,,,,,,,Bizon,,458,0,377,0,0,0,0,,,,
63,0,,,,0,0,,2026-04-29,0,0,,,,,,,,Bizon,,690,0,407,0,0,0,0,,,,
2,484,,,,12,4,,2026-04-29,99,0,,,,,,,,Bizon,,1154,2,641,10,480,490,490,,,,
77,246,,,,5,0,,2026-04-29,50,3621,,,,,,,,Bizon,,224,0,382,5,246,250,175,,,,
28,0,,,,0,0,,2026-04-29,45,0,,,,,,,,Bizon,,180,0,522,0,0,0,0,,,,
100,127,,,,21,0,,2026-04-30,150,827,,,,,,,,Bizon,,41,5,12,16,127,146,0,,,,
112,922,,,,14,13,,2026-04-30,150,3848,,,,,,,,Bizon,,36,3,106,19,1289,747,0,,,,
86,156,,,,5,0,,2026-04-30,80,1481,,,,,,,,Bizon,,179,3,118,4,156,38,0,,,,
85,398,,,,10,3,,2026-04-30,80,3617,,,,,,,,Bizon,,282,2,125,10,395,400,0,,,,
73,292,,,,7,1,,2026-04-30,69,2603,,,,,,,,Bizon,,394,4,752,3,291,282,0,,,,
93,737,,,,22,1,,2026-04-30,150,5649,,,,,,,,Bizon,,385,9,290,14,736,660,0,,,,
94,748,,,,21,10,,2026-04-30,150,3458,,,,,,,,Bizon,,321,4,132,20,738,517,0,,,,
36,710,,,,28,0,,2026-04-30,150,3947,,,,,,,,Bizon,,2305,10,1575,24,710,490,0,,,,
89,344,,,,4,2,,2026-04-30,65,0,,,,,,,,Bizon,,97,3,98,4,342,350,0,,,,
11,272,,,,24,0,,2026-04-30,70,1243,,,,,,,,Bizon,,1740,9,1279,17,272,333,0,,,,
65,389,,,,10,1,,2026-04-30,70,1542,,,,,,,,Bizon,,592,2,493,9,388,323,0,,,,
55,274,,,,18,0,,2026-04-30,130,1273,,,,,,,,Bizon,,1228,3,751,15,274,308,0,,,,
95,327,,,,9,0,,2026-04-30,65,2318,,,,,,,,Bizon,,127,5,62,9,327,314,0,,,,
79,384,,,,8,1,,2026-04-30,70,1290,,,,,,,,Bizon,,348,1,253,7,383,164,0,,,,
5,0,,,,0,0,,2026-04-30,35,0,,,,,,,,Bizon,,994,0,591,0,0,0,0,,,,
12,232,,,,6,0,,2026-04-30,65,2159,,,,,,,,Bizon,,420,4,569,2,232,140,0,,,,
76,398,,,,23,2,,2026-04-30,70,2592,,,,,,,,Bizon,,523,3,240,23,396,400,0,,,,
67,0,,,,0,0,,2026-04-30,70,0,,,,,,,,Bizon,,114,0,364,0,0,0,0,,,,
54,0,,,,0,0,,2026-04-30,0,0,,,,,,,,Bizon,,458,0,377,0,0,0,0,,,,
63,0,,,,0,0,,2026-04-30,0,0,,,,,,,,Bizon,,690,0,407,0,0,0,0,,,,
2,487,,,,15,1,,2026-04-30,99,0,,,,,,,,Bizon,,1166,6,647,12,486,490,0,,,,
77,247,,,,11,3,,2026-04-30,50,3621,,,,,,,,Bizon,,233,3,385,9,244,175,0,,,,
28,0,,,,0,0,,2026-04-30,45,0,,,,,,,,Bizon,,180,0,522,0,0,0,0,,,,
100,113,,,,20,0,,2026-05-01,150,0,,,,,,,,Bizon,,61,0,12,20,113,0,0,,,,
112,525,,,,6,3,,2026-05-01,150,0,,,,,,,,Bizon,,52,5,111,16,744,0,0,,,,
86,37,,,,0,0,,2026-05-01,80,0,,,,,,,,Bizon,,179,0,118,0,37,0,0,,,,
85,392,,,,12,3,,2026-05-01,80,0,,,,,,,,Bizon,,294,1,126,12,389,0,0,,,,
73,272,,,,4,0,,2026-05-01,69,0,,,,,,,,Bizon,,398,0,752,4,272,0,0,,,,
93,660,,,,6,0,,2026-05-01,150,0,,,,,,,,Bizon,,393,0,290,8,660,0,0,,,,
94,517,,,,12,3,,2026-05-01,150,0,,,,,,,,Bizon,,330,3,135,9,514,0,0,,,,
36,489,,,,16,2,,2026-05-01,150,0,,,,,,,,Bizon,,2324,3,1578,19,487,0,0,,,,
89,347,,,,0,0,,2026-05-01,65,0,,,,,,,,Bizon,,99,0,98,2,347,0,0,,,,
11,333,,,,7,0,,2026-05-01,70,0,,,,,,,,Bizon,,1747,0,1279,7,333,0,0,,,,
65,320,,,,8,0,,2026-05-01,70,0,,,,,,,,Bizon,,599,4,497,7,320,0,0,,,,
55,308,,,,19,0,,2026-05-01,130,0,,,,,,,,Bizon,,1246,2,753,18,308,0,0,,,,
95,308,,,,7,0,,2026-05-01,65,0,,,,,,,,Bizon,,137,0,62,10,308,0,0,,,,
79,164,,,,3,2,,2026-05-01,70,0,,,,,,,,Bizon,,351,1,254,3,162,0,0,,,,
5,0,,,,0,0,,2026-05-01,35,0,,,,,,,,Bizon,,994,1,592,0,0,0,0,,,,
12,139,,,,1,0,,2026-05-01,65,0,,,,,,,,Bizon,,423,0,569,3,139,0,0,,,,
76,396,,,,14,5,,2026-05-01,70,0,,,,,,,,Bizon,,539,0,240,16,391,0,0,,,,
67,0,,,,0,0,,2026-05-01,70,0,,,,,,,,Bizon,,114,0,364,0,0,0,0,,,,
54,0,,,,0,0,,2026-05-01,0,0,,,,,,,,Bizon,,458,0,377,0,0,0,0,,,,
63,0,,,,0,0,,2026-05-01,0,0,,,,,,,,Bizon,,690,0,407,0,0,0,0,,,,
2,487,,,,7,2,,2026-05-01,99,0,,,,,,,,Bizon,,1174,1,648,8,485,0,0,,,,
77,174,,,,4,1,,2026-05-01,50,0,,,,,,,,Bizon,,237,0,385,4,173,0,0,,,,
28,0,,,,0,0,,2026-05-01,45,0,,,,,,,,Bizon,,180,0,522,0,0,0,0,,,,
100,0,,,,0,0,,2026-05-02,150,0,,,,,,,,Bizon,,61,0,12,0,0,0,170,,,,
112,0,,,,0,0,,2026-05-02,150,0,,,,,,,,Bizon,,54,0,111,2,0,0,1460,,,,
86,0,,,,0,0,,2026-05-02,80,0,,,,,,,,Bizon,,179,0,118,0,0,0,400,,,,
85,0,,,,1,0,,2026-05-02,80,0,,,,,,,,Bizon,,294,1,127,0,0,0,400,,,,
73,0,,,,0,0,,2026-05-02,69,0,,,,,,,,Bizon,,398,0,752,0,0,0,300,,,,
93,0,,,,0,0,,2026-05-02,150,0,,,,,,,,Bizon,,393,0,290,0,0,0,716,,,,
94,0,,,,0,0,,2026-05-02,150,0,,,,,,,,Bizon,,330,0,135,0,0,0,750,,,,
36,0,,,,0,0,,2026-05-02,150,0,,,,,,,,Bizon,,2324,0,1578,0,0,0,750,,,,
89,0,,,,0,0,,2026-05-02,65,0,,,,,,,,Bizon,,99,0,98,0,0,0,350,,,,
11,0,,,,1,0,,2026-05-02,70,0,,,,,,,,Bizon,,1747,1,1280,0,0,0,345,,,,
65,0,,,,0,0,,2026-05-02,70,0,,,,,,,,Bizon,,599,0,497,0,0,0,353,,,,
55,0,,,,0,0,,2026-05-02,130,0,,,,,,,,Bizon,,1246,0,753,0,0,0,450,,,,
95,0,,,,0,0,,2026-05-02,65,0,,,,,,,,Bizon,,137,0,62,0,0,0,91,,,,
79,0,,,,0,0,,2026-05-02,70,0,,,,,,,,Bizon,,351,0,254,0,0,0,400,,,,
5,0,,,,0,0,,2026-05-02,35,0,,,,,,,,Bizon,,994,1,593,0,0,0,0,,,,
12,0,,,,0,0,,2026-05-02,65,0,,,,,,,,Bizon,,423,0,569,0,0,0,350,,,,
76,0,,,,0,0,,2026-05-02,70,0,,,,,,,,Bizon,,539,0,240,0,0,0,400,,,,
67,0,,,,0,0,,2026-05-02,70,0,,,,,,,,Bizon,,114,0,364,0,0,0,0,,,,
54,0,,,,0,0,,2026-05-02,0,0,,,,,,,,Bizon,,458,0,377,0,0,0,0,,,,
63,0,,,,0,0,,2026-05-02,0,0,,,,,,,,Bizon,,690,0,407,0,0,0,0,,,,
2,0,,,,0,0,,2026-05-02,99,0,,,,,,,,Bizon,,1174,0,648,0,0,0,490,,,,
77,0,,,,0,1,,2026-05-02,50,0,,,,,,,,Bizon,,237,0,385,0,0,0,250,,,,
28,0,,,,0,0,,2026-05-02,45,0,,,,,,,,Bizon,,180,0,522,0,0,0,0,,,,
100,0,,,,0,0,,2026-05-03,150,0,,,,,,,,Bizon,,61,0,12,0,0,170,170,,,,
112,0,,,,0,0,,2026-05-03,150,0,,,,,,,,Bizon,,54,0,111,0,0,1460,1457,,,,
86,0,,,,0,0,,2026-05-03,80,0,,,,,,,,Bizon,,179,0,118,0,0,400,168,,,,
85,0,,,,0,0,,2026-05-03,80,0,,,,,,,,Bizon,,294,0,127,0,0,400,400,,,,
73,0,,,,0,0,,2026-05-03,69,0,,,,,,,,Bizon,,398,0,752,0,0,300,300,,,,
93,0,,,,0,0,,2026-05-03,150,0,,,,,,,,Bizon,,393,0,290,0,0,716,235,,,,
94,0,,,,1,0,,2026-05-03,150,0,,,,,,,,Bizon,,330,1,136,0,0,750,750,,,,
36,0,,,,0,0,,2026-05-03,150,0,,,,,,,,Bizon,,2324,1,1579,0,0,750,750,,,,
89,0,,,,0,0,,2026-05-03,65,0,,,,,,,,Bizon,,99,0,98,0,0,350,350,,,,
11,0,,,,0,0,,2026-05-03,70,0,,,,,,,,Bizon,,1747,0,1280,0,0,345,80,,,,
65,0,,,,0,0,,2026-05-03,70,0,,,,,,,,Bizon,,599,0,497,0,0,353,207,,,,
55,0,,,,0,0,,2026-05-03,130,0,,,,,,,,Bizon,,1246,2,755,0,0,450,377,,,,
95,0,,,,0,0,,2026-05-03,65,0,,,,,,,,Bizon,,137,0,62,0,0,91,0,,,,
79,0,,,,0,0,,2026-05-03,70,0,,,,,,,,Bizon,,351,0,254,0,0,400,400,,,,
5,0,,,,0,0,,2026-05-03,35,0,,,,,,,,Bizon,,994,0,593,0,0,0,0,,,,
12,0,,,,0,0,,2026-05-03,65,0,,,,,,,,Bizon,,423,0,569,0,0,350,207,,,,
76,0,,,,0,0,,2026-05-03,70,0,,,,,,,,Bizon,,539,0,240,0,0,400,400,,,,
67,0,,,,0,0,,2026-05-03,70,0,,,,,,,,Bizon,,114,0,364,0,0,0,0,,,,
54,0,,,,0,0,,2026-05-03,0,0,,,,,,,,Bizon,,458,0,377,0,0,0,0,,,,
63,0,,,,0,0,,2026-05-03,0,0,,,,,,,,Bizon,,690,0,407,0,0,0,0,,,,
2,0,,,,0,0,,2026-05-03,99,0,,,,,,,,Bizon,,1174,0,648,0,0,490,490,,,,
77,0,,,,0,0,,2026-05-03,50,0,,,,,,,,Bizon,,237,0,385,0,0,250,250,,,,
28,0,,,,0,0,,2026-05-03,45,0,,,,,,,,Bizon,,180,0,522,0,0,0,0,,,,
100,145,,,,17,1,,2026-05-04,150,0,,,,,,,,Bizon,,71,7,19,10,144,170,170,,,,
112,1047,,,,6,2,,2026-05-04,150,0,,,,,,,,Bizon,,58,3,114,4,1458,1457,815,,,,
86,381,,,,3,0,,2026-05-04,80,0,,,,,,,,Bizon,,181,2,120,2,381,168,0,,,,
85,398,,,,16,3,,2026-05-04,80,0,,,,,,,,Bizon,,307,8,135,13,395,400,400,,,,
73,682,,,,22,6,,2026-05-04,69,1778,,,,,,,,Bizon,,412,10,762,14,676,690,652,,,,
93,715,,,,9,0,,2026-05-04,150,0,,,,,,,,Bizon,,395,7,297,2,715,235,26,,,,
94,730,,,,14,1,,2026-05-04,150,0,,,,,,,,Bizon,,338,10,146,8,729,750,750,,,,
36,747,,,,15,0,,2026-05-04,150,0,,,,,,,,Bizon,,2334,12,1591,10,747,750,381,,,,
89,344,,,,7,1,,2026-05-04,65,0,,,,,,,,Bizon,,100,9,107,1,343,350,350,,,,
11,343,,,,13,0,,2026-05-04,70,0,,,,,,,,Bizon,,1751,9,1289,4,343,80,0,,,,
65,348,,,,6,1,,2026-05-04,70,0,,,,,,,,Bizon,,602,3,500,3,347,207,197,,,,
55,439,,,,17,1,,2026-05-04,130,0,,,,,,,,Bizon,,1259,6,761,13,438,377,10,,,,
95,90,,,,4,0,,2026-05-04,65,760,,,,,,,,Bizon,,139,2,64,2,90,0,0,,,,
79,400,,,,7,0,,2026-05-04,70,0,,,,,,,,Bizon,,355,4,258,4,400,400,400,,,,
5,0,,,,0,0,,2026-05-04,35,0,,,,,,,,Bizon,,994,0,593,0,0,0,0,,,,
12,350,,,,8,0,,2026-05-04,65,0,,,,,,,,Bizon,,430,4,573,7,350,206,1,,,,
76,398,,,,15,1,,2026-05-04,70,0,,,,,,,,Bizon,,545,12,252,6,397,400,400,,,,
67,0,,,,0,0,,2026-05-04,70,0,,,,,,,,Bizon,,114,0,364,0,0,0,0,,,,
54,0,,,,0,0,,2026-05-04,0,0,,,,,,,,Bizon,,458,0,377,0,0,0,0,,,,
63,0,,,,0,0,,2026-05-04,0,0,,,,,,,,Bizon,,690,0,407,0,0,0,0,,,,
2,489,,,,9,2,,2026-05-04,99,0,,,,,,,,Bizon,,1180,4,652,6,487,490,490,,,,
77,250,,,,1,0,,2026-05-04,50,0,,,,,,,,Bizon,,237,1,386,0,250,250,250,,,,
28,0,,,,0,0,,2026-05-04,45,0,,,,,,,,Bizon,,180,0,522,0,0,0,0,,,,
99,340,,,,29,7,,2026-05-04,35,0,,,,,,,,Bizon,,24,6,6,24,333,350,350,,,,
100,143,,,,8,0,,2026-05-05,150,0,,,,,,,,Bizon,,77,3,22,6,143,168,81,,,,
112,1036,,,,9,2,,2026-05-05,150,4062,,,,,,,,Bizon,,67,6,120,9,1456,815,0,,,,
86,0,,,,1,0,,2026-05-05,80,0,,,,,,,,Bizon,,181,1,121,0,168,0,71,,,,
85,0,,,,0,0,,2026-05-05,80,0,,,,,,,,Bizon,,307,0,135,0,400,400,400,,,,
73,390,,,,6,2,,2026-05-05,69,1778,,,,,,,,Bizon,,417,4,766,5,389,390,390,,,,
93,235,,,,3,0,,2026-05-05,150,0,,,,,,,,Bizon,,397,2,299,2,235,26,0,,,,
94,750,,,,21,1,,2026-05-05,150,0,,,,,,,,Bizon,,350,11,157,12,749,750,749,,,,
36,747,,,,18,2,,2026-05-05,150,0,,,,,,,,Bizon,,2344,8,1599,10,745,381,0,,,,
89,334,,,,6,0,,2026-05-05,65,0,,,,,,,,Bizon,,104,3,110,4,334,350,350,,,,
11,80,,,,4,0,,2026-05-05,70,0,,,,,,,,Bizon,,1753,2,1291,2,80,0,58,,,,
99,308,,,,22,12,,2026-05-05,35,0,,,,,,,,Bizon,,42,4,10,18,296,350,350,,,,
65,206,,,,3,1,,2026-05-05,70,0,,,,,,,,Bizon,,604,1,501,2,205,197,198,,,,
55,377,,,,13,0,,2026-05-05,130,0,,,,,,,,Bizon,,1270,3,764,11,377,10,394,,,,
95,300,,,,12,7,,2026-05-05,65,1408,,,,,,,,Bizon,,150,2,66,11,293,300,301,,,,
79,400,,,,5,0,,2026-05-05,70,0,,,,,,,,Bizon,,361,1,259,6,400,400,397,,,,
5,0,,,,0,0,,2026-05-05,35,0,,,,,,,,Bizon,,994,0,593,0,0,0,0,,,,
12,206,,,,9,0,,2026-05-05,65,0,,,,,,,,Bizon,,432,9,582,2,206,1,216,,,,
76,398,,,,11,0,,2026-05-05,70,0,,,,,,,,Bizon,,550,8,260,5,398,400,400,,,,
67,0,,,,0,0,,2026-05-05,70,0,,,,,,,,Bizon,,114,0,364,0,0,0,0,,,,
54,0,,,,0,0,,2026-05-05,0,0,,,,,,,,Bizon,,458,0,377,0,0,0,0,,,,
63,0,,,,0,0,,2026-05-05,0,0,,,,,,,,Bizon,,690,0,407,0,0,0,0,,,,
2,489,,,,8,0,,2026-05-05,99,0,,,,,,,,Bizon,,1185,3,655,5,489,490,490,,,,
77,250,,,,3,1,,2026-05-05,50,0,,,,,,,,Bizon,,238,2,388,1,249,250,130,,,,
28,0,,,,0,0,,2026-05-05,45,0,,,,,,,,Bizon,,180,0,522,0,0,0,0,,,,
100,146,,,,14,0,,2026-05-06,150,20,,,,,,,,Bizon,,85,6,28,8,146,92,8,,,,
112,1116,,,,6,4,,2026-05-06,150,4062,,,,,,,,Bizon,,76,3,123,9,1496,1500,1500,,,,
73,387,,,,7,2,,2026-05-06,69,1778,,,,,,,,Bizon,,423,2,768,6,385,390,390,,,,
93,618,,,,3,0,,2026-05-06,150,4784,,,,,,,,Bizon,,401,0,299,4,618,750,750,,,,
94,735,,,,13,1,,2026-05-06,150,0,,,,,,,,Bizon,,361,4,161,11,734,749,301,,,,
36,379,,,,9,1,,2026-05-06,150,0,,,,,,,,Bizon,,2350,5,1604,6,378,0,44,,,,
89,602,,,,7,3,,2026-05-06,65,2007,,,,,,,,Bizon,,108,6,116,4,599,650,650,,,,
11,0,,,,0,0,,2026-05-06,70,0,,,,,,,,Bizon,,1753,1,1292,0,0,58,0,,,,
99,315,,,,19,5,,2026-05-06,35,0,,,,,,,,Bizon,,54,7,17,12,310,350,350,,,,
65,192,,,,4,1,,2026-05-06,70,0,,,,,,,,Bizon,,605,3,504,1,191,198,196,,,,
55,10,,,,0,0,,2026-05-06,130,0,,,,,,,,Bizon,,1270,0,764,0,10,394,249,,,,
95,300,,,,6,7,,2026-05-06,65,1408,,,,,,,,Bizon,,156,0,66,6,293,300,48,,,,
79,582,,,,11,2,,2026-05-06,70,231,,,,,,,,Bizon,,368,4,263,7,580,534,224,,,,
5,0,,,,0,0,,2026-05-06,35,0,,,,,,,,Bizon,,994,0,593,0,0,0,0,,,,
12,1,,,,0,0,,2026-05-06,65,0,,,,,,,,Bizon,,432,0,582,0,1,216,108,,,,
76,400,,,,9,0,,2026-05-06,70,0,,,,,,,,Bizon,,556,5,265,6,400,400,400,,,,
67,0,,,,0,0,,2026-05-06,70,0,,,,,,,,Bizon,,114,0,364,0,0,0,0,,,,
54,0,,,,0,0,,2026-05-06,0,0,,,,,,,,Bizon,,458,0,377,0,0,0,0,,,,
63,0,,,,0,0,,2026-05-06,0,0,,,,,,,,Bizon,,690,0,407,0,0,0,0,,,,
2,488,,,,11,0,,2026-05-06,99,0,,,,,,,,Bizon,,1192,5,660,7,488,490,490,,,,
77,250,,,,15,0,,2026-05-06,50,0,,,,,,,,Bizon,,244,9,397,6,250,130,0,,,,
28,0,,,,0,0,,2026-05-06,45,0,,,,,,,,Bizon,,180,0,522,0,0,0,0,,,,
100,126,,,,12,0,,2026-05-07,150,143,,,,,,,,Bizon,,91,6,34,6,126,75,0,,,,
112,1263,,,,21,22,,2026-05-07,150,4062,,,,,,,,Bizon,,96,3,126,20,1480,1500,0,,,,
73,390,,,,6,4,,2026-05-07,69,1778,,,,,,,,Bizon,,425,4,772,2,386,390,0,,,,
93,739,,,,6,0,,2026-05-07,150,4784,,,,,,,,Bizon,,406,2,301,5,739,750,0,,,,
94,743,,,,5,0,,2026-05-07,150,0,,,,,,,,Bizon,,362,4,165,1,743,301,0,,,,
36,749,,,,20,1,,2026-05-07,150,4977,,,,,,,,Bizon,,2362,13,1617,12,748,794,0,,,,
89,610,,,,4,2,,2026-05-07,65,2007,,,,,,,,Bizon,,111,1,117,3,608,650,0,,,,
11,336,,,,10,4,,2026-05-07,70,420,,,,,,,,Bizon,,1764,3,1295,11,332,350,0,,,,
99,305,,,,12,12,,2026-05-07,35,0,,,,,,,,Bizon,,64,4,21,10,293,350,0,,,,
65,196,,,,3,0,,2026-05-07,70,0,,,,,,,,Bizon,,608,0,504,3,196,196,0,,,,
55,388,,,,16,0,,2026-05-07,130,0,,,,,,,,Bizon,,1279,8,772,9,388,249,0,,,,
95,300,,,,5,5,,2026-05-07,65,1408,,,,,,,,Bizon,,159,2,68,3,295,48,0,,,,
79,702,,,,25,3,,2026-05-07,70,1326,,,,,,,,Bizon,,389,7,270,21,699,700,0,,,,
5,0,,,,0,0,,2026-05-07,35,0,,,,,,,,Bizon,,994,0,593,0,0,0,0,,,,
12,216,,,,4,1,,2026-05-07,65,0,,,,,,,,Bizon,,433,3,585,1,215,108,0,,,,
76,398,,,,9,0,,2026-05-07,70,0,,,,,,,,Bizon,,562,4,269,6,398,400,0,,,,
67,0,,,,0,0,,2026-05-07,70,0,,,,,,,,Bizon,,114,0,364,0,0,0,0,,,,
54,0,,,,0,0,,2026-05-07,0,0,,,,,,,,Bizon,,458,0,377,0,0,0,0,,,,
63,0,,,,0,0,,2026-05-07,0,0,,,,,,,,Bizon,,690,0,407,0,0,0,0,,,,
2,488,,,,14,3,,2026-05-07,99,0,,,,,,,,Bizon,,1201,7,667,9,485,490,0,,,,
77,129,,,,5,0,,2026-05-07,50,0,,,,,,,,Bizon,,245,4,401,1,129,0,0,,,,
28,0,,,,0,0,,2026-05-07,45,0,,,,,,,,Bizon,,180,0,522,0,0,0,0,,,,
100,68,,,,2,1,,2026-05-08,150,143,,,,,,,,Bizon,,91,2,36,0,67,0,0,,,,
112,1244,,,,16,15,,2026-05-08,150,4062,,,,,,,,Bizon,,116,0,126,20,1485,0,0,,,,
73,390,,,,7,4,,2026-05-08,69,1778,,,,,,,,Bizon,,427,6,778,2,386,0,0,,,,
93,750,,,,3,0,,2026-05-08,150,4784,,,,,,,,Bizon,,408,1,302,2,750,0,0,,,,
94,31,,,,2,0,,2026-05-08,150,0,,,,,,,,Bizon,,362,2,167,0,31,0,0,,,,
36,793,,,,31,6,,2026-05-08,150,4977,,,,,,,,Bizon,,2383,17,1634,21,788,0,0,,,,
89,590,,,,8,2,,2026-05-08,65,2007,,,,,,,,Bizon,,114,5,122,3,588,0,0,,,,
11,326,,,,9,2,,2026-05-08,70,420,,,,,,,,Bizon,,1772,2,1297,8,324,0,0,,,,
99,304,,,,20,8,,2026-05-08,35,0,,,,,,,,Bizon,,81,3,24,17,296,0,0,,,,
65,194,,,,3,0,,2026-05-08,70,0,,,,,,,,Bizon,,610,1,505,2,194,0,0,,,,
55,243,,,,1,0,,2026-05-08,130,0,,,,,,,,Bizon,,1279,1,773,0,243,0,0,,,,
95,48,,,,0,5,,2026-05-08,65,1408,,,,,,,,Bizon,,159,0,68,0,43,0,0,,,,
79,700,,,,21,4,,2026-05-08,70,1326,,,,,,,,Bizon,,403,12,282,14,696,0,0,,,,
5,0,,,,0,0,,2026-05-08,35,0,,,,,,,,Bizon,,994,0,593,0,0,0,0,,,,
12,108,,,,6,0,,2026-05-08,65,0,,,,,,,,Bizon,,437,3,588,4,108,0,0,,,,
76,398,,,,5,0,,2026-05-08,70,0,,,,,,,,Bizon,,567,1,270,5,398,0,0,,,,
67,0,,,,0,0,,2026-05-08,70,0,,,,,,,,Bizon,,114,0,364,0,0,0,0,,,,
54,0,,,,0,0,,2026-05-08,0,0,,,,,,,,Bizon,,458,0,377,0,0,0,0,,,,
63,0,,,,0,0,,2026-05-08,0,0,,,,,,,,Bizon,,690,0,407,0,0,0,0,,,,
2,488,,,,9,7,,2026-05-08,99,0,,,,,,,,Bizon,,1206,4,671,5,481,0,0,,,,
77,0,,,,2,0,,2026-05-08,50,0,,,,,,,,Bizon,,245,2,403,0,0,0,0,,,,
28,0,,,,0,0,,2026-05-08,45,0,,,,,,,,Bizon,,180,0,522,0,0,0,0,,,,
100,0,,,,0,0,,2026-05-09,150,143,,,,,,,,Bizon,,91,0,36,0,0,0,2,,,,
112,0,,,,2,0,,2026-05-09,150,4062,,,,,,,,Bizon,,119,2,128,3,0,0,954,,,,
73,0,,,,1,0,,2026-05-09,69,1778,,,,,,,,Bizon,,427,2,780,0,0,0,390,,,,
93,0,,,,0,0,,2026-05-09,150,4784,,,,,,,,Bizon,,408,0,302,0,0,0,1500,,,,
94,0,,,,0,0,,2026-05-09,150,0,,,,,,,,Bizon,,362,0,167,0,0,0,0,,,,
36,0,,,,1,0,,2026-05-09,150,4977,,,,,,,,Bizon,,2383,2,1636,0,0,0,750,,,,
89,0,,,,0,0,,2026-05-09,65,2007,,,,,,,,Bizon,,114,0,122,0,0,0,650,,,,
11,0,,,,0,0,,2026-05-09,70,420,,,,,,,,Bizon,,1772,0,1297,0,0,0,350,,,,
99,0,,,,0,0,,2026-05-09,35,0,,,,,,,,Bizon,,81,0,24,0,0,0,350,,,,
65,0,,,,0,0,,2026-05-09,70,0,,,,,,,,Bizon,,610,0,505,0,0,0,200,,,,
55,0,,,,1,0,,2026-05-09,90,0,,,,,,,,Bizon,,1279,1,774,0,0,0,313,,,,
95,0,,,,0,0,,2026-05-09,65,1408,,,,,,,,Bizon,,159,0,68,0,0,0,286,,,,
79,0,,,,1,0,,2026-05-09,70,1326,,,,,,,,Bizon,,403,1,283,0,0,0,696,,,,
5,0,,,,0,0,,2026-05-09,35,0,,,,,,,,Bizon,,994,0,593,0,0,0,0,,,,
12,0,,,,1,0,,2026-05-09,65,0,,,,,,,,Bizon,,437,1,589,0,0,0,67,,,,
76,0,,,,0,0,,2026-05-09,70,0,,,,,,,,Bizon,,567,0,270,0,0,0,394,,,,
67,0,,,,0,0,,2026-05-09,70,0,,,,,,,,Bizon,,114,0,364,0,0,0,0,,,,
54,0,,,,0,0,,2026-05-09,0,0,,,,,,,,Bizon,,458,0,377,0,0,0,0,,,,
63,0,,,,0,0,,2026-05-09,0,0,,,,,,,,Bizon,,690,0,407,0,0,0,0,,,,
2,0,,,,0,0,,2026-05-09,99,0,,,,,,,,Bizon,,1206,0,671,0,0,0,486,,,,
77,0,,,,0,0,,2026-05-09,50,0,,,,,,,,Bizon,,245,0,403,0,0,0,0,,,,
28,0,,,,0,0,,2026-05-09,45,0,,,,,,,,Bizon,,180,0,522,0,0,0,0,,,,
100,0,,,,0,0,,2026-05-10,150,143,,,,,,,,Bizon,,91,0,36,0,0,2,54,,,,
112,0,,,,0,0,,2026-05-10,150,4062,,,,,,,,Bizon,,119,0,128,0,0,954,1455,,,,
73,0,,,,0,0,,2026-05-10,69,1778,,,,,,,,Bizon,,427,0,780,0,0,390,390,,,,
93,0,,,,0,0,,2026-05-10,150,4784,,,,,,,,Bizon,,408,0,302,0,0,1500,1332,,,,
94,0,,,,0,0,,2026-05-10,150,0,,,,,,,,Bizon,,362,0,167,0,0,0,0,,,,
36,0,,,,1,0,,2026-05-10,150,4977,,,,,,,,Bizon,,2383,1,1637,0,0,750,750,,,,
89,0,,,,0,0,,2026-05-10,65,2007,,,,,,,,Bizon,,114,0,122,0,0,650,650,,,,
11,0,,,,0,0,,2026-05-10,70,420,,,,,,,,Bizon,,1772,0,1297,0,0,350,350,,,,
99,0,,,,0,0,,2026-05-10,35,0,,,,,,,,Bizon,,81,0,24,0,0,350,350,,,,
65,0,,,,0,0,,2026-05-10,70,0,,,,,,,,Bizon,,610,0,505,0,0,200,197,,,,
55,0,,,,0,0,,2026-05-10,90,0,,,,,,,,Bizon,,1279,0,774,0,0,313,2,,,,
95,0,,,,0,0,,2026-05-10,65,1408,,,,,,,,Bizon,,159,0,68,0,0,286,291,,,,
79,0,,,,0,0,,2026-05-10,70,1326,,,,,,,,Bizon,,403,0,283,0,0,696,688,,,,
5,0,,,,0,0,,2026-05-10,35,0,,,,,,,,Bizon,,994,0,593,0,0,0,0,,,,
12,0,,,,0,0,,2026-05-10,65,0,,,,,,,,Bizon,,437,0,589,0,0,67,0,,,,
76,0,,,,1,0,,2026-05-10,70,0,,,,,,,,Bizon,,567,1,271,0,0,394,119,,,,
67,0,,,,0,0,,2026-05-10,70,0,,,,,,,,Bizon,,114,0,364,0,0,0,0,,,,
54,0,,,,0,0,,2026-05-10,0,0,,,,,,,,Bizon,,458,0,377,0,0,0,0,,,,
63,0,,,,0,0,,2026-05-10,0,0,,,,,,,,Bizon,,690,0,407,0,0,0,0,,,,
2,0,,,,0,0,,2026-05-10,99,0,,,,,,,,Bizon,,1206,0,671,0,0,486,422,,,,
77,0,,,,0,0,,2026-05-10,50,0,,,,,,,,Bizon,,245,0,403,0,0,0,0,,,,
28,0,,,,0,0,,2026-05-10,45,0,,,,,,,,Bizon,,180,0,522,0,0,0,0,,,,
100,2,,,,3,0,,2026-05-11,150,143,,,,,,,,Bizon,,91,3,39,0,2,54,67,,,,
112,1196,,,,17,15,,2026-05-11,150,7800,,,,,,,,Bizon,,137,0,128,18,1484,1500,1348,,,,
73,389,,,,10,3,,2026-05-11,69,1778,,,,,,,,Bizon,,432,5,785,5,386,390,390,,,,
93,1500,,,,10,0,,2026-05-11,150,4784,,,,,,,,Bizon,,413,8,310,5,1500,1332,752,,,,
94,0,,,,1,0,,2026-05-11,150,0,,,,,,,,Bizon,,362,1,168,0,0,0,0,,,,
36,746,,,,30,2,,2026-05-11,150,4977,,,,,,,,Bizon,,2402,24,1661,19,744,750,750,,,,
89,595,,,,8,5,,2026-05-11,65,2007,,,,,,,,Bizon,,119,4,126,5,590,650,650,,,,
11,309,,,,8,3,,2026-05-11,70,420,,,,,,,,Bizon,,1780,1,1298,8,306,350,350,,,,
99,304,,,,13,2,,2026-05-11,35,0,,,,,,,,Bizon,,92,3,27,11,302,350,350,,,,
65,199,,,,3,0,,2026-05-11,70,0,,,,,,,,Bizon,,611,4,509,1,199,197,82,,,,
55,309,,,,9,0,,2026-05-11,90,0,,,,,,,,Bizon,,1282,8,782,3,309,2,0,,,,
95,286,,,,5,0,,2026-05-11,65,1408,,,,,,,,Bizon,,163,1,69,4,286,291,43,,,,
79,684,,,,21,3,,2026-05-11,70,1326,,,,,,,,Bizon,,416,8,291,13,682,622,698,,,,
5,0,,,,0,0,,2026-05-11,35,0,,,,,,,,Bizon,,994,0,593,0,0,0,0,,,,
12,65,,,,0,0,,2026-05-11,65,0,,,,,,,,Bizon,,437,0,589,0,65,0,0,,,,
76,392,,,,7,1,,2026-05-11,70,0,,,,,,,,Bizon,,569,5,276,2,391,119,68,,,,
67,0,,,,0,0,,2026-05-11,70,0,,,,,,,,Bizon,,114,0,364,0,0,0,0,,,,
54,0,,,,0,0,,2026-05-11,0,0,,,,,,,,Bizon,,458,0,377,0,0,0,0,,,,
63,0,,,,0,0,,2026-05-11,0,0,,,,,,,,Bizon,,690,0,407,0,0,0,0,,,,
2,484,,,,9,2,,2026-05-11,99,0,,,,,,,,Bizon,,1214,1,672,8,482,422,463,,,,
77,0,,,,0,0,,2026-05-11,50,0,,,,,,,,Bizon,,245,0,403,0,0,0,0,,,,
28,0,,,,0,0,,2026-05-11,45,0,,,,,,,,Bizon,,180,0,522,0,0,0,0,,,,
100,749,,,,37,18,,2026-05-12,150,4626,,,,,,,,Bizon,,120,9,48,29,731,750,750,,,,
112,1236,,,,14,17,,2026-05-12,150,7800,,,,,,,,Bizon,,153,4,132,16,1482,1370,0,,,,
73,390,,,,3,0,,2026-05-12,69,1778,,,,,,,,Bizon,,435,1,786,3,390,390,390,,,,
93,1335,,,,12,0,,2026-05-12,150,6791,,,,,,,,Bizon,,418,7,317,5,1335,752,1459,,,,
94,251,,,,5,0,,2026-05-12,150,0,,,,,,,,Bizon,,366,1,169,4,251,0,719,,,,
36,750,,,,17,4,,2026-05-12,150,4977,,,,,,,,Bizon,,2413,13,1674,11,746,750,750,,,,
89,623,,,,18,2,,2026-05-12,65,2007,,,,,,,,Bizon,,126,12,138,7,621,650,650,,,,
11,300,,,,15,5,,2026-05-12,95,420,,,,,,,,Bizon,,1793,2,1300,13,295,350,324,,,,
99,327,,,,12,0,,2026-05-12,35,0,,,,,,,,Bizon,,104,4,31,12,327,350,350,,,,
65,196,,,,3,0,,2026-05-12,70,0,,,,,,,,Bizon,,613,2,511,2,196,82,39,,,,
55,2,,,,1,0,,2026-05-12,90,0,,,,,,,,Bizon,,1282,1,783,0,2,0,27,,,,
95,287,,,,10,1,,2026-05-12,65,1408,,,,,,,,Bizon,,171,6,75,8,286,43,0,,,,
79,616,,,,18,1,,2026-05-12,70,1326,,,,,,,,Bizon,,429,6,297,13,615,691,336,,,,
5,0,,,,0,0,,2026-05-12,35,0,,,,,,,,Bizon,,994,1,594,0,0,0,0,,,,
12,0,,,,0,0,,2026-05-12,65,0,,,,,,,,Bizon,,437,0,589,0,0,0,0,,,,
76,118,,,,4,0,,2026-05-12,70,0,,,,,,,,Bizon,,570,3,279,1,118,68,30,,,,
67,0,,,,0,0,,2026-05-12,70,0,,,,,,,,Bizon,,114,0,364,0,0,0,0,,,,
54,0,,,,0,0,,2026-05-12,0,0,,,,,,,,Bizon,,458,0,377,0,0,0,0,,,,
63,0,,,,0,0,,2026-05-12,0,0,,,,,,,,Bizon,,690,0,407,0,0,0,0,,,,
2,467,,,,10,2,,2026-05-12,99,0,,,,,,,,Bizon,,1223,1,673,9,465,469,369,,,,
77,0,,,,1,0,,2026-05-12,50,0,,,,,,,,Bizon,,245,2,405,0,0,0,249,,,,
28,0,,,,0,0,,2026-05-12,45,0,,,,,,,,Bizon,,180,0,522,0,0,0,0,,,,
100,743,,,,56,8,,2026-05-13,150,4626,,,,,,,,Bizon,,165,13,61,45,735,750,750,,,,
112,1132,,,,15,16,,2026-05-13,150,7800,,,,,,,,Bizon,,168,1,133,15,1355,0,0,,,,
73,388,,,,10,0,,2026-05-13,69,1778,,,,,,,,Bizon,,441,5,791,6,388,390,390,,,,
93,752,,,,9,1,,2026-05-13,150,6791,,,,,,,,Bizon,,422,5,322,4,751,1459,982,,,,
94,728,,,,11,0,,2026-05-13,150,0,,,,,,,,Bizon,,382,0,169,16,728,750,750,,,,
36,750,,,,23,2,,2026-05-13,150,5103,,,,,,,,Bizon,,2429,16,1690,16,748,750,747,,,,
89,634,,,,13,6,,2026-05-13,65,2007,,,,,,,,Bizon,,128,14,152,2,628,650,650,,,,
11,326,,,,5,25,,2026-05-13,95,420,,,,,,,,Bizon,,1797,2,1302,4,301,331,19,,,,
99,336,,,,13,2,,2026-05-13,35,12,,,,,,,,Bizon,,115,3,34,11,334,350,350,,,,
65,81,,,,1,0,,2026-05-13,70,0,,,,,,,,Bizon,,614,1,512,1,81,39,20,,,,
55,0,,,,1,0,,2026-05-13,90,0,,,,,,,,Bizon,,1282,1,784,0,0,27,5,,,,
95,131,,,,2,2,,2026-05-13,65,1408,,,,,,,,Bizon,,173,0,75,2,129,300,299,,,,
79,686,,,,8,1,,2026-05-13,70,1326,,,,,,,,Bizon,,433,6,303,4,685,311,22,,,,
5,0,,,,0,0,,2026-05-13,35,0,,,,,,,,Bizon,,994,0,594,0,0,0,0,,,,
12,0,,,,1,0,,2026-05-13,65,0,,,,,,,,Bizon,,437,1,590,0,0,0,38,,,,
76,67,,,,1,0,,2026-05-13,70,0,,,,,,,,Bizon,,570,1,280,0,67,30,215,,,,
67,0,,,,0,0,,2026-05-13,70,0,,,,,,,,Bizon,,114,0,364,0,0,0,0,,,,
54,0,,,,0,0,,2026-05-13,0,0,,,,,,,,Bizon,,458,0,377,0,0,0,0,,,,
63,0,,,,0,0,,2026-05-13,0,0,,,,,,,,Bizon,,690,0,407,0,0,0,0,,,,
2,483,,,,10,0,,2026-05-13,99,0,,,,,,,,Bizon,,1229,6,679,6,483,394,359,,,,
77,0,,,,1,0,,2026-05-13,50,0,,,,,,,,Bizon,,245,1,406,0,0,249,243,,,,
28,0,,,,0,0,,2026-05-13,45,0,,,,,,,,Bizon,,180,0,522,0,0,0,0,,,,
100,730,,,,43,12,,2026-05-14,150,4626,,,,,,,,Bizon,,195,14,75,30,718,750,0,,,,
112,485,,,,8,29,,2026-05-14,150,9125,,,,,,,,Bizon,,176,3,136,8,572,600,0,,,,
73,386,,,,5,1,,2026-05-14,69,1778,,,,,,,,Bizon,,442,4,795,1,385,390,0,,,,
93,1457,,,,12,7,,2026-05-14,150,6791,,,,,,,,Bizon,,428,8,330,6,1453,982,0,,,,
94,699,,,,18,3,,2026-05-14,150,0,,,,,,,,Bizon,,394,7,176,12,697,750,0,,,,
36,750,,,,17,2,,2026-05-14,150,5103,,,,,,,,Bizon,,2453,10,1700,24,749,747,0,,,,
89,610,,,,15,3,,2026-05-14,65,2007,,,,,,,,Bizon,,138,6,158,10,607,650,0,,,,
11,309,,,,4,5,,2026-05-14,95,420,,,,,,,,Bizon,,1802,3,1305,5,304,32,0,,,,
99,303,,,,9,6,,2026-05-14,35,12,,,,,,,,Bizon,,122,6,40,7,297,350,0,,,,
65,39,,,,2,0,,2026-05-14,70,0,,,,,,,,Bizon,,614,2,514,0,39,20,0,,,,
55,26,,,,1,0,,2026-05-14,90,0,,,,,,,,Bizon,,1282,2,786,0,26,5,0,,,,
95,298,,,,13,19,,2026-05-14,65,1408,,,,,,,,Bizon,,184,2,77,11,279,299,0,,,,
79,97,,,,2,0,,2026-05-14,70,1326,,,,,,,,Bizon,,434,1,304,1,97,0,0,,,,
5,0,,,,0,0,,2026-05-14,35,0,,,,,,,,Bizon,,994,0,594,0,0,0,0,,,,
76,30,,,,1,0,,2026-05-14,70,0,,,,,,,,Bizon,,571,1,281,1,30,215,0,,,,
12,150,,,,4,1,,2026-05-14,65,996,,,,,,,,Bizon,,439,2,592,2,149,338,0,,,,
67,0,,,,0,0,,2026-05-14,70,0,,,,,,,,Bizon,,114,0,364,0,0,0,0,,,,
54,0,,,,0,0,,2026-05-14,0,0,,,,,,,,Bizon,,458,0,377,0,0,0,0,,,,
63,0,,,,0,0,,2026-05-14,0,0,,,,,,,,Bizon,,690,0,407,0,0,0,0,,,,
2,406,,,,7,3,,2026-05-14,99,0,,,,,,,,Bizon,,1237,1,680,8,403,354,0,,,,
77,248,,,,6,0,,2026-05-14,50,0,,,,,,,,Bizon,,248,3,409,3,248,243,0,,,,
28,0,,,,0,0,,2026-05-14,45,0,,,,,,,,Bizon,,180,0,522,0,0,0,0,,,,
115,270,,,,4,1,,2026-05-14,30,2248,,,,,,,,Bizon,,11,4,4,11,269,150,0,,,,
114,300,,,,14,2,,2026-05-14,30,2322,,,,,,,,Bizon,,11,3,3,11,298,300,0,,,,
100,726,,,,25,14,,2026-05-15,150,4626,,,,,,,,Bizon,,211,10,85,16,712,0,0,,,,
112,500,,,,6,20,,2026-05-15,150,9125,,,,,,,,Bizon,,182,1,137,6,580,0,0,,,,
73,349,,,,7,0,,2026-05-15,69,1778,,,,,,,,Bizon,,448,1,796,6,349,0,0,,,,
93,968,,,,10,2,,2026-05-15,150,6791,,,,,,,,Bizon,,433,5,335,5,966,0,0,,,,
94,728,,,,16,2,,2026-05-15,150,0,,,,,,,,Bizon,,408,4,180,14,726,0,0,,,,
36,745,,,,13,1,,2026-05-15,150,5103,,,,,,,,Bizon,,2469,6,1706,16,744,0,0,,,,
115,151,,,,4,1,,2026-05-15,30,2248,,,,,,,,Bizon,,16,0,3,5,150,0,0,,,,
114,300,,,,13,5,,2026-05-15,30,2322,,,,,,,,Bizon,,21,4,7,10,295,0,0,,,,
89,636,,,,12,0,,2026-05-15,65,2007,,,,,,,,Bizon,,143,8,166,5,636,0,0,,,,
11,32,,,,2,0,,2026-05-15,95,420,,,,,,,,Bizon,,1803,1,1306,1,32,0,0,,,,
99,317,,,,9,2,,2026-05-15,35,12,,,,,,,,Bizon,,131,1,41,9,315,0,0,,,,
65,20,,,,0,0,,2026-05-15,70,0,,,,,,,,Bizon,,614,0,514,0,20,0,0,,,,
55,5,,,,2,0,,2026-05-15,90,0,,,,,,,,Bizon,,1283,0,786,1,5,0,0,,,,
95,294,,,,6,4,,2026-05-15,65,1408,,,,,,,,Bizon,,191,1,78,7,290,0,0,,,,
79,0,,,,1,0,,2026-05-15,70,1326,,,,,,,,Bizon,,434,2,306,0,0,0,0,,,,
5,0,,,,0,0,,2026-05-15,35,0,,,,,,,,Bizon,,994,0,594,0,0,0,0,,,,
76,215,,,,6,0,,2026-05-15,70,0,,,,,,,,Bizon,,573,4,285,2,215,0,0,,,,
12,338,,,,12,2,,2026-05-15,65,996,,,,,,,,Bizon,,447,4,596,8,336,0,0,,,,
67,0,,,,0,0,,2026-05-15,70,0,,,,,,,,Bizon,,114,0,364,0,0,0,0,,,,
54,0,,,,0,0,,2026-05-15,0,0,,,,,,,,Bizon,,458,0,377,0,0,0,0,,,,
63,0,,,,0,0,,2026-05-15,0,0,,,,,,,,Bizon,,690,0,407,0,0,0,0,,,,
2,350,,,,9,1,,2026-05-15,99,0,,,,,,,,Bizon,,1242,5,685,5,349,0,0,,,,
77,241,,,,5,0,,2026-05-15,50,0,,,,,,,,Bizon,,249,4,413,1,241,0,0,,,,
28,0,,,,0,0,,2026-05-15,45,0,,,,,,,,Bizon,,180,0,522,0,0,0,0,,,,
100,0,,,,0,0,,2026-05-16,150,4626,,,,,,,,Bizon,,211,0,85,0,0,0,750,,,,
112,0,,,,1,0,,2026-05-16,150,9125,,,,,,,,Bizon,,183,2,139,1,0,0,1028,,,,
73,0,,,,0,0,,2026-05-16,69,1778,,,,,,,,Bizon,,448,0,796,0,0,0,390,,,,
93,0,,,,1,0,,2026-05-16,150,6791,,,,,,,,Bizon,,433,1,336,0,0,0,777,,,,
94,0,,,,0,0,,2026-05-16,150,0,,,,,,,,Bizon,,408,0,180,0,0,0,675,,,,
36,0,,,,1,0,,2026-05-16,150,5103,,,,,,,,Bizon,,2469,1,1707,0,0,0,750,,,,
115,0,,,,0,0,,2026-05-16,30,2248,,,,,,,,Bizon,,16,0,3,0,0,0,150,,,,
114,0,,,,0,0,,2026-05-16,30,2322,,,,,,,,Bizon,,21,0,7,0,0,0,300,,,,
89,0,,,,0,0,,2026-05-16,65,2007,,,,,,,,Bizon,,143,1,167,0,0,0,650,,,,
11,0,,,,0,0,,2026-05-16,95,420,,,,,,,,Bizon,,1803,0,1306,0,0,0,350,,,,
99,0,,,,0,0,,2026-05-16,35,12,,,,,,,,Bizon,,131,0,41,0,0,0,294,,,,
65,0,,,,0,0,,2026-05-16,70,0,,,,,,,,Bizon,,614,0,514,0,0,0,61,,,,
55,0,,,,0,0,,2026-05-16,90,0,,,,,,,,Bizon,,1283,0,786,0,0,0,0,,,,
95,0,,,,0,1,,2026-05-16,65,1408,,,,,,,,Bizon,,191,0,78,0,0,0,137,,,,
79,0,,,,0,0,,2026-05-16,70,1326,,,,,,,,Bizon,,434,0,306,0,0,0,0,,,,
5,0,,,,0,0,,2026-05-16,35,0,,,,,,,,Bizon,,994,0,594,0,0,0,0,,,,
76,0,,,,0,0,,2026-05-16,70,0,,,,,,,,Bizon,,573,0,285,0,0,0,382,,,,
12,0,,,,0,1,,2026-05-16,65,996,,,,,,,,Bizon,,447,0,596,0,0,0,301,,,,
67,0,,,,0,0,,2026-05-16,70,0,,,,,,,,Bizon,,114,0,364,0,0,0,0,,,,
54,0,,,,0,0,,2026-05-16,0,0,,,,,,,,Bizon,,458,0,377,0,0,0,0,,,,
63,0,,,,0,0,,2026-05-16,0,0,,,,,,,,Bizon,,690,0,407,0,0,0,0,,,,
2,0,,,,0,0,,2026-05-16,99,0,,,,,,,,Bizon,,1242,0,685,0,0,0,324,,,,
77,0,,,,0,0,,2026-05-16,50,0,,,,,,,,Bizon,,249,0,413,0,0,0,250,,,,
28,0,,,,0,0,,2026-05-16,45,0,,,,,,,,Bizon,,180,0,522,0,0,0,0,,,,
100,0,,,,1,1,,2026-05-17,150,4626,,,,,,,,Bizon,,211,1,86,0,0,750,750,,,,
112,0,,,,0,0,,2026-05-17,150,9125,,,,,,,,Bizon,,183,0,139,0,0,1028,1460,,,,
73,0,,,,0,0,,2026-05-17,69,1778,,,,,,,,Bizon,,448,0,796,0,0,390,342,,,,
93,0,,,,0,1,,2026-05-17,150,6791,,,,,,,,Bizon,,433,0,336,0,0,777,750,,,,
94,0,,,,0,0,,2026-05-17,150,0,,,,,,,,Bizon,,408,0,180,0,0,675,11,,,,
36,0,,,,1,0,,2026-05-17,150,5103,,,,,,,,Bizon,,2469,1,1708,0,0,750,750,,,,
115,0,,,,0,0,,2026-05-17,30,2248,,,,,,,,Bizon,,16,0,3,0,0,150,150,,,,
114,0,,,,0,0,,2026-05-17,30,2322,,,,,,,,Bizon,,21,0,7,0,0,300,300,,,,
89,0,,,,0,0,,2026-05-17,65,2007,,,,,,,,Bizon,,143,0,167,0,0,650,650,,,,
11,0,,,,0,0,,2026-05-17,95,420,,,,,,,,Bizon,,1803,0,1306,0,0,350,317,,,,
99,0,,,,0,0,,2026-05-17,35,12,,,,,,,,Bizon,,131,0,41,0,0,294,224,,,,
65,0,,,,0,0,,2026-05-17,70,0,,,,,,,,Bizon,,614,0,514,0,0,61,0,,,,
55,0,,,,0,0,,2026-05-17,90,0,,,,,,,,Bizon,,1283,0,786,0,0,0,0,,,,
95,0,,,,0,0,,2026-05-17,65,1408,,,,,,,,Bizon,,191,0,78,0,0,137,265,,,,
79,0,,,,0,0,,2026-05-17,70,1326,,,,,,,,Bizon,,434,0,306,0,0,0,0,,,,
5,0,,,,0,0,,2026-05-17,35,0,,,,,,,,Bizon,,994,0,594,0,0,0,0,,,,
76,0,,,,0,0,,2026-05-17,70,0,,,,,,,,Bizon,,573,0,285,0,0,382,69,,,,
12,0,,,,0,0,,2026-05-17,65,996,,,,,,,,Bizon,,447,0,596,0,0,301,300,,,,
67,0,,,,0,0,,2026-05-17,70,0,,,,,,,,Bizon,,114,0,364,0,0,0,0,,,,
54,0,,,,0,0,,2026-05-17,0,0,,,,,,,,Bizon,,458,0,377,0,0,0,0,,,,
63,0,,,,0,0,,2026-05-17,0,0,,,,,,,,Bizon,,690,0,407,0,0,0,0,,,,
2,0,,,,1,0,,2026-05-17,99,0,,,,,,,,Bizon,,1244,0,684,2,0,324,182,,,,
77,0,,,,0,0,,2026-05-17,50,0,,,,,,,,Bizon,,249,0,413,0,0,250,110,,,,
28,0,,,,0,0,,2026-05-17,45,0,,,,,,,,Bizon,,180,0,522,0,0,0,0,,,,
100,728,,,,19,15,,2026-05-18,150,4626,,,,,,,,Bizon,,226,5,91,15,713,739,118,,,,
112,853,,,,3,6,,2026-05-18,150,9125,,,,,,,,Bizon,,187,1,140,4,1022,1460,1192,,,,
73,657,,,,12,4,,2026-05-18,69,1778,,,,,,,,Bizon,,456,4,800,8,653,642,543,,,,
93,769,,,,5,1,,2026-05-18,150,6791,,,,,,,,Bizon,,436,2,338,3,768,750,750,,,,
94,643,,,,4,0,,2026-05-18,150,0,,,,,,,,Bizon,,411,1,181,3,643,11,246,,,,
36,748,,,,9,0,,2026-05-18,150,5103,,,,,,,,Bizon,,2476,10,1718,7,748,751,750,,,,
115,150,,,,5,0,,2026-05-18,30,2248,,,,,,,,Bizon,,19,2,5,3,150,150,150,,,,
114,300,,,,12,5,,2026-05-18,30,2562,,,,,,,,Bizon,,28,6,13,7,295,300,300,,,,
89,639,,,,8,0,,2026-05-18,65,2007,,,,,,,,Bizon,,145,7,174,2,639,649,649,,,,
11,345,,,,5,0,,2026-05-18,95,420,,,,,,,,Bizon,,1807,1,1307,4,345,320,66,,,,
99,269,,,,6,1,,2026-05-18,35,12,,,,,,,,Bizon,,135,3,44,4,268,223,36,,,,
65,61,,,,4,0,,2026-05-18,70,0,,,,,,,,Bizon,,617,1,515,3,61,0,0,,,,
55,0,,,,0,0,,2026-05-18,90,0,,,,,,,,Bizon,,1283,0,786,0,0,0,0,,,,
95,135,,,,8,1,,2026-05-18,65,1408,,,,,,,,Bizon,,195,4,82,4,134,265,67,,,,
79,0,,,,0,0,,2026-05-18,70,1326,,,,,,,,Bizon,,434,0,306,0,0,0,0,,,,
5,0,,,,0,0,,2026-05-18,35,0,,,,,,,,Bizon,,994,0,594,0,0,0,0,,,,
76,380,,,,12,0,,2026-05-18,70,0,,,,,,,,Bizon,,580,7,292,7,380,69,0,,,,
12,301,,,,10,0,,2026-05-18,65,996,,,,,,,,Bizon,,453,4,600,6,301,300,299,,,,
67,0,,,,0,0,,2026-05-18,70,0,,,,,,,,Bizon,,114,0,364,0,0,0,0,,,,
54,0,,,,0,0,,2026-05-18,0,0,,,,,,,,Bizon,,458,0,377,0,0,0,0,,,,
63,0,,,,0,0,,2026-05-18,0,0,,,,,,,,Bizon,,690,0,407,0,0,0,0,,,,
2,324,,,,6,0,,2026-05-18,99,0,,,,,,,,Bizon,,1248,3,687,4,324,182,161,,,,
77,247,,,,8,1,,2026-05-18,50,0,,,,,,,,Bizon,,252,6,419,3,246,110,0,,,,
28,0,,,,0,0,,2026-05-18,45,0,,,,,,,,Bizon,,180,0,522,0,0,0,0,,,,
100,690,,,,25,20,,2026-05-19,150,4626,,,,,,,,Bizon,,246,7,98,20,671,118,0,,,,
112,1246,,,,6,2,,2026-05-19,150,9125,,,,,,,,Bizon,,191,5,145,4,1458,1192,0,,,,
73,625,,,,12,2,,2026-05-19,69,1778,,,,,,,,Bizon,,463,6,806,7,623,543,300,,,,
93,748,,,,4,0,,2026-05-19,150,6791,,,,,,,,Bizon,,437,4,342,1,748,750,750,,,,
94,11,,,,1,0,,2026-05-19,150,0,,,,,,,,Bizon,,412,0,181,1,11,246,0,,,,
36,747,,,,14,0,,2026-05-19,150,5103,,,,,,,,Bizon,,2493,11,1729,17,747,750,750,,,,
115,150,,,,3,4,,2026-05-19,30,2248,,,,,,,,Bizon,,21,1,6,2,146,150,150,,,,
114,278,,,,8,1,,2026-05-19,30,2562,,,,,,,,Bizon,,34,3,16,6,277,10,0,,,,
89,616,,,,13,1,,2026-05-19,65,2007,,,,,,,,Bizon,,151,10,184,6,615,650,646,,,,
11,303,,,,1,2,,2026-05-19,95,420,,,,,,,,Bizon,,1809,0,1307,2,301,81,0,,,,
99,206,,,,6,0,,2026-05-19,35,12,,,,,,,,Bizon,,139,3,47,4,206,36,119,,,,
65,0,,,,0,0,,2026-05-19,70,0,,,,,,,,Bizon,,617,0,515,0,0,0,0,,,,
55,0,,,,0,0,,2026-05-19,90,0,,,,,,,,Bizon,,1283,0,786,0,0,0,0,,,,
95,254,,,,10,0,,2026-05-19,65,1408,,,,,,,,Bizon,,199,6,88,4,254,67,279,,,,
79,0,,,,0,0,,2026-05-19,70,1326,,,,,,,,Bizon,,434,0,306,0,0,0,0,,,,
5,0,,,,0,0,,2026-05-19,35,0,,,,,,,,Bizon,,994,0,594,0,0,0,0,,,,
76,83,,,,2,0,,2026-05-19,70,0,,,,,,,,Bizon,,581,1,293,1,107,0,0,,,,
12,299,,,,5,1,,2026-05-19,65,996,,,,,,,,Bizon,,457,3,603,4,298,299,78,,,,
67,0,,,,0,0,,2026-05-19,70,0,,,,,,,,Bizon,,114,0,364,0,0,0,0,,,,
54,0,,,,0,0,,2026-05-19,0,0,,,,,,,,Bizon,,458,0,377,0,0,0,0,,,,
63,0,,,,0,0,,2026-05-19,0,0,,,,,,,,Bizon,,690,0,407,0,0,0,0,,,,
2,186,,,,3,0,,2026-05-19,99,0,,,,,,,,Bizon,,1250,2,689,2,186,160,86,,,,
77,109,,,,5,0,,2026-05-19,50,0,,,,,,,,Bizon,,255,2,421,3,109,0,0,,,,
28,0,,,,0,0,,2026-05-19,45,0,,,,,,,,Bizon,,180,0,522,0,0,0,0,,,,
110,0,,,,0,0,,2026-05-19,30,166,,,,,,,,Bizon,,0,0,0,0,0,166,0,,,,
100,103,,,,6,2,,2026-05-20,150,4626,,,,,,,,Bizon,,251,1,99,5,102,0,634,,,,
112,972,,,,5,2,,2026-05-20,150,9125,,,,,,,,Bizon,,196,4,149,5,1191,0,0,,,,
73,538,,,,9,0,,2026-05-20,69,1778,,,,,,,,Bizon,,469,3,809,6,538,300,300,,,,
110,158,,,,6,8,,2026-05-20,30,166,,,,,,,,Bizon,,1,7,7,1,150,0,0,,,,
93,750,,,,6,0,,2026-05-20,150,6791,,,,,,,,Bizon,,439,6,348,2,750,750,750,,,,
94,246,,,,3,0,,2026-05-20,150,0,,,,,,,,Bizon,,415,0,181,3,246,0,0,,,,
36,746,,,,7,0,,2026-05-20,150,5103,,,,,,,,Bizon,,2503,3,1732,10,746,750,719,,,,
115,150,,,,2,3,,2026-05-20,30,2248,,,,,,,,Bizon,,23,0,6,2,147,150,150,,,,
114,300,,,,12,5,,2026-05-20,30,2562,,,,,,,,Bizon,,42,7,23,8,295,300,300,,,,
89,602,,,,11,3,,2026-05-20,125,2007,,,,,,,,Bizon,,155,8,192,4,599,646,623,,,,
11,79,,,,0,1,,2026-05-20,95,420,,,,,,,,Bizon,,1809,2,1309,0,78,2,0,,,,
99,34,,,,2,0,,2026-05-20,35,12,,,,,,,,Bizon,,141,0,47,2,34,119,246,,,,
55,0,,,,0,0,,2026-05-20,90,0,,,,,,,,Bizon,,1283,0,786,0,0,0,0,,,,
95,63,,,,3,1,,2026-05-20,65,1408,,,,,,,,Bizon,,200,2,90,1,62,279,278,,,,
79,0,,,,0,0,,2026-05-20,70,1326,,,,,,,,Bizon,,434,0,306,0,0,0,0,,,,
5,0,,,,0,0,,2026-05-20,35,0,,,,,,,,Bizon,,994,0,594,0,0,0,0,,,,
76,0,,,,0,0,,2026-05-20,70,0,,,,,,,,Bizon,,581,0,293,0,0,0,0,,,,
12,298,,,,2,0,,2026-05-20,65,996,,,,,,,,Bizon,,458,2,605,1,298,77,0,,,,
67,0,,,,0,0,,2026-05-20,70,0,,,,,,,,Bizon,,114,0,364,0,0,0,0,,,,
54,0,,,,0,0,,2026-05-20,0,0,,,,,,,,Bizon,,458,0,377,0,0,0,0,,,,
63,0,,,,0,0,,2026-05-20,0,0,,,,,,,,Bizon,,690,0,407,0,0,0,0,,,,
2,162,,,,0,0,,2026-05-20,99,0,,,,,,,,Bizon,,1250,0,689,0,162,84,284,,,,
77,0,,,,1,0,,2026-05-20,50,0,,,,,,,,Bizon,,255,1,422,0,0,0,0,,,,
28,0,,,,0,0,,2026-05-20,45,0,,,,,,,,Bizon,,180,0,522,0,0,0,0,,,,
100,0,,,,0,0,,2026-05-21,150,4626,,,,,,,,Bizon,,251,0,99,0,0,634,0,,,,
112,0,,,,0,1,,2026-05-21,150,9125,,,,,,,,Bizon,,196,1,150,0,0,0,0,,,,
73,301,,,,2,2,,2026-05-21,69,2837,,,,,,,,Bizon,,470,1,810,1,299,300,0,,,,
110,0,,,,1,0,,2026-05-21,30,166,,,,,,,,Bizon,,1,1,8,0,0,0,0,,,,
93,750,,,,9,0,,2026-05-21,150,6791,,,,,,,,Bizon,,440,8,356,1,750,750,0,,,,
94,0,,,,1,0,,2026-05-21,150,0,,,,,,,,Bizon,,415,1,182,0,0,0,0,,,,
36,745,,,,18,6,,2026-05-21,150,5103,,,,,,,,Bizon,,2522,10,1742,19,739,562,0,,,,
115,150,,,,3,1,,2026-05-21,30,2248,,,,,,,,Bizon,,26,0,6,3,149,150,0,,,,
114,300,,,,6,6,,2026-05-21,30,2562,,,,,,,,Bizon,,42,9,32,0,294,300,0,,,,
89,612,,,,12,0,,2026-05-21,125,2007,,,,,,,,Bizon,,161,6,198,6,612,623,0,,,,
11,2,,,,1,0,,2026-05-21,95,420,,,,,,,,Bizon,,1809,2,1311,0,2,0,0,,,,
99,118,,,,2,0,,2026-05-21,35,12,,,,,,,,Bizon,,143,0,47,2,118,246,0,,,,
55,448,,,,41,1,,2026-05-21,90,0,,,,,,,,Bizon,,1324,4,790,41,447,450,0,,,,
95,269,,,,5,2,,2026-05-21,65,1408,,,,,,,,Bizon,,204,1,91,4,267,278,0,,,,
79,0,,,,0,0,,2026-05-21,70,1326,,,,,,,,Bizon,,434,0,306,0,0,0,0,,,,
5,0,,,,0,0,,2026-05-21,35,0,,,,,,,,Bizon,,994,0,594,0,0,0,0,,,,
76,0,,,,0,0,,2026-05-21,70,0,,,,,,,,Bizon,,581,0,293,0,0,0,0,,,,
12,77,,,,2,0,,2026-05-21,65,996,,,,,,,,Bizon,,458,3,608,0,77,0,0,,,,
67,0,,,,0,0,,2026-05-21,70,0,,,,,,,,Bizon,,114,0,364,0,0,0,0,,,,
54,0,,,,0,0,,2026-05-21,0,0,,,,,,,,Bizon,,458,0,377,0,0,0,0,,,,
63,0,,,,0,0,,2026-05-21,0,0,,,,,,,,Bizon,,690,0,407,0,0,0,0,,,,
2,85,,,,2,0,,2026-05-21,99,0,,,,,,,,Bizon,,1251,1,690,1,85,283,0,,,,
77,0,,,,0,0,,2026-05-21,50,0,,,,,,,,Bizon,,255,0,422,0,0,0,0,,,,
28,0,,,,0,0,,2026-05-21,45,0,,,,,,,,Bizon,,180,0,522,0,0,0,0,,,,
116,752,,,,54,10,,2026-05-21,75,2997,,,,,,,,Bizon,,67,21,21,67,742,750,0,,,,
100,604,,,,17,2,,2026-05-22,150,4626,,,,,,,,Bizon,,263,5,104,12,602,0,0,,,,
112,0,,,,0,0,,2026-05-22,150,9125,,,,,,,,Bizon,,196,0,150,0,0,0,0,,,,
73,299,,,,3,2,,2026-05-22,69,3106,,,,,,,,Bizon,,472,1,811,2,297,0,0,,,,
110,0,,,,0,0,,2026-05-22,30,166,,,,,,,,Bizon,,1,0,8,0,0,0,0,,,,
93,750,,,,3,0,,2026-05-22,150,6791,,,,,,,,Bizon,,440,4,360,0,750,0,0,,,,
94,0,,,,0,0,,2026-05-22,150,0,,,,,,,,Bizon,,415,0,182,0,0,0,0,,,,
36,560,,,,19,8,,2026-05-22,150,5103,,,,,,,,Bizon,,2538,8,1750,16,552,1,0,,,,
115,150,,,,6,0,,2026-05-22,30,2248,,,,,,,,Bizon,,32,1,7,6,150,0,0,,,,
114,296,,,,13,5,,2026-05-22,30,2562,,,,,,,,Bizon,,51,6,38,9,291,0,0,,,,
89,561,,,,11,1,,2026-05-22,125,2007,,,,,,,,Bizon,,165,9,207,4,560,0,0,,,,
11,0,,,,1,0,,2026-05-22,95,420,,,,,,,,Bizon,,1809,1,1312,0,0,0,0,,,,
99,106,,,,6,0,,2026-05-22,35,12,,,,,,,,Bizon,,147,4,51,4,106,0,0,,,,
55,439,,,,32,5,,2026-05-22,90,0,,,,,,,,Bizon,,1357,4,794,33,436,0,0,,,,
95,269,,,,5,1,,2026-05-22,65,1408,,,,,,,,Bizon,,210,0,91,6,269,0,0,,,,
79,0,,,,0,0,,2026-05-22,70,1326,,,,,,,,Bizon,,434,0,306,0,0,0,0,,,,
5,0,,,,0,0,,2026-05-22,35,0,,,,,,,,Bizon,,994,0,594,0,0,0,0,,,,
76,0,,,,0,0,,2026-05-22,70,0,,,,,,,,Bizon,,581,0,293,0,0,0,0,,,,
12,0,,,,1,0,,2026-05-22,65,996,,,,,,,,Bizon,,458,1,609,0,0,0,0,,,,
116,747,,,,44,9,,2026-05-22,75,2997,,,,,,,,Bizon,,104,14,35,37,738,0,0,,,,
67,0,,,,0,0,,2026-05-22,70,0,,,,,,,,Bizon,,114,0,364,0,0,0,0,,,,
54,0,,,,0,0,,2026-05-22,0,0,,,,,,,,Bizon,,458,0,377,0,0,0,0,,,,
63,0,,,,0,0,,2026-05-22,0,0,,,,,,,,Bizon,,690,0,407,0,0,0,0,,,,
2,283,,,,3,1,,2026-05-22,99,0,,,,,,,,Bizon,,1252,2,692,1,282,0,0,,,,
77,0,,,,0,0,,2026-05-22,50,0,,,,,,,,Bizon,,255,0,422,0,0,0,0,,,,
28,0,,,,0,0,,2026-05-22,45,0,,,,,,,,Bizon,,180,0,522,0,0,0,0,,,,
100,0,,,,0,0,,2026-05-23,150,4626,,,,,,,,Bizon,,263,0,104,0,0,0,750,,,,
112,0,,,,0,0,,2026-05-23,150,9125,,,,,,,,Bizon,,196,0,150,0,0,0,121,,,,
73,0,,,,0,0,,2026-05-23,69,3106,,,,,,,,Bizon,,472,0,811,0,0,0,300,,,,
110,0,,,,0,0,,2026-05-23,30,166,,,,,,,,Bizon,,1,0,8,0,0,0,143,,,,
93,0,,,,1,0,,2026-05-23,150,6791,,,,,,,,Bizon,,440,1,361,0,0,0,750,,,,
94,0,,,,0,0,,2026-05-23,150,0,,,,,,,,Bizon,,415,0,182,0,0,0,0,,,,
36,0,,,,0,0,,2026-05-23,150,5103,,,,,,,,Bizon,,2538,1,1751,0,0,0,1,,,,
115,0,,,,0,0,,2026-05-23,30,2248,,,,,,,,Bizon,,32,0,7,0,0,0,150,,,,
114,0,,,,1,0,,2026-05-23,30,2562,,,,,,,,Bizon,,51,2,40,0,0,0,300,,,,
89,0,,,,0,0,,2026-05-23,125,2007,,,,,,,,Bizon,,165,0,207,0,0,0,548,,,,
11,0,,,,0,0,,2026-05-23,95,420,,,,,,,,Bizon,,1809,0,1312,0,0,0,260,,,,
99,0,,,,0,0,,2026-05-23,35,12,,,,,,,,Bizon,,147,0,51,0,0,0,0,,,,
55,0,,,,0,0,,2026-05-23,90,0,,,,,,,,Bizon,,1357,0,794,0,0,0,450,,,,
95,0,,,,0,0,,2026-05-23,65,1408,,,,,,,,Bizon,,210,0,91,0,0,0,257,,,,
79,0,,,,0,0,,2026-05-23,70,1326,,,,,,,,Bizon,,434,0,306,0,0,0,0,,,,
5,0,,,,0,0,,2026-05-23,35,0,,,,,,,,Bizon,,994,0,594,0,0,0,0,,,,
76,0,,,,0,0,,2026-05-23,70,0,,,,,,,,Bizon,,581,0,293,0,0,0,0,,,,
12,0,,,,0,0,,2026-05-23,65,996,,,,,,,,Bizon,,458,0,609,0,0,0,300,,,,
116,0,,,,1,0,,2026-05-23,75,2997,,,,,,,,Bizon,,104,1,36,0,0,0,750,,,,
67,0,,,,0,0,,2026-05-23,70,0,,,,,,,,Bizon,,114,0,364,0,0,0,0,,,,
54,0,,,,0,0,,2026-05-23,0,0,,,,,,,,Bizon,,458,0,377,0,0,0,0,,,,
63,0,,,,0,0,,2026-05-23,0,0,,,,,,,,Bizon,,690,0,407,0,0,0,0,,,,
2,0,,,,0,0,,2026-05-23,99,0,,,,,,,,Bizon,,1252,0,692,0,0,0,458,,,,
77,0,,,,0,0,,2026-05-23,50,0,,,,,,,,Bizon,,255,0,422,0,0,0,0,,,,
28,0,,,,0,0,,2026-05-23,45,0,,,,,,,,Bizon,,180,0,522,0,0,0,0,,,,
100,0,,,,0,0,,2026-05-24,150,4626,,,,,,,,Bizon,,263,0,104,0,0,750,747,,,,
112,0,,,,0,0,,2026-05-24,150,9125,,,,,,,,Bizon,,196,0,150,0,0,121,0,,,,
73,0,,,,0,0,,2026-05-24,69,3106,,,,,,,,Bizon,,472,0,811,0,0,300,300,,,,
110,0,,,,0,0,,2026-05-24,30,166,,,,,,,,Bizon,,1,0,8,0,0,143,0,,,,
93,0,,,,0,0,,2026-05-24,150,6791,,,,,,,,Bizon,,440,0,361,0,0,750,750,,,,
94,0,,,,0,0,,2026-05-24,150,0,,,,,,,,Bizon,,415,0,182,0,0,0,0,,,,
36,0,,,,0,0,,2026-05-24,150,5103,,,,,,,,Bizon,,2538,0,1751,0,0,1,724,,,,
115,0,,,,0,0,,2026-05-24,30,2248,,,,,,,,Bizon,,32,0,7,0,0,150,150,,,,
114,0,,,,0,0,,2026-05-24,30,2562,,,,,,,,Bizon,,51,0,40,0,0,300,300,,,,
89,0,,,,0,0,,2026-05-24,125,2007,,,,,,,,Bizon,,165,0,207,0,0,548,159,,,,
11,0,,,,0,0,,2026-05-24,95,420,,,,,,,,Bizon,,1809,0,1312,0,0,260,0,,,,
99,0,,,,0,0,,2026-05-24,35,12,,,,,,,,Bizon,,147,0,51,0,0,0,0,,,,
55,0,,,,0,0,,2026-05-24,90,0,,,,,,,,Bizon,,1357,0,794,0,0,450,450,,,,
95,0,,,,0,0,,2026-05-24,65,1408,,,,,,,,Bizon,,210,0,91,0,0,257,0,,,,
79,0,,,,0,0,,2026-05-24,70,1326,,,,,,,,Bizon,,434,0,306,0,0,0,0,,,,
5,0,,,,0,0,,2026-05-24,35,0,,,,,,,,Bizon,,994,0,594,0,0,0,0,,,,
76,0,,,,0,0,,2026-05-24,70,0,,,,,,,,Bizon,,581,0,293,0,0,0,0,,,,
12,0,,,,0,0,,2026-05-24,65,996,,,,,,,,Bizon,,458,0,609,0,0,300,232,,,,
116,0,,,,0,0,,2026-05-24,75,2997,,,,,,,,Bizon,,104,0,36,0,0,750,750,,,,
67,0,,,,0,0,,2026-05-24,70,0,,,,,,,,Bizon,,114,0,364,0,0,0,0,,,,
54,0,,,,0,0,,2026-05-24,0,0,,,,,,,,Bizon,,458,0,377,0,0,0,0,,,,
63,0,,,,0,0,,2026-05-24,0,0,,,,,,,,Bizon,,690,0,407,0,0,0,0,,,,
2,0,,,,0,0,,2026-05-24,99,0,,,,,,,,Bizon,,1252,0,692,0,0,458,250,,,,
77,0,,,,0,0,,2026-05-24,50,0,,,,,,,,Bizon,,255,0,422,0,0,0,0,,,,
28,0,,,,0,0,,2026-05-24,45,0,,,,,,,,Bizon,,180,0,522,0,0,0,0,,,,
100,711,,,,16,0,,2026-05-25,150,4626,,,,,,,,Bizon,,274,6,110,11,711,747,483,,,,
112,101,,,,1,0,,2026-05-25,150,9125,,,,,,,,Bizon,,198,0,150,2,121,0,0,,,,
73,302,,,,7,4,,2026-05-25,69,3202,,,,,,,,Bizon,,476,4,815,4,298,300,300,,,,
110,141,,,,5,1,,2026-05-25,30,166,,,,,,,,Bizon,,2,4,12,1,140,0,0,,,,
93,750,,,,23,12,,2026-05-25,150,6791,,,,,,,,Bizon,,459,7,368,19,738,750,750,,,,
94,0,,,,0,0,,2026-05-25,150,0,,,,,,,,Bizon,,415,0,182,0,0,0,0,,,,
36,749,,,,23,0,,2026-05-25,150,5103,,,,,,,,Bizon,,2550,15,1766,12,749,750,750,,,,
115,148,,,,2,2,,2026-05-25,30,2248,,,,,,,,Bizon,,35,1,8,3,146,150,150,,,,
114,288,,,,6,3,,2026-05-25,30,2562,,,,,,,,Bizon,,53,5,45,2,285,300,300,,,,
89,489,,,,7,0,,2026-05-25,125,2007,,,,,,,,Bizon,,171,4,211,6,489,158,2,,,,
11,239,,,,3,2,,2026-05-25,95,420,,,,,,,,Bizon,,1812,1,1313,3,237,4,0,,,,
99,316,,,,15,4,,2026-05-25,35,399,,,,,,,,Bizon,,156,6,57,9,312,350,338,,,,
55,457,,,,21,9,,2026-05-25,90,1191,,,,,,,,Bizon,,1378,3,797,21,448,43,402,,,,
95,246,,,,9,1,,2026-05-25,65,1408,,,,,,,,Bizon,,218,2,93,8,245,0,0,,,,
79,0,,,,1,0,,2026-05-25,70,1326,,,,,,,,Bizon,,434,1,307,0,0,0,0,,,,
5,0,,,,0,0,,2026-05-25,35,0,,,,,,,,Bizon,,994,0,594,0,0,0,0,,,,
76,0,,,,0,0,,2026-05-25,70,0,,,,,,,,Bizon,,581,0,293,0,0,0,0,,,,
12,300,,,,8,0,,2026-05-25,65,996,,,,,,,,Bizon,,462,6,615,4,300,232,0,,,,
116,749,,,,35,4,,2026-05-25,75,6188,,,,,,,,Bizon,,130,10,46,26,745,750,750,,,,
67,0,,,,0,0,,2026-05-25,70,0,,,,,,,,Bizon,,114,0,364,0,0,0,0,,,,
54,0,,,,0,0,,2026-05-25,0,0,,,,,,,,Bizon,,458,0,377,0,0,0,0,,,,
63,0,,,,0,0,,2026-05-25,0,0,,,,,,,,Bizon,,690,0,407,0,0,0,0,,,,
2,487,,,,7,0,,2026-05-25,99,4102,,,,,,,,Bizon,,1260,0,692,8,487,453,396,,,,
77,0,,,,0,0,,2026-05-25,50,0,,,,,,,,Bizon,,255,2,424,0,0,0,0,,,,
28,0,,,,0,0,,2026-05-25,45,0,,,,,,,,Bizon,,180,0,522,0,0,0,0,,,,
100,0,,,,4,0,,2026-05-26,150,4626,,,,,,,,Bizon,,274,4,114,0,0,0,420,,,,
112,1172,,,,7,7,,2026-05-26,150,9125,,,,,,,,Bizon,,206,0,150,8,1490,1500,783,,,,
73,292,,,,6,0,,2026-05-26,69,3202,,,,,,,,Bizon,,482,1,816,6,292,300,300,,,,
110,0,,,,0,0,,2026-05-26,30,166,,,,,,,,Bizon,,2,0,12,0,0,0,0,,,,
93,745,,,,15,5,,2026-05-26,150,6791,,,,,,,,Bizon,,469,6,374,10,743,750,750,,,,
94,0,,,,0,0,,2026-05-26,150,0,,,,,,,,Bizon,,415,0,182,0,0,0,0,,,,
36,27,,,,4,0,,2026-05-26,150,5103,,,,,,,,Bizon,,2551,5,1771,1,27,248,0,,,,
115,150,,,,3,0,,2026-05-26,30,2248,,,,,,,,Bizon,,37,1,9,2,150,150,150,,,,
114,295,,,,10,1,,2026-05-26,30,2562,,,,,,,,Bizon,,59,4,49,6,294,300,300,,,,
89,85,,,,2,1,,2026-05-26,125,2007,,,,,,,,Bizon,,171,2,213,0,84,2,0,,,,
11,0,,,,0,0,,2026-05-26,95,420,,,,,,,,Bizon,,1812,0,1313,0,0,0,4,,,,
99,324,,,,8,5,,2026-05-26,35,399,,,,,,,,Bizon,,163,3,60,7,319,310,130,,,,
55,43,,,,2,3,,2026-05-26,90,1191,,,,,,,,Bizon,,1380,0,797,2,40,450,450,,,,
95,0,,,,0,0,,2026-05-26,65,1408,,,,,,,,Bizon,,218,0,93,0,0,0,0,,,,
79,0,,,,0,0,,2026-05-26,70,1326,,,,,,,,Bizon,,434,0,307,0,0,0,0,,,,
5,0,,,,0,0,,2026-05-26,35,0,,,,,,,,Bizon,,994,0,594,0,0,0,0,,,,
76,0,,,,0,0,,2026-05-26,70,0,,,,,,,,Bizon,,581,0,293,0,0,0,0,,,,
12,143,,,,1,0,,2026-05-26,65,996,,,,,,,,Bizon,,462,1,616,0,143,13,76,,,,
116,741,,,,33,21,,2026-05-26,75,6188,,,,,,,,Bizon,,164,1,47,34,722,750,750,,,,
67,0,,,,0,0,,2026-05-26,70,0,,,,,,,,Bizon,,114,0,364,0,0,0,0,,,,
54,0,,,,0,0,,2026-05-26,0,0,,,,,,,,Bizon,,458,0,377,0,0,0,0,,,,
63,0,,,,0,0,,2026-05-26,0,0,,,,,,,,Bizon,,690,0,407,0,0,0,0,,,,
2,447,,,,5,5,,2026-05-26,99,4102,,,,,,,,Bizon,,1264,3,695,4,442,380,380,,,,
77,0,,,,1,0,,2026-05-26,50,0,,,,,,,,Bizon,,255,0,424,0,0,0,0,,,,
28,0,,,,0,0,,2026-05-26,45,0,,,,,,,,Bizon,,180,0,522,0,0,0,0,,,,
123,250,,,,4,0,,2026-05-26,30,589,,,,,,,,Bizon,,1,3,3,1,250,300,38,,,,
100,0,,,,1,0,,2026-05-27,150,4626,,,,,,,,Bizon,,274,1,115,0,0,542,687,,,,
112,1221,,,,16,4,,2026-05-27,150,9125,,,,,,,,Bizon,,222,2,152,16,1489,783,0,,,,
73,300,,,,5,0,,2026-05-27,69,3202,,,,,,,,Bizon,,487,1,817,5,300,300,300,,,,
110,0,,,,0,0,,2026-05-27,30,166,,,,,,,,Bizon,,2,0,12,0,0,0,0,,,,
93,750,,,,19,4,,2026-05-27,150,6791,,,,,,,,Bizon,,481,9,383,12,748,750,750,,,,
94,0,,,,0,0,,2026-05-27,150,0,,,,,,,,Bizon,,415,0,182,0,0,0,0,,,,
36,247,,,,2,0,,2026-05-27,150,5103,,,,,,,,Bizon,,2552,2,1773,1,247,723,750,,,,
115,150,,,,4,0,,2026-05-27,30,2248,,,,,,,,Bizon,,38,3,12,1,150,150,150,,,,
114,298,,,,10,0,,2026-05-27,30,2562,,,,,,,,Bizon,,68,2,51,9,298,300,300,,,,
89,1,,,,1,0,,2026-05-27,125,2007,,,,,,,,Bizon,,171,1,214,0,1,0,60,,,,
11,0,,,,0,0,,2026-05-27,95,420,,,,,,,,Bizon,,1812,0,1313,0,0,4,0,,,,
99,299,,,,11,2,,2026-05-27,35,399,,,,,,,,Bizon,,173,2,62,10,297,174,171,,,,
123,250,,,,3,0,,2026-05-27,30,589,,,,,,,,Bizon,,0,4,7,0,250,88,0,,,,
116,742,,,,36,22,,2026-05-27,75,6188,,,,,,,,Bizon,,191,13,60,27,722,750,744,,,,
55,446,,,,14,9,,2026-05-27,90,1191,,,,,,,,Bizon,,1389,7,804,9,437,450,450,,,,
95,0,,,,0,0,,2026-05-27,65,1408,,,,,,,,Bizon,,218,0,93,0,0,0,0,,,,
79,0,,,,0,0,,2026-05-27,70,1326,,,,,,,,Bizon,,434,0,307,0,0,0,0,,,,
5,0,,,,0,0,,2026-05-27,35,0,,,,,,,,Bizon,,994,0,594,0,0,0,0,,,,
76,0,,,,0,0,,2026-05-27,70,0,,,,,,,,Bizon,,581,0,293,0,0,0,0,,,,
12,13,,,,2,0,,2026-05-27,65,996,,,,,,,,Bizon,,462,2,618,0,13,76,0,,,,
67,0,,,,0,0,,2026-05-27,70,0,,,,,,,,Bizon,,114,0,364,0,0,0,0,,,,
54,0,,,,0,0,,2026-05-27,0,0,,,,,,,,Bizon,,458,0,377,0,0,0,0,,,,
63,0,,,,0,0,,2026-05-27,0,0,,,,,,,,Bizon,,690,0,407,0,0,0,0,,,,
2,372,,,,11,5,,2026-05-27,99,4102,,,,,,,,Bizon,,1272,4,699,8,367,380,396,,,,
77,0,,,,0,0,,2026-05-27,50,0,,,,,,,,Bizon,,255,0,424,0,0,0,0,,,,
28,0,,,,0,0,,2026-05-27,45,0,,,,,,,,Bizon,,180,0,522,0,0,0,0,,,,
100,59,,,,3,0,,2026-05-28,150,4626,,,,,,,,Bizon,,277,0,115,3,69,741,0,,,,
112,650,,,,10,1,,2026-05-28,150,9125,,,,,,,,Bizon,,239,0,152,17,783,0,0,,,,
73,269,,,,1,1,,2026-05-28,69,3202,,,,,,,,Bizon,,491,2,819,4,299,300,0,,,,
110,0,,,,0,0,,2026-05-28,30,166,,,,,,,,Bizon,,2,0,12,0,0,0,0,,,,
93,749,,,,8,0,,2026-05-28,150,6791,,,,,,,,Bizon,,484,7,390,3,750,750,0,,,,
94,0,,,,0,0,,2026-05-28,150,5566,,,,,,,,Bizon,,415,0,182,0,0,750,0,,,,
36,721,,,,11,2,,2026-05-28,150,5103,,,,,,,,Bizon,,2571,5,1778,19,719,750,0,,,,
115,143,,,,2,0,,2026-05-28,30,2248,,,,,,,,Bizon,,40,2,14,2,150,300,0,,,,
114,298,,,,5,0,,2026-05-28,30,2932,,,,,,,,Bizon,,72,2,53,4,298,300,0,,,,
89,0,,,,0,0,,2026-05-28,125,2007,,,,,,,,Bizon,,171,0,214,0,0,60,0,,,,
11,4,,,,0,0,,2026-05-28,95,420,,,,,,,,Bizon,,1812,0,1313,0,4,0,0,,,,
99,156,,,,11,0,,2026-05-28,35,399,,,,,,,,Bizon,,185,3,65,12,170,171,0,,,,
123,241,,,,2,0,,2026-05-28,30,1637,,,,,,,,Bizon,,0,3,10,0,250,297,0,,,,
116,668,,,,27,7,,2026-05-28,75,6188,,,,,,,,Bizon,,225,12,72,34,735,750,0,,,,
55,392,,,,8,6,,2026-05-28,90,1191,,,,,,,,Bizon,,1397,3,807,8,438,446,0,,,,
95,347,,,,1,2,,2026-05-28,65,1408,,,,,,,,Bizon,,219,4,97,1,345,109,0,,,,
79,0,,,,0,0,,2026-05-28,70,1326,,,,,,,,Bizon,,434,0,307,0,0,0,0,,,,
5,0,,,,0,0,,2026-05-28,35,0,,,,,,,,Bizon,,994,0,594,0,0,0,0,,,,
76,0,,,,0,0,,2026-05-28,70,873,,,,,,,,Bizon,,581,0,293,0,300,300,0,,,,
12,73,,,,1,0,,2026-05-28,65,996,,,,,,,,Bizon,,462,1,619,0,76,0,0,,,,
67,0,,,,0,0,,2026-05-28,70,0,,,,,,,,Bizon,,114,0,364,0,0,0,0,,,,
54,0,,,,0,0,,2026-05-28,0,0,,,,,,,,Bizon,,458,0,377,0,0,0,0,,,,
63,0,,,,0,0,,2026-05-28,0,0,,,,,,,,Bizon,,690,0,407,0,0,0,0,,,,
2,317,,,,8,5,,2026-05-28,99,4102,,,,,,,,Bizon,,1280,5,704,8,359,396,0,,,,
77,0,,,,0,0,,2026-05-28,50,0,,,,,,,,Bizon,,255,0,424,0,0,0,0,,,,
28,0,,,,0,0,,2026-05-28,45,0,,,,,,,,Bizon,,180,0,522,0,0,0,0,,,,
100,733,,,,25,0,,2026-05-29,150,4626,,,,,,,,Bizon,,299,5,120,22,733,0,0,,,,
112,0,,,,0,0,,2026-05-29,150,9125,,,,,,,,Bizon,,241,0,151,2,0,0,0,,,,
73,299,,,,6,3,,2026-05-29,69,3202,,,,,,,,Bizon,,498,0,819,7,296,0,0,,,,
110,0,,,,0,0,,2026-05-29,30,166,,,,,,,,Bizon,,2,0,12,0,0,0,0,,,,
93,749,,,,6,0,,2026-05-29,150,6791,,,,,,,,Bizon,,487,5,395,3,749,0,0,,,,
94,750,,,,30,6,,2026-05-29,150,5566,,,,,,,,Bizon,,444,3,185,29,744,0,0,,,,
36,745,,,,15,0,,2026-05-29,150,5103,,,,,,,,Bizon,,2585,8,1786,14,745,0,0,,,,
115,300,,,,2,0,,2026-05-29,30,2248,,,,,,,,Bizon,,42,0,14,2,300,0,0,,,,
114,293,,,,6,0,,2026-05-29,30,2932,,,,,,,,Bizon,,74,4,57,2,293,0,0,,,,
89,60,,,,1,0,,2026-05-29,125,2007,,,,,,,,Bizon,,171,3,217,0,60,0,0,,,,
11,255,,,,13,1,,2026-05-29,95,585,,,,,,,,Bizon,,1822,6,1319,10,254,0,0,,,,
99,158,,,,6,1,,2026-05-29,35,399,,,,,,,,Bizon,,191,1,66,6,157,0,0,,,,
123,250,,,,4,0,,2026-05-29,30,1637,,,,,,,,Bizon,,0,5,15,0,250,0,0,,,,
116,735,,,,29,6,,2026-05-29,75,6188,,,,,,,,Bizon,,245,10,82,20,729,0,0,,,,
55,431,,,,24,0,,2026-05-29,90,1191,,,,,,,,Bizon,,1415,9,816,18,431,0,0,,,,
95,107,,,,1,0,,2026-05-29,65,1408,,,,,,,,Bizon,,220,0,97,1,107,0,0,,,,
79,699,,,,15,4,,2026-05-29,70,2974,,,,,,,,Bizon,,446,7,314,12,695,0,0,,,,
5,0,,,,0,0,,2026-05-29,35,0,,,,,,,,Bizon,,994,0,594,0,0,0,0,,,,
76,256,,,,6,0,,2026-05-29,70,873,,,,,,,,Bizon,,599,3,296,18,256,0,0,,,,
12,0,,,,0,0,,2026-05-29,65,996,,,,,,,,Bizon,,462,0,619,0,0,0,0,,,,
67,0,,,,0,0,,2026-05-29,70,0,,,,,,,,Bizon,,114,0,364,0,0,0,0,,,,
54,0,,,,0,0,,2026-05-29,0,0,,,,,,,,Bizon,,458,0,377,0,0,0,0,,,,
63,0,,,,0,0,,2026-05-29,0,0,,,,,,,,Bizon,,690,0,407,0,0,0,0,,,,
2,383,,,,13,5,,2026-05-29,99,4102,,,,,,,,Bizon,,1290,5,709,10,378,0,0,,,,
77,0,,,,0,0,,2026-05-29,50,0,,,,,,,,Bizon,,255,0,424,0,0,0,0,,,,
28,0,,,,0,0,,2026-05-29,45,0,,,,,,,,Bizon,,180,0,522,0,0,0,0,,,,
100,0,,,,0,0,,2026-05-30,150,4626,,,,,,,,Bizon,,299,0,120,0,0,0,750,,,,
112,0,,,,0,0,,2026-05-30,150,9125,,,,,,,,Bizon,,241,0,151,0,0,0,0,,,,
73,0,,,,0,0,,2026-05-30,69,3202,,,,,,,,Bizon,,498,0,819,0,0,0,300,,,,
110,0,,,,0,0,,2026-05-30,30,166,,,,,,,,Bizon,,2,0,12,0,0,0,0,,,,
93,0,,,,0,0,,2026-05-30,150,6791,,,,,,,,Bizon,,487,0,395,0,0,0,750,,,,
94,0,,,,0,0,,2026-05-30,150,5566,,,,,,,,Bizon,,444,0,185,0,0,0,750,,,,
36,0,,,,0,1,,2026-05-30,150,5103,,,,,,,,Bizon,,2585,0,1786,0,0,0,750,,,,
115,0,,,,0,0,,2026-05-30,30,2248,,,,,,,,Bizon,,42,0,14,0,0,0,300,,,,
114,0,,,,1,0,,2026-05-30,30,2932,,,,,,,,Bizon,,74,1,58,0,0,0,300,,,,
89,0,,,,0,0,,2026-05-30,125,2007,,,,,,,,Bizon,,171,0,217,0,0,0,300,,,,
11,0,,,,0,0,,2026-05-30,95,585,,,,,,,,Bizon,,1822,0,1319,0,0,0,477,,,,
99,0,,,,0,0,,2026-05-30,35,399,,,,,,,,Bizon,,191,0,66,0,0,0,335,,,,
123,0,,,,0,0,,2026-05-30,30,1637,,,,,,,,Bizon,,0,1,16,0,0,0,300,,,,
116,0,,,,0,0,,2026-05-30,75,6188,,,,,,,,Bizon,,245,0,82,0,0,0,750,,,,
55,0,,,,0,0,,2026-05-30,90,1191,,,,,,,,Bizon,,1415,0,816,0,0,0,450,,,,
95,0,,,,0,0,,2026-05-30,65,1408,,,,,,,,Bizon,,220,0,97,0,0,0,125,,,,
79,0,,,,0,0,,2026-05-30,70,2974,,,,,,,,Bizon,,446,0,314,0,0,0,700,,,,
5,0,,,,0,0,,2026-05-30,35,0,,,,,,,,Bizon,,994,0,594,0,0,0,0,,,,
76,0,,,,0,0,,2026-05-30,70,873,,,,,,,,Bizon,,599,0,296,0,0,0,300,,,,
12,0,,,,0,0,,2026-05-30,65,996,,,,,,,,Bizon,,462,0,619,0,0,0,0,,,,
54,0,,,,0,0,,2026-05-30,0,0,,,,,,,,Bizon,,458,0,377,0,0,0,0,,,,
63,0,,,,0,0,,2026-05-30,0,0,,,,,,,,Bizon,,690,0,407,0,0,0,0,,,,
2,0,,,,0,0,,2026-05-30,99,4102,,,,,,,,Bizon,,1290,0,709,0,0,0,380,,,,
77,0,,,,0,0,,2026-05-30,50,0,,,,,,,,Bizon,,255,0,424,0,0,0,0,,,,
28,0,,,,0,0,,2026-05-30,45,0,,,,,,,,Bizon,,180,0,522,0,0,0,0,,,,
100,0,,,,0,0,,2026-05-31,150,4626,,,,,,,,Bizon,,299,0,120,0,0,750,750,,,,
112,0,,,,0,0,,2026-05-31,150,9125,,,,,,,,Bizon,,241,0,151,0,0,0,1479,,,,
73,0,,,,0,0,,2026-05-31,69,3202,,,,,,,,Bizon,,498,0,819,0,0,300,300,,,,
110,0,,,,0,0,,2026-05-31,30,166,,,,,,,,Bizon,,2,0,12,0,0,0,0,,,,
93,0,,,,0,0,,2026-05-31,150,6791,,,,,,,,Bizon,,487,0,395,0,0,750,750,,,,
94,0,,,,0,0,,2026-05-31,150,5566,,,,,,,,Bizon,,444,0,185,0,0,750,750,,,,
36,0,,,,0,0,,2026-05-31,150,5103,,,,,,,,Bizon,,2585,0,1786,0,0,750,750,,,,
115,0,,,,0,0,,2026-05-31,30,2248,,,,,,,,Bizon,,42,0,14,0,0,300,214,,,,
114,0,,,,0,0,,2026-05-31,30,2932,,,,,,,,Bizon,,74,0,58,0,0,300,300,,,,
89,0,,,,0,0,,2026-05-31,125,2007,,,,,,,,Bizon,,171,0,217,0,0,300,288,,,,
11,0,,,,0,0,,2026-05-31,95,585,,,,,,,,Bizon,,1822,0,1319,0,0,477,300,,,,
99,0,,,,0,0,,2026-05-31,35,399,,,,,,,,Bizon,,191,0,66,0,0,335,289,,,,
123,0,,,,1,0,,2026-05-31,30,1637,,,,,,,,Bizon,,0,1,17,0,0,300,300,,,,
116,0,,,,1,0,,2026-05-31,75,6188,,,,,,,,Bizon,,245,2,84,0,0,750,750,,,,
55,0,,,,0,0,,2026-05-31,90,1191,,,,,,,,Bizon,,1415,0,816,0,0,450,450,,,,
95,0,,,,0,0,,2026-05-31,65,1408,,,,,,,,Bizon,,220,0,97,0,0,125,248,,,,
79,0,,,,0,0,,2026-05-31,70,2974,,,,,,,,Bizon,,446,0,314,0,0,700,692,,,,
5,0,,,,0,0,,2026-05-31,35,0,,,,,,,,Bizon,,994,0,594,0,0,0,0,,,,
76,0,,,,0,0,,2026-05-31,70,873,,,,,,,,Bizon,,599,0,296,0,0,300,300,,,,
12,0,,,,0,0,,2026-05-31,65,996,,,,,,,,Bizon,,462,0,619,0,0,0,141,,,,
54,0,,,,0,0,,2026-05-31,0,0,,,,,,,,Bizon,,458,0,377,0,0,0,0,,,,
63,0,,,,0,0,,2026-05-31,0,0,,,,,,,,Bizon,,690,0,407,0,0,0,0,,,,
2,0,,,,0,0,,2026-05-31,99,4102,,,,,,,,Bizon,,1290,0,709,0,0,380,397,,,,
77,0,,,,0,0,,2026-05-31,50,0,,,,,,,,Bizon,,255,0,424,0,0,0,0,,,,
28,0,,,,0,0,,2026-05-31,45,0,,,,,,,,Bizon,,180,0,522,0,0,0,0,,,,
100,718,,,,27,0,,2026-06-01,150,0,,,,,,,,Bizon,,314,12,132,15,718,750,750,,,,
112,0,,,,0,0,,2026-06-01,150,0,,,,,,,,Bizon,,241,0,151,0,0,1479,1465,,,,
73,298,,,,9,2,,2026-06-01,69,0,,,,,,,,Bizon,,505,4,823,7,296,299,300,,,,
110,300,,,,7,22,,2026-06-01,30,723,,,,,,,,Bizon,,7,2,14,5,278,300,123,,,,
93,735,,,,16,2,,2026-06-01,150,0,,,,,,,,Bizon,,496,8,403,9,733,750,750,,,,
94,749,,,,27,16,,2026-06-01,150,0,,,,,,,,Bizon,,466,9,194,22,733,751,750,,,,
36,748,,,,9,0,,2026-06-01,150,0,,,,,,,,Bizon,,2594,4,1790,9,748,750,750,,,,
115,298,,,,5,2,,2026-06-01,30,0,,,,,,,,Bizon,,47,1,15,5,296,214,150,,,,
114,288,,,,18,4,,2026-06-01,30,0,,,,,,,,Bizon,,91,3,61,17,284,300,300,,,,
89,570,,,,5,1,,2026-06-01,125,2079,,,,,,,,Bizon,,174,2,219,3,569,588,753,,,,
11,458,,,,9,4,,2026-06-01,95,0,,,,,,,,Bizon,,1828,4,1323,6,454,301,80,,,,
99,323,,,,9,1,,2026-06-01,35,0,,,,,,,,Bizon,,197,3,69,6,322,289,197,,,,
123,250,,,,7,0,,2026-06-01,30,0,,,,,,,,Bizon,,2,6,23,2,250,300,263,,,,
116,724,,,,28,1,,2026-06-01,75,0,,,,,,,,Bizon,,269,7,91,24,723,750,748,,,,
55,442,,,,13,8,,2026-06-01,90,0,,,,,,,,Bizon,,1421,8,824,6,434,447,450,,,,
95,117,,,,6,0,,2026-06-01,65,0,,,,,,,,Bizon,,221,5,102,1,117,248,59,,,,
79,698,,,,14,7,,2026-06-01,70,0,,,,,,,,Bizon,,460,5,319,14,691,660,103,,,,
5,0,,,,0,0,,2026-06-01,35,0,,,,,,,,Bizon,,994,0,594,0,0,0,0,,,,
76,278,,,,6,3,,2026-06-01,70,303,,,,,,,,Bizon,,605,0,296,6,275,300,177,,,,
12,0,,,,1,0,,2026-06-01,65,0,,,,,,,,Bizon,,462,1,620,0,0,141,280,,,,
54,0,,,,0,0,,2026-06-01,0,0,,,,,,,,Bizon,,458,0,377,0,0,0,0,,,,
63,0,,,,0,0,,2026-06-01,0,0,,,,,,,,Bizon,,690,0,407,0,0,0,0,,,,
2,368,,,,21,3,,2026-06-01,99,0,,,,,,,,Bizon,,1302,11,720,12,365,397,399,,,,
77,0,,,,0,0,,2026-06-01,50,3964,,,,,,,,Bizon,,255,0,424,0,0,0,0,,,,
28,0,,,,0,0,,2026-06-01,45,0,,,,,,,,Bizon,,180,0,522,0,0,0,0,,,,
100,300,,,,8,1,,2026-06-02,150,0,,,,,,,,Bizon,,319,4,136,5,299,750,725,,,,
112,733,,,,2,1,,2026-06-02,150,0,,,,,,,,Bizon,,242,1,152,1,1006,1937,771,,,,
73,182,,,,1,0,,2026-06-02,69,0,,,,,,,,Bizon,,505,1,824,0,182,411,300,,,,
110,0,,,,3,0,,2026-06-02,30,723,,,,,,,,Bizon,,7,3,17,0,0,300,118,,,,
93,0,,,,4,0,,2026-06-02,150,0,,,,,,,,Bizon,,496,4,407,0,0,750,750,,,,
94,489,,,,14,10,,2026-06-02,150,0,,,,,,,,Bizon,,478,3,197,12,479,1011,750,,,,
36,534,,,,4,0,,2026-06-02,150,0,,,,,,,,Bizon,,2602,1,1791,8,537,750,454,,,,
115,150,,,,3,1,,2026-06-02,30,0,,,,,,,,Bizon,,49,2,17,2,208,150,150,,,,
114,207,,,,4,0,,2026-06-02,30,0,,,,,,,,Bizon,,92,4,65,1,296,300,300,,,,
89,390,,,,2,1,,2026-06-02,125,2079,,,,,,,,Bizon,,176,0,219,2,389,761,613,,,,
11,0,,,,2,0,,2026-06-02,95,0,,,,,,,,Bizon,,1829,1,1324,1,0,313,68,,,,
99,197,,,,5,1,,2026-06-02,35,0,,,,,,,,Bizon,,202,1,70,5,196,233,129,,,,
123,178,,,,3,0,,2026-06-02,30,0,,,,,,,,Bizon,,1,4,27,0,178,297,263,,,,
116,504,,,,24,2,,2026-06-02,75,0,,,,,,,,Bizon,,291,3,94,22,515,750,749,,,,
55,299,,,,9,0,,2026-06-02,90,0,,,,,,,,Bizon,,1433,1,825,12,426,448,447,,,,
95,113,,,,4,0,,2026-06-02,65,0,,,,,,,,Bizon,,225,0,102,4,113,192,0,,,,
79,486,,,,18,1,,2026-06-02,70,0,,,,,,,,Bizon,,477,1,320,17,485,274,0,,,,
5,0,,,,0,0,,2026-06-02,35,0,,,,,,,,Bizon,,994,0,594,0,0,0,0,,,,
76,275,,,,5,2,,2026-06-02,70,2300,,,,,,,,Bizon,,611,1,297,6,285,300,300,,,,
12,70,,,,0,0,,2026-06-02,65,0,,,,,,,,Bizon,,462,1,621,0,70,298,53,,,,
54,0,,,,0,0,,2026-06-02,0,0,,,,,,,,Bizon,,458,0,377,0,0,0,0,,,,
63,0,,,,0,0,,2026-06-02,0,0,,,,,,,,Bizon,,690,0,407,0,0,0,0,,,,
2,282,,,,10,1,,2026-06-02,99,0,,,,,,,,Bizon,,1309,4,724,7,364,402,385,,,,
77,575,,,,15,3,,2026-06-02,50,3964,,,,,,,,Bizon,,270,3,427,15,610,350,350,,,,
28,0,,,,0,0,,2026-06-02,45,0,,,,,,,,Bizon,,180,0,522,0,0,0,0,,,,
113,0,,,,0,0,,2026-06-02,75,1031,,,,,,,,Bizon,,0,0,0,0,0,750,750,,,,
100,482,,,,16,2,,2026-06-03,150,0,,,,,,,,Bizon,,333,3,139,14,480,737,713,,,,
112,771,,,,2,1,,2026-06-03,150,0,,,,,,,,Bizon,,246,0,152,4,1023,1772,48,,,,
73,213,,,,3,0,,2026-06-03,69,0,,,,,,,,Bizon,,506,2,826,1,213,386,300,,,,
110,152,,,,2,16,,2026-06-03,30,723,,,,,,,,Bizon,,9,2,19,2,136,241,0,,,,
93,415,,,,3,0,,2026-06-03,150,0,,,,,,,,Bizon,,498,1,408,2,415,750,750,,,,
94,507,,,,24,10,,2026-06-03,150,0,,,,,,,,Bizon,,498,5,202,20,497,993,750,,,,
36,683,,,,19,0,,2026-06-03,150,0,,,,,,,,Bizon,,2618,10,1801,16,684,518,4,27,40,40,40
115,123,,,,2,0,,2026-06-03,30,0,,,,,,,,Bizon,,50,1,18,1,126,153,300,,,,
114,218,,,,6,1,,2026-06-03,30,0,,,,,,,,Bizon,,94,5,70,2,217,300,300,,,,
89,576,,,,10,2,,2026-06-03,125,2079,,,,,,,,Bizon,,181,6,225,5,576,622,800,,,,
11,26,,,,0,0,,2026-06-03,60,0,,,,,,,,Bizon,,1829,0,1324,0,26,0,240,,,,
99,139,,,,5,1,,2026-06-03,35,0,,,,,,,,Bizon,,206,2,72,4,138,175,43,,,,
123,187,,,,2,0,,2026-06-03,30,0,,,,,,,,Bizon,,1,2,29,0,187,299,258,,,,
116,546,,,,29,1,,2026-06-03,75,0,,,,,,,,Bizon,,316,7,101,25,549,750,750,,,,
55,406,,,,18,2,,2026-06-03,90,0,,,,,,,,Bizon,,1444,8,833,11,404,445,445,,,,
95,142,,,,5,0,,2026-06-03,65,0,,,,,,,,Bizon,,229,1,103,4,142,50,0,,,,
79,213,,,,9,0,,2026-06-03,70,0,,,,,,,,Bizon,,482,6,326,5,213,60,680,,,,
5,0,,,,0,0,,2026-06-03,35,0,,,,,,,,Bizon,,994,0,594,0,0,0,0,,,,
76,215,,,,12,0,,2026-06-03,70,2300,,,,,,,,Bizon,,618,6,303,7,222,300,300,,,,
12,217,,,,8,0,,2026-06-03,65,0,,,,,,,,Bizon,,468,3,624,6,217,133,0,,,,
113,552,,,,20,5,,2026-06-03,75,1031,,,,,,,,Bizon,,20,2,2,20,547,750,750,,,,
54,0,,,,0,0,,2026-06-03,0,0,,,,,,,,Bizon,,458,0,377,0,0,0,0,,,,
63,0,,,,0,0,,2026-06-03,0,0,,,,,,,,Bizon,,690,0,407,0,0,0,0,,,,
2,373,,,,8,0,,2026-06-03,99,0,,,,,,,,Bizon,,1313,4,728,4,383,388,380,,,,
77,321,,,,14,2,,2026-06-03,50,3964,,,,,,,,Bizon,,277,9,436,7,341,357,350,,,,
28,0,,,,0,0,,2026-06-03,45,0,,,,,,,,Bizon,,180,0,522,0,0,0,0,,,,
100,470,,,,25,0,,2026-06-04,150,0,,,,,,,,Bizon,,358,1,140,25,470,739,0,,,,
112,493,,,,2,0,,2026-06-04,150,0,,,,,,,,Bizon,,248,1,153,2,758,1183,0,,,,
73,191,,,,2,1,,2026-06-04,69,0,,,,,,,,Bizon,,508,0,826,2,190,407,0,,,,
110,141,,,,4,11,,2026-06-04,30,723,,,,,,,,Bizon,,12,1,20,3,130,84,0,,,,
93,569,,,,7,0,,2026-06-04,150,0,,,,,,,,Bizon,,506,2,410,8,569,750,0,,,,
94,480,,,,21,11,,2026-06-04,150,0,,,,,,,,Bizon,,520,4,206,22,469,1013,0,,,,
36,467,,,,14,0,,2026-06-04,150,0,,,,,,,,Bizon,,2633,3,1804,15,467,55,0,,,,
115,136,,,,2,0,,2026-06-04,30,0,,,,,,,,Bizon,,52,0,18,2,136,300,0,,,,
114,235,,,,7,1,,2026-06-04,30,0,,,,,,,,Bizon,,101,0,70,7,259,318,0,,,,
89,484,,,,7,0,,2026-06-04,125,2079,,,,,,,,Bizon,,185,4,229,4,485,803,0,,,,
11,0,,,,0,0,,2026-06-04,60,0,,,,,,,,Bizon,,1829,0,1324,0,0,240,0,,,,
99,105,,,,12,1,,2026-06-04,35,0,,,,,,,,Bizon,,220,0,72,14,104,88,0,,,,
123,205,,,,3,0,,2026-06-04,30,0,,,,,,,,Bizon,,2,3,32,1,205,286,0,,,,
116,602,,,,38,0,,2026-06-04,75,0,,,,,,,,Bizon,,358,3,104,42,634,750,0,,,,
55,420,,,,28,1,,2026-06-04,90,0,,,,,,,,Bizon,,1474,2,835,30,424,447,0,,,,
95,42,,,,2,0,,2026-06-04,65,0,,,,,,,,Bizon,,231,0,103,2,42,8,0,,,,
79,53,,,,3,0,,2026-06-04,70,0,,,,,,,,Bizon,,484,1,327,2,53,679,0,,,,
5,0,,,,0,0,,2026-06-04,35,0,,,,,,,,Bizon,,994,0,594,0,0,0,0,,,,
76,244,,,,7,1,,2026-06-04,70,2300,,,,,,,,Bizon,,625,1,304,7,243,300,0,,,,
12,99,,,,2,0,,2026-06-04,65,0,,,,,,,,Bizon,,470,1,625,2,99,34,0,,,,
113,470,,,,16,9,,2026-06-04,75,1031,,,,,,,,Bizon,,37,0,2,17,462,750,0,,,,
54,0,,,,0,0,,2026-06-04,0,0,,,,,,,,Bizon,,458,0,377,0,0,0,0,,,,
63,0,,,,0,0,,2026-06-04,0,0,,,,,,,,Bizon,,690,0,407,0,0,0,0,,,,
2,359,,,,11,0,,2026-06-04,99,0,,,,,,,,Bizon,,1325,0,728,12,370,388,0,,,,
77,327,,,,10,1,,2026-06-04,50,3964,,,,,,,,Bizon,,286,1,437,9,338,360,0,,,,
28,0,,,,0,0,,2026-06-04,45,0,,,,,,,,Bizon,,180,0,522,0,0,0,0,,,,
100,432,,,,63,2,,2026-06-05,150,0,,,,,,,,Bizon,,421,4,144,63,430,0,0,,,,
112,0,,,,0,0,,2026-06-05,150,0,,,,,,,,Bizon,,249,0,152,1,1248,0,0,,,,
73,197,,,,1,1,,2026-06-05,69,0,,,,,,,,Bizon,,508,1,827,0,196,103,0,,,,
110,71,,,,2,4,,2026-06-05,30,723,,,,,,,,Bizon,,14,1,21,2,67,0,0,,,,
93,700,,,,5,0,,2026-06-05,150,0,,,,,,,,Bizon,,512,0,410,6,700,0,0,,,,
94,475,,,,34,7,,2026-06-05,150,0,,,,,,,,Bizon,,551,6,212,31,468,273,0,,,,
36,51,,,,4,0,,2026-06-05,150,0,,,,,,,,Bizon,,2636,2,1806,3,52,1,0,,,,
115,280,,,,4,0,,2026-06-05,30,0,,,,,,,,Bizon,,57,0,18,5,289,3,0,,,,
114,278,,,,5,1,,2026-06-05,30,0,,,,,,,,Bizon,,106,0,70,5,287,9,0,,,,
89,728,,,,12,4,,2026-06-05,125,2079,,,,,,,,Bizon,,191,9,238,6,737,15,0,,,,
11,226,,,,9,1,,2026-06-05,60,0,,,,,,,,Bizon,,1838,0,1324,9,234,5,0,,,,
99,48,,,,4,0,,2026-06-05,35,0,,,,,,,,Bizon,,224,0,72,4,48,31,0,,,,
123,230,,,,6,0,,2026-06-05,30,0,,,,,,,,Bizon,,3,5,37,1,242,44,0,,,,
116,680,,,,48,2,,2026-06-05,75,0,,,,,,,,Bizon,,403,6,110,45,716,24,0,,,,
55,404,,,,29,1,,2026-06-05,90,0,,,,,,,,Bizon,,1502,4,839,28,425,18,0,,,,
95,4,,,,0,0,,2026-06-05,65,0,,,,,,,,Bizon,,231,0,103,0,8,0,0,,,,
79,625,,,,10,3,,2026-06-05,70,0,,,,,,,,Bizon,,496,0,327,12,652,22,0,,,,
5,0,,,,0,0,,2026-06-05,35,0,,,,,,,,Bizon,,994,0,594,0,0,0,0,,,,
76,273,,,,12,0,,2026-06-05,70,2300,,,,,,,,Bizon,,641,1,305,16,283,13,0,,,,
12,30,,,,2,0,,2026-06-05,65,0,,,,,,,,Bizon,,470,2,627,0,30,0,0,,,,
113,659,,,,20,5,,2026-06-05,75,1031,,,,,,,,Bizon,,55,4,6,18,654,0,0,,,,
54,0,,,,0,0,,2026-06-05,0,0,,,,,,,,Bizon,,458,0,377,0,0,0,0,,,,
63,0,,,,0,0,,2026-06-05,0,0,,,,,,,,Bizon,,690,0,407,0,0,0,0,,,,
2,345,,,,11,2,,2026-06-05,99,0,,,,,,,,Bizon,,1335,2,730,10,363,11,0,,,,
77,317,,,,10,3,,2026-06-05,50,3964,,,,,,,,Bizon,,295,1,438,9,328,17,0,,,,
28,0,,,,0,0,,2026-06-05,45,0,,,,,,,,Bizon,,180,0,522,0,0,0,0,,,,
100,0,,,,1,0,,2026-06-06,150,0,,,,,,,,Bizon,,421,1,145,0,0,0,633,,,,
73,0,,,,0,0,,2026-06-06,69,0,,,,,,,,Bizon,,508,0,827,0,0,0,300,,,,
110,0,,,,0,0,,2026-06-06,30,723,,,,,,,,Bizon,,14,0,21,0,0,0,300,,,,
93,0,,,,0,0,,2026-06-06,150,0,,,,,,,,Bizon,,512,0,410,0,0,0,750,,,,
94,0,,,,0,0,,2026-06-06,150,0,,,,,,,,Bizon,,551,0,212,0,0,0,750,,,,
36,0,,,,0,0,,2026-06-06,150,0,,,,,,,,Bizon,,2636,0,1806,0,0,0,4,,,,
115,0,,,,1,0,,2026-06-06,30,0,,,,,,,,Bizon,,57,1,19,0,0,0,299,,,,
114,0,,,,0,1,,2026-06-06,30,0,,,,,,,,Bizon,,106,0,70,0,0,0,300,,,,
89,0,,,,1,0,,2026-06-06,125,2079,,,,,,,,Bizon,,191,1,239,0,0,0,560,,,,
11,0,,,,0,0,,2026-06-06,60,0,,,,,,,,Bizon,,1838,0,1324,0,0,0,130,,,,
99,0,,,,0,0,,2026-06-06,35,0,,,,,,,,Bizon,,224,0,72,0,0,0,36,,,,
123,0,,,,0,0,,2026-06-06,30,0,,,,,,,,Bizon,,3,0,37,0,0,0,262,,,,
116,0,,,,3,0,,2026-06-06,75,0,,,,,,,,Bizon,,403,3,113,0,0,0,750,,,,
55,0,,,,0,0,,2026-06-06,90,0,,,,,,,,Bizon,,1503,0,838,1,0,0,433,,,,
79,0,,,,0,0,,2026-06-06,70,0,,,,,,,,Bizon,,496,0,327,0,0,0,690,,,,
76,0,,,,0,0,,2026-06-06,70,2300,,,,,,,,Bizon,,641,0,305,0,0,0,300,,,,
12,0,,,,0,0,,2026-06-06,65,0,,,,,,,,Bizon,,470,0,627,0,0,0,290,,,,
113,0,,,,0,0,,2026-06-06,75,1031,,,,,,,,Bizon,,55,0,6,0,0,0,750,,,,
54,0,,,,0,0,,2026-06-06,0,0,,,,,,,,Bizon,,458,0,377,0,0,0,0,,,,
63,0,,,,0,0,,2026-06-06,0,0,,,,,,,,Bizon,,690,0,407,0,0,0,0,,,,
2,0,,,,0,0,,2026-06-06,99,0,,,,,,,,Bizon,,1335,0,730,0,0,0,380,,,,
77,0,,,,0,0,,2026-06-06,50,3964,,,,,,,,Bizon,,295,0,438,0,0,0,350,,,,
28,0,,,,0,0,,2026-06-06,45,0,,,,,,,,Bizon,,180,0,522,0,0,0,0,,,,
100,0,,,,0,0,,2026-06-07,150,0,,,,,,,,Bizon,,421,0,145,0,0,633,445,,,,
73,0,,,,0,0,,2026-06-07,69,0,,,,,,,,Bizon,,508,0,827,0,0,300,300,,,,
110,0,,,,0,0,,2026-06-07,30,723,,,,,,,,Bizon,,14,0,21,0,0,300,110,,,,
93,0,,,,0,0,,2026-06-07,150,0,,,,,,,,Bizon,,512,0,410,0,0,750,750,,,,
94,0,,,,0,0,,2026-06-07,150,0,,,,,,,,Bizon,,554,0,209,3,0,750,750,,,,
36,0,,,,0,0,,2026-06-07,150,0,,,,,,,,Bizon,,2636,0,1806,0,0,4,0,,,,
115,0,,,,0,0,,2026-06-07,30,0,,,,,,,,Bizon,,57,0,19,0,0,299,202,,,,
114,0,,,,0,0,,2026-06-07,30,0,,,,,,,,Bizon,,106,0,70,0,0,300,174,,,,
89,0,,,,0,0,,2026-06-07,125,2079,,,,,,,,Bizon,,191,0,239,0,0,560,384,,,,
11,0,,,,0,0,,2026-06-07,60,0,,,,,,,,Bizon,,1838,0,1324,0,0,130,0,,,,
99,0,,,,0,0,,2026-06-07,35,0,,,,,,,,Bizon,,224,0,72,0,0,36,0,,,,
123,0,,,,1,0,,2026-06-07,30,0,,,,,,,,Bizon,,3,1,38,0,0,262,249,,,,
116,0,,,,0,0,,2026-06-07,75,0,,,,,,,,Bizon,,403,0,113,0,0,750,737,,,,
55,0,,,,0,0,,2026-06-07,90,0,,,,,,,,Bizon,,1503,0,838,0,0,433,163,,,,
79,0,,,,0,0,,2026-06-07,70,0,,,,,,,,Bizon,,496,0,327,0,0,690,504,,,,
76,0,,,,0,0,,2026-06-07,70,2300,,,,,,,,Bizon,,641,0,305,0,0,300,300,,,,
12,0,,,,0,0,,2026-06-07,65,0,,,,,,,,Bizon,,470,0,627,0,0,290,144,,,,
113,0,,,,0,0,,2026-06-07,75,1031,,,,,,,,Bizon,,55,0,6,0,0,750,750,,,,
54,0,,,,0,0,,2026-06-07,0,0,,,,,,,,Bizon,,458,0,377,0,0,0,0,,,,
63,0,,,,0,0,,2026-06-07,0,0,,,,,,,,Bizon,,690,0,407,0,0,0,0,,,,
2,0,,,,0,0,,2026-06-07,99,0,,,,,,,,Bizon,,1335,0,730,0,0,380,380,,,,
77,0,,,,0,0,,2026-06-07,50,3964,,,,,,,,Bizon,,295,0,438,0,0,350,350,,,,
28,0,,,,0,0,,2026-06-07,45,0,,,,,,,,Bizon,,180,0,522,0,0,0,0,,,,
100,369,,,,22,1,,2026-06-08,150,0,,,,,,,,Bizon,,426,18,163,5,368,670,476,,,,
73,195,,,,10,4,,2026-06-08,69,0,,,,,,,,Bizon,,516,2,829,8,191,403,300,,,,
110,205,,,,3,2,,2026-06-08,30,723,,,,,,,,Bizon,,15,2,23,1,203,147,134,,,,
93,669,,,,8,2,,2026-06-08,150,0,,,,,,,,Bizon,,518,2,412,6,667,750,750,,,,
94,304,,,,17,7,,2026-06-08,150,0,,,,,,,,Bizon,,569,2,211,15,297,456,380,,,,
36,648,,,,19,1,,2026-06-08,150,5388,,,,,,,,Bizon,,2647,16,1822,11,647,750,750,,,,
115,281,,,,2,0,,2026-06-08,30,0,,,,,,,,Bizon,,59,1,20,2,288,213,160,,,,
114,291,,,,6,0,,2026-06-08,30,751,,,,,,,,Bizon,,110,2,72,4,291,281,300,,,,
89,508,,,,7,2,,2026-06-08,125,2079,,,,,,,,Bizon,,192,8,247,1,515,407,301,,,,
11,119,,,,1,1,,2026-06-08,60,0,,,,,,,,Bizon,,1841,0,1324,3,125,4,0,,,,
99,18,,,,0,0,,2026-06-08,35,0,,,,,,,,Bizon,,224,0,72,0,18,18,8,,,,
123,233,,,,4,0,,2026-06-08,30,0,,,,,,,,Bizon,,3,5,43,0,241,271,248,,,,
116,674,,,,28,1,,2026-06-08,75,0,,,,,,,,Bizon,,423,10,123,20,701,738,682,,,,
55,408,,,,13,0,,2026-06-08,90,0,,,,,,,,Bizon,,1507,10,848,4,419,169,10,,,,
79,641,,,,10,0,,2026-06-08,70,0,,,,,,,,Bizon,,501,6,333,5,666,525,216,,,,
76,255,,,,6,2,,2026-06-08,70,2300,,,,,,,,Bizon,,643,5,310,2,253,300,300,,,,
12,255,,,,6,0,,2026-06-08,65,0,,,,,,,,Bizon,,472,4,631,2,268,166,13,,,,
113,675,,,,20,9,,2026-06-08,75,1031,,,,,,,,Bizon,,69,8,14,14,666,750,750,,,,
54,0,,,,0,0,,2026-06-08,0,0,,,,,,,,Bizon,,458,0,377,0,0,0,0,,,,
63,0,,,,0,0,,2026-06-08,0,0,,,,,,,,Bizon,,690,0,407,0,0,0,0,,,,
2,341,,,,14,5,,2026-06-08,99,0,,,,,,,,Bizon,,1344,7,737,9,348,394,380,,,,
77,331,,,,7,6,,2026-06-08,50,3964,,,,,,,,Bizon,,301,3,441,6,337,356,350,,,,
28,0,,,,0,0,,2026-06-08,45,0,,,,,,,,Bizon,,180,0,522,0,0,0,0,,,,
100,404,,,,11,0,,2026-06-09,150,0,,,,,,,,Bizon,,435,4,167,9,404,723,444,,,,
73,216,,,,6,1,,2026-06-09,69,0,,,,,,,,Bizon,,522,0,829,6,215,384,300,,,,
110,121,,,,4,0,,2026-06-09,30,723,,,,,,,,Bizon,,17,2,25,2,121,152,126,,,,
93,711,,,,9,0,,2026-06-09,150,0,,,,,,,,Bizon,,520,7,419,2,711,750,750,,,,
94,521,,,,16,11,,2026-06-09,150,0,,,,,,,,Bizon,,585,3,214,16,511,874,750,,,,
36,703,,,,28,5,,2026-06-09,150,5388,,,,,,,,Bizon,,2670,6,1828,23,699,996,1458,,,,
115,195,,,,3,1,,2026-06-09,30,0,,,,,,,,Bizon,,61,1,21,2,197,171,164,,,,
114,274,,,,10,0,,2026-06-09,30,751,,,,,,,,Bizon,,115,5,77,5,275,300,284,,,,
89,358,,,,4,1,,2026-06-09,125,2079,,,,,,,,Bizon,,195,3,250,3,369,314,300,,,,
11,290,,,,7,7,,2026-06-09,60,2186,,,,,,,,Bizon,,1846,5,1329,5,283,300,300,,,,
99,13,,,,0,0,,2026-06-09,35,0,,,,,,,,Bizon,,224,0,72,0,13,13,7,,,,
123,236,,,,6,0,,2026-06-09,30,0,,,,,,,,Bizon,,4,6,49,1,244,261,212,,,,
116,680,,,,20,0,,2026-06-09,75,0,,,,,,,,Bizon,,440,6,129,17,691,692,711,,,,
55,170,,,,7,1,,2026-06-09,90,0,,,,,,,,Bizon,,1510,5,853,3,174,14,38,,,,
79,512,,,,10,0,,2026-06-09,70,0,,,,,,,,Bizon,,508,4,337,7,525,236,53,,,,
76,276,,,,8,2,,2026-06-09,70,2300,,,,,,,,Bizon,,644,7,317,1,274,300,300,,,,
12,162,,,,4,1,,2026-06-09,65,0,,,,,,,,Bizon,,473,4,635,1,168,23,76,,,,
113,696,,,,8,4,,2026-06-09,75,1031,,,,,,,,Bizon,,79,0,14,10,692,750,750,,,,
54,0,,,,0,0,,2026-06-09,0,0,,,,,,,,Bizon,,458,0,377,0,0,0,0,,,,
63,0,,,,0,0,,2026-06-09,0,0,,,,,,,,Bizon,,690,0,407,0,0,0,0,,,,
2,353,,,,9,2,,2026-06-09,99,0,,,,,,,,Bizon,,1351,3,740,7,361,389,380,,,,
77,329,,,,16,0,,2026-06-09,50,3964,,,,,,,,Bizon,,310,8,449,9,342,358,350,,,,
28,0,,,,0,0,,2026-06-09,45,0,,,,,,,,Bizon,,180,0,522,0,0,0,0,,,,
100,14,,,,0,0,,2026-06-10,150,0,,,,,,,,Bizon,,435,0,167,0,14,2,0,,,,
73,106,,,,2,1,,2026-06-10,69,0,,,,,,,,Bizon,,523,2,831,1,105,493,300,,,,
110,142,,,,4,3,,2026-06-10,30,723,,,,,,,,Bizon,,18,4,29,1,139,126,65,,,,
93,750,,,,8,0,,2026-06-10,150,0,,,,,,,,Bizon,,524,5,424,4,750,750,750,,,,
94,279,,,,17,3,,2026-06-10,150,0,,,,,,,,Bizon,,602,1,215,17,276,989,750,,,,
36,853,,,,23,7,,2026-06-10,150,5388,,,,,,,,Bizon,,2683,13,1841,13,846,1458,992,,,,
115,0,,,,0,0,,2026-06-10,30,0,,,,,,,,Bizon,,61,0,21,0,166,164,150,,,,
114,299,,,,9,1,,2026-06-10,30,751,,,,,,,,Bizon,,120,4,81,5,298,297,288,,,,
89,281,,,,1,0,,2026-06-10,125,2079,,,,,,,,Bizon,,196,0,250,1,281,300,300,,,,
11,289,,,,11,8,,2026-06-10,60,2186,,,,,,,,Bizon,,1856,3,1332,10,283,300,300,,,,
99,119,,,,5,2,,2026-06-10,35,716,,,,,,,,Bizon,,228,1,73,4,117,280,210,,,,
123,250,,,,4,0,,2026-06-10,30,0,,,,,,,,Bizon,,5,4,53,1,250,224,161,,,,
116,688,,,,22,0,,2026-06-10,75,0,,,,,,,,Bizon,,451,12,141,11,688,711,435,,,,
55,19,,,,1,0,,2026-06-10,90,0,,,,,,,,Bizon,,1510,1,854,0,19,38,298,,,,
79,247,,,,4,0,,2026-06-10,70,0,,,,,,,,Bizon,,510,3,340,2,247,54,0,,,,
76,300,,,,16,0,,2026-06-10,70,3946,,,,,,,,Bizon,,652,10,327,8,300,300,300,,,,
12,352,,,,5,5,,2026-06-10,65,127,,,,,,,,Bizon,,478,2,637,5,347,3,0,,,,
113,750,,,,13,3,,2026-06-10,75,1031,,,,,,,,Bizon,,87,6,20,8,747,750,750,,,,
54,0,,,,0,0,,2026-06-10,0,0,,,,,,,,Bizon,,458,0,377,0,0,0,0,,,,
63,0,,,,0,0,,2026-06-10,0,0,,,,,,,,Bizon,,690,0,407,0,0,0,0,,,,
2,366,,,,10,4,,2026-06-10,99,0,,,,,,,,Bizon,,1360,4,744,9,362,380,365,,,,
77,348,,,,12,4,,2026-06-10,50,3964,,,,,,,,Bizon,,320,2,451,10,344,350,350,,,,
28,0,,,,0,0,,2026-06-10,45,0,,,,,,,,Bizon,,180,0,522,0,0,0,0,,,,
100,2,,,,1,0,,2026-06-11,150,0,,,,,,,,Bizon,,436,0,167,1,2,0,0,,,,
73,123,,,,2,0,,2026-06-11,69,0,,,,,,,,Bizon,,524,1,832,1,123,474,0,,,,
110,120,,,,1,3,,2026-06-11,30,723,,,,,,,,Bizon,,19,1,30,1,117,65,0,,,,
93,749,,,,9,0,,2026-06-11,150,0,,,,,,,,Bizon,,527,6,430,3,749,750,0,,,,
94,283,,,,14,0,,2026-06-11,150,0,,,,,,,,Bizon,,613,3,218,11,283,984,0,,,,
36,1299,,,,34,6,,2026-06-11,150,5388,,,,,,,,Bizon,,2719,10,1851,36,1294,992,0,,,,
114,297,,,,11,0,,2026-06-11,30,751,,,,,,,,Bizon,,128,3,84,8,297,275,0,,,,
89,291,,,,2,2,,2026-06-11,125,2079,,,,,,,,Bizon,,198,0,250,2,289,300,0,,,,
11,285,,,,14,6,,2026-06-11,60,2186,,,,,,,,Bizon,,1864,7,1339,8,279,300,0,,,,
99,135,,,,3,1,,2026-06-11,35,716,,,,,,,,Bizon,,231,1,74,3,134,310,2,,,,
123,219,,,,7,0,,2026-06-11,30,0,,,,,,,,Bizon,,10,7,60,5,219,165,0,,,,
116,705,,,,32,0,,2026-06-11,75,0,,,,,,,,Bizon,,476,8,149,25,705,435,0,,,,
55,38,,,,0,1,,2026-06-11,90,0,,,,,,,,Bizon,,1510,0,854,0,37,298,0,,,,
79,685,,,,12,5,,2026-06-11,70,1221,,,,,,,,Bizon,,526,0,340,16,680,700,0,,,,
76,296,,,,8,0,,2026-06-11,70,3946,,,,,,,,Bizon,,658,2,329,6,296,300,0,,,,
12,336,,,,4,0,,2026-06-11,65,415,,,,,,,,Bizon,,481,2,639,3,336,256,0,,,,
113,749,,,,14,9,,2026-06-11,75,1031,,,,,,,,Bizon,,96,5,25,9,740,750,0,,,,
54,0,,,,0,0,,2026-06-11,0,0,,,,,,,,Bizon,,458,0,377,0,0,0,0,,,,
63,0,,,,0,0,,2026-06-11,0,0,,,,,,,,Bizon,,690,0,407,0,0,0,0,,,,
2,374,,,,15,2,,2026-06-11,99,0,,,,,,,,Bizon,,1375,3,747,15,372,380,0,,,,
77,346,,,,6,0,,2026-06-11,50,3964,,,,,,,,Bizon,,322,7,458,2,346,350,0,,,,
28,0,,,,0,0,,2026-06-11,45,0,,,,,,,,Bizon,,180,0,522,0,0,0,0,,,,
100,0,,,,0,0,,2026-06-12,150,0,,,,,,,,Bizon,,436,0,167,0,0,0,0,,,,
73,118,,,,2,0,,2026-06-12,69,0,,,,,,,,Bizon,,525,1,833,1,118,180,0,,,,
110,65,,,,3,1,,2026-06-12,30,723,,,,,,,,Bizon,,21,2,32,2,64,0,0,,,,
93,750,,,,8,0,,2026-06-12,150,0,,,,,,,,Bizon,,531,6,436,4,750,0,0,,,,
94,286,,,,8,5,,2026-06-12,150,0,,,,,,,,Bizon,,618,3,221,5,281,242,0,,,,
36,842,,,,29,9,,2026-06-12,150,5388,,,,,,,,Bizon,,2740,13,1864,21,833,0,0,,,,
114,263,,,,6,0,,2026-06-12,30,751,,,,,,,,Bizon,,131,3,87,3,263,0,0,,,,
89,296,,,,3,1,,2026-06-12,125,2079,,,,,,,,Bizon,,199,3,253,1,295,0,0,,,,
11,279,,,,17,5,,2026-06-12,60,2186,,,,,,,,Bizon,,1875,7,1346,11,274,0,0,,,,
99,119,,,,8,2,,2026-06-12,35,716,,,,,,,,Bizon,,238,2,76,7,117,37,0,,,,
123,164,,,,2,0,,2026-06-12,30,0,,,,,,,,Bizon,,11,2,62,1,164,0,0,,,,
116,103,,,,6,0,,2026-06-12,75,0,,,,,,,,Bizon,,480,2,151,4,103,0,0,,,,
55,295,,,,13,1,,2026-06-12,90,0,,,,,,,,Bizon,,1522,2,856,12,294,0,0,,,,
79,695,,,,17,7,,2026-06-12,70,1221,,,,,,,,Bizon,,540,4,344,14,688,0,0,,,,
76,279,,,,4,2,,2026-06-12,70,3946,,,,,,,,Bizon,,663,1,330,5,297,0,0,,,,
12,252,,,,5,2,,2026-06-12,65,415,,,,,,,,Bizon,,485,2,641,4,250,0,0,,,,
113,747,,,,13,1,,2026-06-12,75,1031,,,,,,,,Bizon,,109,1,26,13,746,0,0,,,,
54,0,,,,0,0,,2026-06-12,0,0,,,,,,,,Bizon,,458,0,377,0,0,0,0,,,,
63,0,,,,0,0,,2026-06-12,0,0,,,,,,,,Bizon,,690,0,407,0,0,0,0,,,,
2,363,,,,16,4,,2026-06-12,99,0,,,,,,,,Bizon,,1390,2,749,15,359,0,0,,,,
77,349,,,,10,1,,2026-06-12,50,3964,,,,,,,,Bizon,,326,6,464,4,348,0,0,,,,
28,0,,,,0,0,,2026-06-12,45,0,,,,,,,,Bizon,,180,0,522,0,0,0,0,,,,
100,0,,,,0,0,,2026-06-13,150,0,,,,,,,,Bizon,,436,0,167,0,0,0,0,,,,
73,0,,,,0,0,,2026-06-13,69,0,,,,,,,,Bizon,,525,0,833,0,0,0,300,,,,
110,0,,,,0,0,,2026-06-13,30,723,,,,,,,,Bizon,,21,0,32,0,0,0,2,,,,
93,0,,,,1,0,,2026-06-13,150,0,,,,,,,,Bizon,,531,1,437,0,0,0,750,,,,
94,0,,,,0,0,,2026-06-13,150,0,,,,,,,,Bizon,,618,0,221,0,0,0,750,,,,
36,0,,,,0,0,,2026-06-13,150,5388,,,,,,,,Bizon,,2740,0,1864,0,0,0,762,,,,
114,0,,,,0,0,,2026-06-13,30,751,,,,,,,,Bizon,,131,0,87,0,0,0,128,,,,
89,0,,,,1,0,,2026-06-13,125,2079,,,,,,,,Bizon,,199,1,254,0,0,0,300,,,,
11,0,,,,1,0,,2026-06-13,60,2186,,,,,,,,Bizon,,1875,1,1347,0,0,0,300,,,,
99,0,,,,0,0,,2026-06-13,35,716,,,,,,,,Bizon,,238,0,76,0,0,0,348,,,,
123,0,,,,0,0,,2026-06-13,30,0,,,,,,,,Bizon,,11,0,62,0,0,0,36,,,,
116,0,,,,0,0,,2026-06-13,75,0,,,,,,,,Bizon,,480,0,151,0,0,0,452,,,,
55,0,,,,0,0,,2026-06-13,90,0,,,,,,,,Bizon,,1522,0,856,0,0,0,115,,,,
79,0,,,,0,0,,2026-06-13,70,1221,,,,,,,,Bizon,,540,0,344,0,0,0,132,,,,
76,0,,,,0,0,,2026-06-13,70,3946,,,,,,,,Bizon,,663,0,330,0,0,0,300,,,,
12,0,,,,1,0,,2026-06-13,65,415,,,,,,,,Bizon,,485,1,642,0,0,0,0,,,,
113,0,,,,0,0,,2026-06-13,75,1031,,,,,,,,Bizon,,109,1,27,0,0,0,750,,,,
54,0,,,,0,0,,2026-06-13,0,0,,,,,,,,Bizon,,458,0,377,0,0,0,0,,,,
63,0,,,,0,0,,2026-06-13,0,0,,,,,,,,Bizon,,690,0,407,0,0,0,0,,,,
2,0,,,,0,0,,2026-06-13,99,0,,,,,,,,Bizon,,1390,0,749,0,0,0,380,,,,
77,0,,,,1,0,,2026-06-13,50,3964,,,,,,,,Bizon,,326,1,465,0,0,0,350,,,,
28,0,,,,0,0,,2026-06-13,45,0,,,,,,,,Bizon,,180,0,522,0,0,0,0,,,,
100,0,,,,0,0,,2026-06-14,150,0,,,,,,,,Bizon,,436,0,167,0,0,0,0,,,,
73,0,,,,0,0,,2026-06-14,69,0,,,,,,,,Bizon,,525,0,833,0,0,300,300,,,,
110,0,,,,0,0,,2026-06-14,30,723,,,,,,,,Bizon,,21,0,32,0,0,2,4,,,,
93,0,,,,0,0,,2026-06-14,150,0,,,,,,,,Bizon,,531,0,437,0,0,750,750,,,,
94,0,,,,0,0,,2026-06-14,150,0,,,,,,,,Bizon,,618,0,221,0,0,750,750,,,,
36,0,,,,0,0,,2026-06-14,150,5388,,,,,,,,Bizon,,2740,0,1864,0,0,762,759,,,,
114,0,,,,0,0,,2026-06-14,30,751,,,,,,,,Bizon,,131,0,87,0,0,128,232,,,,
89,0,,,,0,0,,2026-06-14,125,2079,,,,,,,,Bizon,,199,0,254,0,0,300,300,,,,
11,0,,,,0,0,,2026-06-14,60,2186,,,,,,,,Bizon,,1875,0,1347,0,0,300,300,,,,
99,0,,,,0,0,,2026-06-14,35,716,,,,,,,,Bizon,,238,0,76,0,0,348,155,,,,
123,0,,,,0,0,,2026-06-14,30,0,,,,,,,,Bizon,,11,0,62,0,0,36,172,,,,
116,0,,,,0,0,,2026-06-14,75,0,,,,,,,,Bizon,,480,0,151,0,0,452,450,,,,
55,0,,,,0,0,,2026-06-14,90,0,,,,,,,,Bizon,,1522,0,856,0,0,115,282,,,,
79,0,,,,0,0,,2026-06-14,70,1221,,,,,,,,Bizon,,540,0,344,0,0,132,4,,,,
76,0,,,,0,0,,2026-06-14,70,3946,,,,,,,,Bizon,,663,0,330,0,0,300,300,,,,
12,0,,,,0,0,,2026-06-14,65,415,,,,,,,,Bizon,,485,0,642,0,0,0,0,,,,
113,0,,,,0,0,,2026-06-14,75,1031,,,,,,,,Bizon,,109,0,27,0,0,750,750,,,,
54,0,,,,0,0,,2026-06-14,0,0,,,,,,,,Bizon,,458,0,377,0,0,0,0,,,,
63,0,,,,0,0,,2026-06-14,0,0,,,,,,,,Bizon,,690,0,407,0,0,0,0,,,,
2,0,,,,0,0,,2026-06-14,99,0,,,,,,,,Bizon,,1390,0,749,0,0,380,380,,,,
77,0,,,,0,0,,2026-06-14,50,3964,,,,,,,,Bizon,,326,0,465,0,0,350,350,,,,
28,0,,,,0,0,,2026-06-14,45,0,,,,,,,,Bizon,,180,0,522,0,0,0,0,,,,
100,0,,,,0,0,,2026-06-15,150,0,,,,,,,,Bizon,,436,0,167,0,0,0,0,,,,
73,125,,,,9,0,,2026-06-15,69,0,,,,,,,,Bizon,,532,2,835,7,125,472,300,,,,
110,2,,,,0,0,,2026-06-15,30,723,,,,,,,,Bizon,,21,0,32,0,2,4,0,,,,
93,748,,,,14,0,,2026-06-15,150,0,,,,,,,,Bizon,,544,2,439,13,748,750,715,,,,
94,293,,,,15,2,,2026-06-15,150,0,,,,,,,,Bizon,,631,4,225,13,291,982,750,,,,
36,603,,,,24,13,,2026-06-15,150,5388,,,,,,,,Bizon,,2757,11,1875,17,590,759,759,,,,
114,300,,,,8,1,,2026-06-15,30,1692,,,,,,,,Bizon,,134,5,92,3,299,300,300,,,,
89,296,,,,1,0,,2026-06-15,125,2079,,,,,,,,Bizon,,200,0,254,1,296,300,300,,,,
11,281,,,,12,2,,2026-06-15,60,2186,,,,,,,,Bizon,,1885,2,1349,10,279,300,300,,,,
99,177,,,,6,1,,2026-06-15,35,2852,,,,,,,,Bizon,,242,2,78,4,176,339,350,,,,
123,250,,,,2,0,,2026-06-15,30,753,,,,,,,,Bizon,,11,3,65,0,250,300,282,,,,
116,449,,,,10,0,,2026-06-15,75,0,,,,,,,,Bizon,,489,1,152,9,449,450,304,,,,
55,112,,,,1,0,,2026-06-15,90,0,,,,,,,,Bizon,,1523,0,856,1,112,282,382,,,,
79,699,,,,14,0,,2026-06-15,70,1221,,,,,,,,Bizon,,552,4,348,12,699,698,151,,,,
76,234,,,,10,3,,2026-06-15,70,3946,,,,,,,,Bizon,,674,0,330,11,294,300,300,,,,
12,0,,,,3,0,,2026-06-15,65,415,,,,,,,,Bizon,,485,3,645,0,0,0,322,,,,
113,749,,,,14,2,,2026-06-15,75,1031,,,,,,,,Bizon,,119,7,34,10,747,750,750,,,,
54,0,,,,0,0,,2026-06-15,0,0,,,,,,,,Bizon,,458,0,377,0,0,0,0,,,,
63,0,,,,0,0,,2026-06-15,0,0,,,,,,,,Bizon,,690,0,407,0,0,0,0,,,,
2,377,,,,2,4,,2026-06-15,99,0,,,,,,,,Bizon,,1392,0,749,2,373,380,380,,,,
77,349,,,,8,0,,2026-06-15,50,3964,,,,,,,,Bizon,,329,5,470,3,349,350,350,,,,
28,0,,,,0,0,,2026-06-15,45,0,,,,,,,,Bizon,,180,0,522,0,0,0,0,,,,
100,0,,,,0,0,,2026-06-16,150,0,,,,,,,,Bizon,,436,0,167,0,0,0,0,,,,
73,149,,,,6,1,,2026-06-16,69,0,,,,,,,,Bizon,,537,1,836,5,148,449,300,,,,
110,4,,,,0,0,,2026-06-16,30,723,,,,,,,,Bizon,,21,0,32,0,4,0,0,,,,
93,750,,,,7,0,,2026-06-16,150,0,,,,,,,,Bizon,,547,5,444,3,750,715,347,,,,
94,356,,,,12,3,,2026-06-16,150,0,,,,,,,,Bizon,,641,3,228,10,353,951,750,,,,
36,641,,,,27,4,,2026-06-16,150,5388,,,,,,,,Bizon,,2773,16,1891,16,637,750,955,,,,
114,300,,,,7,1,,2026-06-16,30,1692,,,,,,,,Bizon,,138,3,95,4,299,300,300,,,,
89,299,,,,3,0,,2026-06-16,125,2079,,,,,,,,Bizon,,201,2,256,1,299,300,300,,,,
11,278,,,,24,6,,2026-06-16,60,2186,,,,,,,,Bizon,,1904,9,1358,19,273,300,300,,,,
99,164,,,,5,1,,2026-06-16,35,2852,,,,,,,,Bizon,,244,4,82,2,163,347,350,,,,
123,250,,,,6,0,,2026-06-16,30,753,,,,,,,,Bizon,,13,5,70,2,250,300,259,,,,
116,449,,,,11,0,,2026-06-16,75,0,,,,,,,,Bizon,,499,2,154,10,449,304,253,,,,
55,277,,,,8,0,,2026-06-16,90,0,,,,,,,,Bizon,,1529,2,858,6,277,381,355,,,,
79,695,,,,13,0,,2026-06-16,70,1221,,,,,,,,Bizon,,558,11,359,6,695,150,0,,,,
76,299,,,,9,4,,2026-06-16,70,3946,,,,,,,,Bizon,,680,4,334,6,296,300,300,,,,
12,0,,,,0,0,,2026-06-16,65,415,,,,,,,,Bizon,,485,0,645,0,0,322,330,,,,
113,750,,,,10,0,,2026-06-16,75,1031,,,,,,,,Bizon,,128,2,36,9,750,750,750,,,,
54,0,,,,0,0,,2026-06-16,0,0,,,,,,,,Bizon,,458,0,377,0,0,0,0,,,,
63,0,,,,0,0,,2026-06-16,0,0,,,,,,,,Bizon,,690,0,407,0,0,0,0,,,,
2,361,,,,10,3,,2026-06-16,99,0,,,,,,,,Bizon,,1398,4,753,6,358,366,380,,,,
77,346,,,,19,7,,2026-06-16,50,3964,,,,,,,,Bizon,,341,7,477,12,339,350,350,,,,
28,0,,,,0,0,,2026-06-16,45,0,,,,,,,,Bizon,,180,0,522,0,0,0,0,,,,
100,0,,,,1,0,,2026-06-17,150,0,,,,,,,,Bizon,,436,1,168,0,0,0,0,,,,
73,443,,,,8,1,,2026-06-17,69,0,,,,,,,,Bizon,,543,2,838,6,442,300,300,,,,
110,0,,,,0,0,,2026-06-17,30,723,,,,,,,,Bizon,,21,0,32,0,0,0,0,,,,
93,715,,,,7,0,,2026-06-17,150,0,,,,,,,,Bizon,,548,6,450,1,715,347,11,,,,
94,947,,,,22,4,,2026-06-17,150,0,,,,,,,,Bizon,,658,7,235,17,943,750,750,,,,
36,747,,,,25,6,,2026-06-17,150,5388,,,,,,,,Bizon,,2792,9,1900,19,741,955,780,,,,
114,300,,,,5,0,,2026-06-17,30,1692,,,,,,,,Bizon,,141,2,97,3,300,300,300,,,,
89,341,,,,3,5,,2026-06-17,125,4036,,,,,,,,Bizon,,203,1,257,2,336,350,350,,,,
11,257,,,,9,6,,2026-06-17,60,2186,,,,,,,,Bizon,,1908,5,1363,4,251,300,300,,,,
99,332,,,,10,3,,2026-06-17,35,2852,,,,,,,,Bizon,,252,3,85,8,329,350,350,,,,
123,250,,,,1,0,,2026-06-17,30,753,,,,,,,,Bizon,,14,1,71,1,250,272,238,,,,
116,300,,,,14,1,,2026-06-17,75,0,,,,,,,,Bizon,,513,3,157,14,299,254,318,,,,
55,372,,,,8,1,,2026-06-17,90,0,,,,,,,,Bizon,,1534,5,863,5,371,355,374,,,,
79,21,,,,2,0,,2026-06-17,70,1221,,,,,,,,Bizon,,558,2,361,0,21,0,0,,,,
76,299,,,,5,3,,2026-06-17,70,6239,,,,,,,,Bizon,,682,4,338,2,296,300,300,,,,
12,322,,,,11,1,,2026-06-17,65,415,,,,,,,,Bizon,,495,3,648,10,321,330,243,,,,
113,747,,,,10,3,,2026-06-17,75,1031,,,,,,,,Bizon,,138,2,38,10,744,750,750,,,,
54,0,,,,0,0,,2026-06-17,0,0,,,,,,,,Bizon,,458,0,377,0,0,0,0,,,,
63,0,,,,0,0,,2026-06-17,0,0,,,,,,,,Bizon,,690,0,407,0,0,0,0,,,,
2,362,,,,6,4,,2026-06-17,99,0,,,,,,,,Bizon,,1404,4,757,6,358,380,380,,,,
77,346,,,,16,0,,2026-06-17,50,3964,,,,,,,,Bizon,,349,8,485,8,346,350,350,,,,
28,0,,,,0,0,,2026-06-17,45,0,,,,,,,,Bizon,,180,0,522,0,0,0,0,,,,
100,0,,,,0,0,,2026-06-18,150,0,,,,,,,,Bizon,,436,0,168,0,0,0,0,,,,
73,250,,,,5,2,,2026-06-18,69,0,,,,,,,,Bizon,,548,1,839,5,248,300,0,,,,
110,0,,,,0,0,,2026-06-18,30,723,,,,,,,,Bizon,,21,0,32,0,0,0,0,,,,
93,347,,,,5,0,,2026-06-18,150,0,,,,,,,,Bizon,,551,3,453,3,347,11,0,,,,
94,588,,,,24,1,,2026-06-18,150,0,,,,,,,,Bizon,,680,4,239,22,587,750,0,,,,
36,901,,,,10,2,,2026-06-18,150,5388,,,,,,,,Bizon,,2800,6,1906,8,899,781,0,,,,
114,300,,,,11,1,,2026-06-18,30,1692,,,,,,,,Bizon,,148,4,101,7,299,300,0,7,20,20,20
89,330,,,,3,6,,2026-06-18,125,4036,,,,,,,,Bizon,,207,1,258,4,324,350,0,,,,
11,284,,,,9,2,,2026-06-18,60,2186,,,,,,,,Bizon,,1918,2,1365,10,282,300,0,11,40,40,40
99,264,,,,11,3,,2026-06-18,35,2852,,,,,,,,Bizon,,262,1,86,10,261,350,0,,,,
123,250,,,,5,0,,2026-06-18,30,2332,,,,,,,,Bizon,,17,5,76,3,250,256,0,,,,
116,253,,,,9,0,,2026-06-18,75,0,,,,,,,,Bizon,,522,1,158,9,253,318,0,,,,
55,351,,,,7,1,,2026-06-18,90,0,,,,,,,,Bizon,,1538,4,867,4,350,374,0,,,,
79,0,,,,1,0,,2026-06-18,70,1221,,,,,,,,Bizon,,558,1,362,0,0,0,0,,,,
76,289,,,,13,0,,2026-06-18,70,6239,,,,,,,,Bizon,,694,3,341,12,289,300,0,,,,
12,328,,,,11,0,,2026-06-18,65,415,,,,,,,,Bizon,,501,5,653,6,328,243,0,,,,
113,749,,,,8,0,,2026-06-18,75,1031,,,,,,,,Bizon,,144,3,41,6,749,750,0,,,,
54,0,,,,0,0,,2026-06-18,0,0,,,,,,,,Bizon,,458,0,377,0,0,0,0,,,,
63,0,,,,0,0,,2026-06-18,0,0,,,,,,,,Bizon,,690,0,407,0,0,0,0,,,,
2,372,,,,10,2,,2026-06-18,99,0,,,,,,,,Bizon,,1410,4,761,6,370,380,0,11,40,40,40
77,349,,,,21,3,,2026-06-18,50,3964,,,,,,,,Bizon,,362,8,493,13,346,350,0,,,,
28,0,,,,0,0,,2026-06-18,45,0,,,,,,,,Bizon,,180,0,522,0,0,0,0,,,,
100,0,,,,0,0,,2026-06-19,150,0,,,,,,,,Bizon,,436,0,168,0,0,0,0,,,,
73,443,,,,10,1,,2026-06-19,69,0,,,,,,,,Bizon,,554,4,843,6,442,0,0,,,,
110,0,,,,0,0,,2026-06-19,30,723,,,,,,,,Bizon,,21,0,32,0,0,0,0,,,,
93,11,,,,1,0,,2026-06-19,150,0,,,,,,,,Bizon,,551,1,454,0,11,0,0,,,,
94,747,,,,12,0,,2026-06-19,150,0,,,,,,,,Bizon,,692,2,241,12,747,0,0,,,,
36,780,,,,19,1,,2026-06-19,150,5388,,,,,,,,Bizon,,2813,9,1915,13,779,0,0,,,,
114,300,,,,5,0,,2026-06-19,30,1692,,,,,,,,Bizon,,149,4,105,1,300,0,0,0,20,20,20
89,310,,,,2,4,,2026-06-19,125,4036,,,,,,,,Bizon,,212,2,260,5,306,0,0,,,,
11,275,,,,8,0,,2026-06-19,60,2186,,,,,,,,Bizon,,1924,6,1371,6,275,0,0,0,40,40,40
99,340,,,,25,3,,2026-06-19,35,2852,,,,,,,,Bizon,,284,5,91,22,337,0,0,,,,
123,237,,,,4,0,,2026-06-19,30,2332,,,,,,,,Bizon,,17,4,80,0,237,19,0,,,,
116,742,,,,24,3,,2026-06-19,75,1734,,,,,,,,Bizon,,544,3,161,22,739,0,0,,,,
55,373,,,,4,1,,2026-06-19,90,0,,,,,,,,Bizon,,1542,1,868,4,372,0,0,,,,
79,0,,,,0,0,,2026-06-19,70,1221,,,,,,,,Bizon,,558,0,362,0,0,0,0,,,,
76,301,,,,10,0,,2026-06-19,70,6239,,,,,,,,Bizon,,702,3,344,8,301,0,0,,,,
12,243,,,,8,0,,2026-06-19,65,415,,,,,,,,Bizon,,505,4,657,4,243,0,0,,,,
113,749,,,,6,1,,2026-06-19,75,1031,,,,,,,,Bizon,,150,3,44,6,748,0,0,,,,
54,0,,,,0,0,,2026-06-19,0,0,,,,,,,,Bizon,,458,0,377,0,0,0,0,,,,
63,0,,,,0,0,,2026-06-19,0,0,,,,,,,,Bizon,,690,0,407,0,0,0,0,,,,
2,378,,,,12,0,,2026-06-19,99,0,,,,,,,,Bizon,,1421,2,763,11,378,0,0,0,40,40,40
77,345,,,,17,1,,2026-06-19,50,3964,,,,,,,,Bizon,,378,4,497,16,344,0,0,,,,
28,0,,,,0,0,,2026-06-19,45,0,,,,,,,,Bizon,,180,0,522,0,0,0,0,,,,
100,0,,,,0,0,,2026-06-20,150,0,,,,,,,,Bizon,,436,0,168,0,0,0,0,,,,
73,0,,,,0,0,,2026-06-20,69,0,,,,,,,,Bizon,,554,0,843,0,0,0,390,,,,
110,0,,,,0,0,,2026-06-20,30,723,,,,,,,,Bizon,,21,0,32,0,0,0,177,,,,
93,0,,,,0,0,,2026-06-20,150,0,,,,,,,,Bizon,,551,0,454,0,0,0,634,,,,
94,0,,,,0,0,,2026-06-20,150,0,,,,,,,,Bizon,,692,0,241,0,0,0,750,,,,
36,0,,,,1,0,,2026-06-20,150,5388,,,,,,,,Bizon,,2813,1,1916,0,0,0,739,,,,
114,0,,,,0,0,,2026-06-20,30,1692,,,,,,,,Bizon,,150,0,104,1,0,0,300,0,20,20,20
89,0,,,,1,0,,2026-06-20,125,4036,,,,,,,,Bizon,,212,0,260,0,0,0,350,,,,
11,0,,,,1,0,,2026-06-20,60,2186,,,,,,,,Bizon,,1924,0,1371,0,0,0,300,0,40,40,40
99,0,,,,0,0,,2026-06-20,35,2852,,,,,,,,Bizon,,284,0,91,0,0,0,350,,,,
123,0,,,,1,0,,2026-06-20,30,2332,,,,,,,,Bizon,,17,1,81,0,0,0,264,,,,
116,0,,,,0,1,,2026-06-20,75,1734,,,,,,,,Bizon,,544,0,161,0,0,0,749,,,,
55,0,,,,0,0,,2026-06-20,90,0,,,,,,,,Bizon,,1542,0,868,0,0,0,392,,,,
79,0,,,,0,0,,2026-06-20,70,1221,,,,,,,,Bizon,,558,0,362,0,0,0,0,,,,
76,0,,,,0,0,,2026-06-20,70,6239,,,,,,,,Bizon,,702,0,344,0,0,0,300,,,,
12,0,,,,0,0,,2026-06-20,65,415,,,,,,,,Bizon,,505,0,657,0,0,0,0,,,,
113,0,,,,1,0,,2026-06-20,75,1031,,,,,,,,Bizon,,150,0,44,0,0,0,703,,,,
54,0,,,,0,0,,2026-06-20,0,0,,,,,,,,Bizon,,458,0,377,0,0,0,0,,,,
63,0,,,,0,0,,2026-06-20,0,0,,,,,,,,Bizon,,690,0,407,0,0,0,0,,,,
2,0,,,,0,0,,2026-06-20,99,0,,,,,,,,Bizon,,1421,0,763,0,0,0,380,0,40,40,40
77,0,,,,0,0,,2026-06-20,50,3964,,,,,,,,Bizon,,378,0,497,0,0,0,350,,,,
28,0,,,,0,0,,2026-06-20,45,0,,,,,,,,Bizon,,180,0,522,0,0,0,0,,,,
100,0,,,,0,0,,2026-06-21,150,0,,,,,,,,Bizon,,436,0,168,0,0,0,0,,,,
73,0,,,,0,0,,2026-06-21,69,0,,,,,,,,Bizon,,554,0,843,0,0,390,390,,,,
110,0,,,,0,0,,2026-06-21,30,723,,,,,,,,Bizon,,21,0,32,0,0,177,24,,,,
93,0,,,,0,0,,2026-06-21,150,0,,,,,,,,Bizon,,551,0,454,0,0,634,0,,,,
94,0,,,,0,0,,2026-06-21,150,0,,,,,,,,Bizon,,692,0,241,0,0,750,748,,,,
36,0,,,,1,0,,2026-06-21,150,5388,,,,,,,,Bizon,,2813,1,1917,0,0,740,714,,,,
114,0,,,,0,0,,2026-06-21,30,1692,,,,,,,,Bizon,,150,0,104,0,0,300,299,0,20,20,20
89,0,,,,0,0,,2026-06-21,125,4036,,,,,,,,Bizon,,212,0,260,0,0,350,350,,,,
11,0,,,,0,0,,2026-06-21,60,2186,,,,,,,,Bizon,,1924,0,1371,0,0,300,300,0,40,40,40
99,0,,,,0,0,,2026-06-21,35,2852,,,,,,,,Bizon,,284,0,91,0,0,350,350,,,,
123,0,,,,1,0,,2026-06-21,30,2332,,,,,,,,Bizon,,17,1,82,0,0,263,250,,,,
116,0,,,,0,0,,2026-06-21,75,1734,,,,,,,,Bizon,,544,0,161,0,0,749,556,,,,
55,0,,,,0,0,,2026-06-21,90,0,,,,,,,,Bizon,,1542,0,868,0,0,392,165,,,,
79,0,,,,0,0,,2026-06-21,70,1221,,,,,,,,Bizon,,558,0,362,0,0,0,0,,,,
76,0,,,,0,0,,2026-06-21,70,6239,,,,,,,,Bizon,,702,1,345,0,0,300,300,,,,
12,0,,,,0,0,,2026-06-21,65,415,,,,,,,,Bizon,,505,0,657,0,0,0,0,,,,
113,0,,,,0,0,,2026-06-21,75,1031,,,,,,,,Bizon,,150,0,44,0,0,703,175,,,,
54,0,,,,0,0,,2026-06-21,0,0,,,,,,,,Bizon,,458,0,377,0,0,0,0,,,,
63,0,,,,0,0,,2026-06-21,0,0,,,,,,,,Bizon,,690,0,407,0,0,0,0,,,,
2,0,,,,0,0,,2026-06-21,99,0,,,,,,,,Bizon,,1421,0,763,0,0,380,380,0,40,40,40
77,0,,,,0,0,,2026-06-21,50,3964,,,,,,,,Bizon,,378,0,497,0,0,350,350,,,,
28,0,,,,0,0,,2026-06-21,45,0,,,,,,,,Bizon,,180,0,522,0,0,0,0,,,,
100,0,,,,0,0,,2026-06-22,150,0,,,,,,,,Bizon,,436,0,168,0,0,0,0,,,,
73,373,,,,15,3,,2026-06-22,69,0,,,,,,,,Bizon,,570,1,844,16,370,390,390,,,,
110,176,,,,1,0,,2026-06-22,30,723,,,,,,,,Bizon,,22,0,32,1,176,24,122,,,,
93,632,,,,7,1,,2026-06-22,150,0,,,,,,,,Bizon,,555,3,457,4,631,0,130,,,,
94,306,,,,6,0,,2026-06-22,150,0,,,,,,,,Bizon,,694,4,245,2,306,960,744,,,,
36,598,,,,23,0,,2026-06-22,150,5388,,,,,,,,Bizon,,2831,7,1924,18,598,855,723,,,,
114,300,,,,4,0,,2026-06-22,30,1692,,,,,,,,Bizon,,152,2,106,2,300,300,300,0,20,20,20
89,323,,,,3,6,,2026-06-22,125,4036,,,,,,,,Bizon,,213,3,263,1,317,350,350,,,,
11,270,,,,5,0,,2026-06-22,60,2186,,,,,,,,Bizon,,1926,4,1375,2,270,300,300,0,40,40,40
99,130,,,,8,0,,2026-06-22,35,2852,,,,,,,,Bizon,,291,2,93,7,130,350,350,,,,
123,250,,,,2,0,,2026-06-22,30,2332,,,,,,,,Bizon,,17,3,85,0,250,263,250,,,,
116,738,,,,31,10,,2026-06-22,75,1734,,,,,,,,Bizon,,568,9,170,24,728,557,494,,,,
55,390,,,,6,1,,2026-06-22,90,0,,,,,,,,Bizon,,1544,4,872,2,389,165,19,,,,
79,0,,,,0,0,,2026-06-22,70,1221,,,,,,,,Bizon,,558,0,362,0,0,0,0,,,,
76,300,,,,5,0,,2026-06-22,70,6239,,,,,,,,Bizon,,705,2,347,3,300,300,300,,,,
12,0,,,,0,0,,2026-06-22,65,415,,,,,,,,Bizon,,505,0,657,0,0,0,0,,,,
113,702,,,,4,0,,2026-06-22,75,1031,,,,,,,,Bizon,,152,2,46,2,702,175,0,,,,
54,0,,,,0,0,,2026-06-22,0,0,,,,,,,,Bizon,,458,0,377,0,0,0,0,,,,
63,0,,,,0,0,,2026-06-22,0,0,,,,,,,,Bizon,,690,0,407,0,0,0,0,,,,
2,379,,,,9,0,,2026-06-22,99,0,,,,,,,,Bizon,,1433,0,763,12,379,380,380,0,40,40,40
77,340,,,,16,2,,2026-06-22,50,3964,,,,,,,,Bizon,,387,7,504,9,338,350,350,,,,
28,0,,,,0,0,,2026-06-22,45,0,,,,,,,,Bizon,,180,0,522,0,0,0,0,,,,
100,300,,,,21,2,,2026-06-23,150,697,,,,,,,,Bizon,,456,2,170,20,298,604,3,,,,
73,489,,,,14,2,,2026-06-23,69,0,,,,,,,,Bizon,,582,2,846,12,487,690,690,,,,
110,24,,,,1,0,,2026-06-23,30,723,,,,,,,,Bizon,,23,1,33,1,24,122,116,,,,
93,0,,,,0,0,,2026-06-23,150,0,,,,,,,,Bizon,,555,0,457,0,0,130,0,,,,
94,292,,,,4,0,,2026-06-23,150,0,,,,,,,,Bizon,,697,2,247,3,292,977,732,,,,
36,595,,,,13,2,,2026-06-23,150,5388,,,,,,,,Bizon,,2840,5,1929,9,593,873,667,,,,
114,300,,,,5,0,,2026-06-23,30,1692,,,,,,,,Bizon,,156,1,107,4,300,300,270,0,20,20,20
89,286,,,,0,1,,2026-06-23,125,4036,,,,,,,,Bizon,,213,0,263,0,285,350,350,,,,
11,277,,,,5,0,,2026-06-23,60,2186,,,,,,,,Bizon,,1929,3,1378,3,277,300,300,0,40,40,40
99,131,,,,8,3,,2026-06-23,35,2852,,,,,,,,Bizon,,298,1,94,7,128,350,350,,,,
123,249,,,,13,0,,2026-06-23,30,2332,,,,,,,,Bizon,,24,7,92,7,249,300,300,,,,
116,544,,,,16,7,,2026-06-23,75,1734,,,,,,,,Bizon,,581,3,173,13,537,507,338,,,,
55,163,,,,5,0,,2026-06-23,90,0,,,,,,,,Bizon,,1546,3,875,2,163,19,28,,,,
79,0,,,,0,0,,2026-06-23,70,1221,,,,,,,,Bizon,,558,0,362,0,0,0,0,,,,
76,299,,,,10,0,,2026-06-23,70,6239,,,,,,,,Bizon,,712,3,350,7,299,300,300,,,,
12,0,,,,0,0,,2026-06-23,65,415,,,,,,,,Bizon,,505,0,657,0,0,0,0,,,,
113,175,,,,2,0,,2026-06-23,75,1031,,,,,,,,Bizon,,152,2,48,0,175,0,0,,,,
54,0,,,,0,0,,2026-06-23,0,0,,,,,,,,Bizon,,458,0,377,0,0,0,0,,,,
63,0,,,,0,0,,2026-06-23,0,0,,,,,,,,Bizon,,690,0,407,0,0,0,0,,,,
2,379,,,,9,0,,2026-06-23,99,0,,,,,,,,Bizon,,1441,2,765,8,379,380,380,0,40,40,40
77,347,,,,17,0,,2026-06-23,50,3964,,,,,,,,Bizon,,401,5,509,14,347,350,350,,,,
28,0,,,,0,0,,2026-06-23,45,0,,,,,,,,Bizon,,180,0,522,0,0,0,0,,,,
130,369,,,,17,30,,2026-06-23,30,1052,,,,,,,,Bizon,,40,0,0,40,421,152,0,,,,
100,244,,,,21,3,,2026-06-24,150,697,,,,,,,,Bizon,,476,1,171,20,241,363,0,,,,
73,502,,,,18,0,,2026-06-24,69,0,,,,,,,,Bizon,,594,6,852,12,502,678,690,,,,
110,122,,,,0,1,,2026-06-24,30,723,,,,,,,,Bizon,,23,0,33,0,121,116,61,,,,
93,130,,,,0,0,,2026-06-24,150,0,,,,,,,,Bizon,,555,0,457,0,130,0,0,,,,
94,272,,,,5,0,,2026-06-24,150,0,,,,,,,,Bizon,,699,5,252,2,272,982,722,,,,
36,600,,,,7,1,,2026-06-24,150,5388,,,,,,,,Bizon,,2844,6,1935,4,599,864,606,,,,
114,300,,,,5,0,,2026-06-24,30,1692,,,,,,,,Bizon,,159,3,110,3,300,270,46,0,20,20,20
89,321,,,,5,5,,2026-06-24,125,4036,,,,,,,,Bizon,,220,2,265,7,316,350,350,,,,
11,282,,,,5,1,,2026-06-24,60,2186,,,,,,,,Bizon,,1933,2,1380,4,281,300,222,0,40,40,40
99,140,,,,6,2,,2026-06-24,35,2852,,,,,,,,Bizon,,302,2,96,4,138,498,350,,,,
123,249,,,,17,1,,2026-06-24,30,2332,,,,,,,,Bizon,,35,7,99,11,248,300,300,,,,
116,505,,,,13,3,,2026-06-24,75,1734,,,,,,,,Bizon,,592,3,176,11,502,339,503,,,,
55,19,,,,0,0,,2026-06-24,90,0,,,,,,,,Bizon,,1546,0,875,0,19,28,0,,,,
79,0,,,,0,0,,2026-06-24,70,1221,,,,,,,,Bizon,,558,0,362,0,0,0,0,,,,
76,298,,,,12,1,,2026-06-24,70,6239,,,,,,,,Bizon,,726,1,351,14,297,300,300,,,,
12,0,,,,0,0,,2026-06-24,65,415,,,,,,,,Bizon,,505,0,657,0,0,0,0,,,,
113,0,,,,0,0,,2026-06-24,75,1031,,,,,,,,Bizon,,152,0,48,0,0,0,285,,,,
130,121,,,,1,6,,2026-06-24,30,1052,,,,,,,,Bizon,,45,0,0,5,146,0,0,,,,
54,0,,,,0,0,,2026-06-24,0,0,,,,,,,,Bizon,,458,0,377,0,0,0,0,,,,
63,0,,,,0,0,,2026-06-24,0,0,,,,,,,,Bizon,,690,0,407,0,0,0,0,,,,
2,373,,,,6,1,,2026-06-24,99,0,,,,,,,,Bizon,,1447,3,768,6,372,380,380,0,40,40,40
77,347,,,,22,3,,2026-06-24,50,3964,,,,,,,,Bizon,,415,8,517,14,344,350,350,,,,
28,0,,,,0,0,,2026-06-24,45,0,,,,,,,,Bizon,,180,0,522,0,0,0,0,,,,
100,182,,,,9,1,,2026-06-25,150,697,,,,,,,,Bizon,,485,2,173,9,181,181,0,,,,
73,363,,,,10,1,,2026-06-25,69,0,,,,,,,,Bizon,,600,4,856,6,362,300,0,,,,
110,116,,,,1,0,,2026-06-25,30,723,,,,,,,,Bizon,,24,0,33,1,116,61,0,,,,
93,0,,,,0,0,,2026-06-25,150,0,,,,,,,,Bizon,,555,0,457,0,0,0,0,,,,
94,281,,,,5,1,,2026-06-25,150,0,,,,,,,,Bizon,,704,1,253,5,280,1190,0,,,,
36,579,,,,8,0,,2026-06-25,150,5388,,,,,,,,Bizon,,2849,4,1939,5,579,841,0,,,,
114,269,,,,3,1,,2026-06-25,30,1692,,,,,,,,Bizon,,161,1,111,2,268,46,0,0,20,20,20
89,349,,,,3,0,,2026-06-25,125,4036,,,,,,,,Bizon,,222,2,267,2,349,349,0,,,,
11,287,,,,5,0,,2026-06-25,60,2186,,,,,,,,Bizon,,1937,3,1383,4,287,222,0,0,40,40,40
99,120,,,,2,2,,2026-06-25,35,2852,,,,,,,,Bizon,,302,2,98,0,118,575,0,,,,
123,249,,,,11,1,,2026-06-25,30,2332,,,,,,,,Bizon,,39,8,107,4,249,300,0,,,,
116,335,,,,16,4,,2026-06-25,75,1734,,,,,,,,Bizon,,604,4,180,12,331,496,0,,,,
55,28,,,,0,0,,2026-06-25,90,0,,,,,,,,Bizon,,1546,0,875,0,28,0,0,,,,
79,0,,,,0,0,,2026-06-25,70,1221,,,,,,,,Bizon,,558,0,362,0,0,0,0,,,,
76,296,,,,13,0,,2026-06-25,70,6239,,,,,,,,Bizon,,738,2,353,12,296,300,0,,,,
12,0,,,,0,0,,2026-06-25,65,415,,,,,,,,Bizon,,505,0,657,0,0,0,0,,,,
113,0,,,,0,0,,2026-06-25,75,1031,,,,,,,,Bizon,,152,0,48,0,0,285,0,,,,
130,300,,,,10,3,,2026-06-25,30,1852,,,,,,,,Bizon,,57,0,0,12,297,300,0,,,,
54,0,,,,0,0,,2026-06-25,0,0,,,,,,,,Bizon,,458,0,377,0,0,0,0,,,,
63,0,,,,0,0,,2026-06-25,0,0,,,,,,,,Bizon,,690,0,407,0,0,0,0,,,,
2,374,,,,9,0,,2026-06-25,99,0,,,,,,,,Bizon,,1457,0,768,10,374,380,0,0,40,40,40
77,348,,,,10,0,,2026-06-25,50,3964,,,,,,,,Bizon,,420,5,522,5,348,350,0,,,,
28,0,,,,0,0,,2026-06-25,45,0,,,,,,,,Bizon,,180,0,522,0,0,0,0,,,,
100,109,,,,7,0,,2026-06-26,150,697,,,,,,,,Bizon,,491,1,174,6,109,0,0,,,,
73,170,,,,4,0,,2026-06-26,69,0,,,,,,,,Bizon,,604,0,856,4,170,0,0,,,,
110,61,,,,2,0,,2026-06-26,30,723,,,,,,,,Bizon,,26,0,33,2,61,0,0,,,,
93,0,,,,0,0,,2026-06-26,150,0,,,,,,,,Bizon,,555,0,457,0,0,0,0,,,,
94,413,,,,6,2,,2026-06-26,150,0,,,,,,,,Bizon,,709,2,255,5,411,330,0,,,,
36,638,,,,18,0,,2026-06-26,150,5388,,,,,,,,Bizon,,2862,6,1945,13,638,94,0,,,,
114,46,,,,1,0,,2026-06-26,30,1692,,,,,,,,Bizon,,162,0,111,1,46,0,0,0,20,20,20
89,349,,,,1,0,,2026-06-26,125,4036,,,,,,,,Bizon,,224,0,267,2,349,0,0,,,,
11,211,,,,8,0,,2026-06-26,60,2186,,,,,,,,Bizon,,1943,2,1385,6,211,0,0,0,40,40,40
99,195,,,,5,3,,2026-06-26,35,2852,,,,,,,,Bizon,,305,2,100,3,192,151,0,,,,
123,249,,,,14,0,,2026-06-26,30,2332,,,,,,,,Bizon,,49,4,111,10,249,0,0,,,,
116,496,,,,10,1,,2026-06-26,75,1734,,,,,,,,Bizon,,613,2,182,9,496,0,0,,,,
55,0,,,,0,0,,2026-06-26,90,0,,,,,,,,Bizon,,1546,0,875,0,0,0,0,,,,
79,0,,,,0,0,,2026-06-26,70,1221,,,,,,,,Bizon,,558,0,362,0,0,0,0,,,,
76,299,,,,12,0,,2026-06-26,70,6239,,,,,,,,Bizon,,751,1,354,13,299,0,0,,,,
12,0,,,,0,0,,2026-06-26,65,415,,,,,,,,Bizon,,505,0,657,0,0,0,0,,,,
113,285,,,,6,0,,2026-06-26,75,1031,,,,,,,,Bizon,,159,0,48,7,285,0,0,,,,
130,300,,,,7,2,,2026-06-26,30,1852,,,,,,,,Bizon,,64,0,0,7,298,0,0,,,,
54,0,,,,0,0,,2026-06-26,0,0,,,,,,,,Bizon,,458,0,377,0,0,0,0,,,,
63,0,,,,0,0,,2026-06-26,0,0,,,,,,,,Bizon,,690,0,407,0,0,0,0,,,,
2,375,,,,6,0,,2026-06-26,99,0,,,,,,,,Bizon,,1463,0,768,6,375,0,0,0,40,40,40
77,343,,,,13,0,,2026-06-26,50,3964,,,,,,,,Bizon,,428,5,527,8,343,0,0,,,,
28,0,,,,0,0,,2026-06-26,45,0,,,,,,,,Bizon,,180,0,522,0,0,0,0,,,,
100,0,,,,0,0,,2026-06-27,150,697,,,,,,,,Bizon,,491,1,175,0,0,0,71,,,,
73,0,,,,0,0,,2026-06-27,69,0,,,,,,,,Bizon,,604,0,856,0,0,0,300,,,,
110,0,,,,0,0,,2026-06-27,30,723,,,,,,,,Bizon,,26,0,33,0,0,0,2,,,,
93,0,,,,0,0,,2026-06-27,150,0,,,,,,,,Bizon,,555,0,457,0,0,0,77,,,,
94,0,,,,0,0,,2026-06-27,150,0,,,,,,,,Bizon,,709,0,255,0,0,0,750,,,,
36,0,,,,0,0,,2026-06-27,150,5388,,,,,,,,Bizon,,2862,0,1945,0,0,0,704,,,,
114,0,,,,0,0,,2026-06-27,30,1692,,,,,,,,Bizon,,162,0,111,0,0,0,19,0,20,20,20
89,0,,,,0,0,,2026-06-27,125,4036,,,,,,,,Bizon,,224,0,267,0,0,0,346,,,,
11,0,,,,0,0,,2026-06-27,60,2186,,,,,,,,Bizon,,1943,0,1385,0,0,0,2,0,40,40,40
99,0,,,,0,0,,2026-06-27,35,2852,,,,,,,,Bizon,,306,0,99,1,0,0,350,,,,
123,0,,,,0,0,,2026-06-27,30,2332,,,,,,,,Bizon,,49,0,111,0,0,0,300,,,,
116,0,,,,0,0,,2026-06-27,75,1734,,,,,,,,Bizon,,613,0,182,0,0,0,488,,,,
55,0,,,,0,0,,2026-06-27,90,0,,,,,,,,Bizon,,1546,0,875,0,0,0,5,,,,
79,0,,,,0,0,,2026-06-27,70,1221,,,,,,,,Bizon,,558,0,362,0,0,0,0,,,,
76,0,,,,0,0,,2026-06-27,70,6239,,,,,,,,Bizon,,752,0,353,1,0,0,300,,,,
12,0,,,,0,0,,2026-06-27,65,415,,,,,,,,Bizon,,505,0,657,0,0,0,0,,,,
113,0,,,,0,0,,2026-06-27,75,1031,,,,,,,,Bizon,,159,0,48,0,0,0,695,,,,
130,0,,,,0,0,,2026-06-27,30,1852,,,,,,,,Bizon,,64,0,0,0,0,0,204,,,,
54,0,,,,0,0,,2026-06-27,0,0,,,,,,,,Bizon,,458,0,377,0,0,0,0,,,,
63,0,,,,0,0,,2026-06-27,0,0,,,,,,,,Bizon,,690,0,407,0,0,0,0,,,,
2,0,,,,0,1,,2026-06-27,99,0,,,,,,,,Bizon,,1463,0,768,0,0,0,362,0,40,40,40
77,0,,,,0,0,,2026-06-27,50,3964,,,,,,,,Bizon,,428,0,527,0,0,0,350,,,,
28,0,,,,0,0,,2026-06-27,45,0,,,,,,,,Bizon,,180,0,522,0,0,0,0,,,,
100,0,,,,0,0,,2026-06-28,150,697,,,,,,,,Bizon,,491,0,175,0,0,71,275,,,,
73,0,,,,1,0,,2026-06-28,69,0,,,,,,,,Bizon,,604,1,857,0,0,300,300,,,,
110,0,,,,0,0,,2026-06-28,30,723,,,,,,,,Bizon,,26,0,33,0,0,2,4,,,,
93,0,,,,0,0,,2026-06-28,150,0,,,,,,,,Bizon,,555,0,457,0,0,77,15,,,,
94,0,,,,0,0,,2026-06-28,150,0,,,,,,,,Bizon,,709,0,255,0,0,750,750,,,,
36,0,,,,0,0,,2026-06-28,150,5388,,,,,,,,Bizon,,2862,0,1945,0,0,706,444,,,,
114,0,,,,0,0,,2026-06-28,30,1692,,,,,,,,Bizon,,162,0,111,0,0,19,0,0,20,20,20
89,0,,,,0,0,,2026-06-28,125,4036,,,,,,,,Bizon,,224,0,267,0,0,346,337,,,,
11,0,,,,0,0,,2026-06-28,60,2186,,,,,,,,Bizon,,1943,0,1385,0,0,2,0,0,40,40,40
99,0,,,,2,0,,2026-06-28,35,2852,,,,,,,,Bizon,,306,2,101,0,0,350,350,,,,
123,0,,,,0,0,,2026-06-28,30,2332,,,,,,,,Bizon,,49,0,111,0,0,299,300,,,,
116,0,,,,0,0,,2026-06-28,75,1734,,,,,,,,Bizon,,613,0,182,0,0,488,327,,,,
55,0,,,,0,0,,2026-06-28,90,0,,,,,,,,Bizon,,1546,0,875,0,0,5,0,,,,
79,0,,,,0,0,,2026-06-28,70,1221,,,,,,,,Bizon,,558,0,362,0,0,0,0,,,,
76,0,,,,0,0,,2026-06-28,70,6239,,,,,,,,Bizon,,752,0,353,0,0,300,300,,,,
12,0,,,,0,0,,2026-06-28,65,415,,,,,,,,Bizon,,505,0,657,0,0,0,0,,,,
113,0,,,,0,0,,2026-06-28,75,1031,,,,,,,,Bizon,,159,0,48,0,0,695,740,,,,
130,0,,,,0,0,,2026-06-28,30,1852,,,,,,,,Bizon,,64,0,0,0,0,204,0,,,,
54,0,,,,0,0,,2026-06-28,0,0,,,,,,,,Bizon,,458,0,377,0,0,0,0,,,,
63,0,,,,0,0,,2026-06-28,0,0,,,,,,,,Bizon,,690,0,407,0,0,0,0,,,,
2,0,,,,0,0,,2026-06-28,99,0,,,,,,,,Bizon,,1463,0,768,0,0,361,343,0,40,40,40
77,0,,,,0,0,,2026-06-28,50,3964,,,,,,,,Bizon,,428,0,527,0,0,350,350,,,,
28,0,,,,0,0,,2026-06-28,45,0,,,,,,,,Bizon,,180,0,522,0,0,0,0,,,,
100,415,,,,23,7,,2026-06-29,150,3516,,,,,,,,Bizon,,511,4,179,20,408,880,900,,,,
73,111,,,,4,0,,2026-06-29,69,0,,,,,,,,Bizon,,607,1,858,3,111,859,489,,,,
110,2,,,,0,0,,2026-06-29,30,723,,,,,,,,Bizon,,26,0,33,0,2,4,0,,,,
93,4,,,,0,0,,2026-06-29,150,0,,,,,,,,Bizon,,555,0,457,0,76,15,319,,,,
94,289,,,,5,0,,2026-06-29,150,0,,,,,,,,Bizon,,715,0,255,6,289,1209,750,,,,
36,575,,,,19,2,,2026-06-29,150,5388,,,,,,,,Bizon,,2877,5,1950,15,573,573,48,,0,0,0
114,19,,,,1,0,,2026-06-29,30,1692,,,,,,,,Bizon,,162,1,112,0,19,0,0,15,20,20,20
89,344,,,,6,0,,2026-06-29,125,4036,,,,,,,,Bizon,,230,3,270,6,344,337,289,,,,
11,2,,,,3,0,,2026-06-29,60,2186,,,,,,,,Bizon,,1943,3,1388,0,2,0,0,33,40,40,40
99,103,,,,2,0,,2026-06-29,35,2852,,,,,,,,Bizon,,308,0,101,2,103,572,350,,,,
123,250,,,,12,1,,2026-06-29,30,2332,,,,,,,,Bizon,,60,2,113,11,249,298,298,,,,
116,263,,,,12,1,,2026-06-29,75,1734,,,,,,,,Bizon,,621,5,187,8,262,55,105,,,,
55,5,,,,0,0,,2026-06-29,90,0,,,,,,,,Bizon,,1546,0,875,0,5,0,0,,,,
79,0,,,,0,0,,2026-06-29,70,1221,,,,,,,,Bizon,,558,0,362,0,0,0,0,,,,
76,298,,,,12,3,,2026-06-29,70,6239,,,,,,,,Bizon,,761,4,357,9,295,300,300,,,,
12,0,,,,0,0,,2026-06-29,65,415,,,,,,,,Bizon,,505,0,657,0,0,0,309,,,,
113,695,,,,4,2,,2026-06-29,75,1031,,,,,,,,Bizon,,165,0,48,6,693,740,733,,,,
130,204,,,,6,2,,2026-06-29,30,1852,,,,,,,,Bizon,,70,0,0,6,202,0,0,,,,
54,0,,,,0,0,,2026-06-29,0,0,,,,,,,,Bizon,,458,0,377,0,0,0,0,,,,
63,0,,,,0,0,,2026-06-29,0,0,,,,,,,,Bizon,,690,0,407,0,0,0,0,,,,
2,359,,,,7,0,,2026-06-29,99,0,,,,,,,,Bizon,,1472,0,768,9,359,342,207,30,40,40,40
77,344,,,,7,1,,2026-06-29,50,3964,,,,,,,,Bizon,,432,4,531,4,343,350,350,,,,
28,0,,,,0,0,,2026-06-29,45,0,,,,,,,,Bizon,,180,0,522,0,0,0,0,,,,
100,360,,,,28,7,,2026-06-30,150,3516,,,,,,,,Bizon,,528,11,190,17,353,900,900,,,,
94,303,,,,5,0,,2026-06-30,150,0,,,,,,,,Bizon,,721,0,255,6,303,1197,750,,,,
73,497,,,,14,2,,2026-06-30,69,0,,,,,,,,Bizon,,621,0,858,14,495,667,300,,,,
110,4,,,,1,0,,2026-06-30,30,723,,,,,,,,Bizon,,26,1,34,0,4,0,0,,,,
36,441,,,,10,2,,2026-06-30,150,5388,,,,,,,,Bizon,,2883,7,1957,6,439,174,444,,0,0,0
11,0,,,,1,0,,2026-06-30,60,2186,,,,,,,,Bizon,,1943,1,1389,0,0,0,273,33,40,40,40
123,245,,,,20,1,,2026-06-30,30,2332,,,,,,,,Bizon,,80,6,119,20,244,348,252,,,,
130,0,,,,0,0,,2026-06-30,30,1852,,,,,,,,Bizon,,70,0,0,0,0,0,0,,,,
89,337,,,,0,0,,2026-06-30,125,4036,,,,,,,,Bizon,,230,0,270,0,337,289,8,,,,
116,55,,,,2,0,,2026-06-30,75,1734,,,,,,,,Bizon,,622,2,189,1,55,105,206,,,,
55,0,,,,0,0,,2026-06-30,90,0,,,,,,,,Bizon,,1546,0,875,0,0,0,0,,,,
76,286,,,,10,1,,2026-06-30,70,6239,,,,,,,,Bizon,,769,3,360,8,285,300,300,,,,
12,0,,,,0,0,,2026-06-30,65,415,,,,,,,,Bizon,,505,0,657,0,0,309,317,,,,
113,740,,,,10,3,,2026-06-30,75,1031,,,,,,,,Bizon,,172,4,52,7,738,733,742,,,,
114,0,,,,0,0,,2026-06-30,30,1692,,,,,,,,Bizon,,162,0,112,0,0,0,0,15,20,20,20
99,140,,,,9,0,,2026-06-30,35,2852,,,,,,,,Bizon,,316,2,103,8,140,556,350,,,,
54,0,,,,0,0,,2026-06-30,0,0,,,,,,,,Bizon,,458,0,377,0,0,0,0,,,,
63,0,,,,0,0,,2026-06-30,0,0,,,,,,,,Bizon,,690,0,407,0,0,0,0,,,,
2,348,,,,4,1,,2026-06-30,99,0,,,,,,,,Bizon,,1474,2,770,2,347,200,237,30,40,40,40
77,347,,,,18,3,,2026-06-30,50,3964,,,,,,,,Bizon,,437,13,544,5,344,350,350,,,,
28,0,,,,0,0,,2026-06-30,45,0,,,,,,,,Bizon,,180,0,522,0,0,0,0,,,,
100,346,,,,18,2,,2026-07-01,150,0,,,,,,,,Bizon,,543,3,193,15,345,900,888,,,,
94,293,,,,3,1,,2026-07-01,150,0,,,,,,,,Bizon,,724,1,256,3,292,1207,750,,,,
73,286,,,,9,1,,2026-07-01,69,0,,,,,,,,Bizon,,627,3,861,6,285,484,300,,,,
110,0,,,,0,0,,2026-07-01,30,0,,,,,,,,Bizon,,26,0,34,0,0,0,0,,,,
36,79,,,,4,0,,2026-07-01,150,0,,,,,,,,Bizon,,2885,3,1960,2,79,534,710,,0,0,0
11,0,,,,0,0,,2026-07-01,60,0,,,,,,,,Bizon,,1943,0,1389,0,0,273,182,12,40,40,40
123,248,,,,15,1,,2026-07-01,30,0,,,,,,,,Bizon,,92,8,127,12,247,304,249,,,,
130,245,,,,0,1,,2026-07-01,30,0,,,,,,,,Bizon,,70,0,0,0,299,300,300,,,,
89,284,,,,7,0,,2026-07-01,125,0,,,,,,,,Bizon,,234,5,275,4,284,8,0,,,,
116,104,,,,0,0,,2026-07-01,75,0,,,,,,,,Bizon,,623,0,189,1,104,206,3,,,,
55,327,,,,6,2,,2026-07-01,90,0,,,,,,,,Bizon,,1556,0,875,10,325,380,380,,,,
76,296,,,,9,2,,2026-07-01,70,0,,,,,,,,Bizon,,771,8,368,2,294,300,300,,,,
12,309,,,,16,1,,2026-07-01,65,0,,,,,,,,Bizon,,521,1,658,16,308,317,237,,,,
113,733,,,,7,2,,2026-07-01,75,0,,,,,,,,Bizon,,180,2,54,8,731,742,743,,,,
114,0,,,,0,0,,2026-07-01,30,0,,,,,,,,Bizon,,162,0,112,0,0,0,0,15,20,20,20
99,0,,,,0,0,,2026-07-01,35,0,,,,,,,,Bizon,,316,0,103,0,140,556,350,,,,
54,0,,,,0,0,,2026-07-01,0,0,,,,,,,,Bizon,,458,0,377,0,0,0,0,,,,
63,0,,,,0,0,,2026-07-01,0,0,,,,,,,,Bizon,,690,0,407,0,0,0,0,,,,
2,193,,,,9,3,,2026-07-01,99,0,,,,,,,,Bizon,,1480,3,773,6,192,237,343,30,40,40,40
77,344,,,,11,1,,2026-07-01,50,0,,,,,,,,Bizon,,441,7,551,4,343,350,350,,,,
28,0,,,,0,0,,2026-07-01,45,0,,,,,,,,Bizon,,180,0,522,0,0,0,0,,,,
100,345,,,,14,2,,2026-07-02,150,0,,,,,,,,Bizon,,557,1,194,14,343,900,0,,,,
94,288,,,,3,0,,2026-07-02,150,0,,,,,,,,Bizon,,726,2,258,2,288,1212,0,,,,
73,115,,,,5,0,,2026-07-02,69,0,,,,,,,,Bizon,,629,4,865,2,115,475,0,,,,
110,0,,,,0,0,,2026-07-02,30,0,,,,,,,,Bizon,,26,0,34,0,0,0,0,,,,
36,914,,,,45,6,,2026-07-02,150,565,,,,,,,,Bizon,,2928,6,1966,43,908,50,0,,0,0,0
11,265,,,,3,0,,2026-07-02,60,0,,,,,,,,Bizon,,1947,1,1390,4,265,182,0,0,40,40,40
123,248,,,,11,1,,2026-07-02,30,0,,,,,,,,Bizon,,102,3,130,10,247,270,0,,,,
130,300,,,,7,0,,2026-07-02,30,0,,,,,,,,Bizon,,75,2,2,5,300,300,0,,,,
89,167,,,,6,1,,2026-07-02,125,1554,,,,,,,,Bizon,,238,2,277,4,166,300,0,,,,
116,206,,,,10,1,,2026-07-02,75,0,,,,,,,,Bizon,,629,5,194,6,205,3,0,,,,
55,290,,,,7,1,,2026-07-02,90,0,,,,,,,,Bizon,,1561,2,877,5,289,380,0,,,,
76,295,,,,21,0,,2026-07-02,70,0,,,,,,,,Bizon,,789,4,372,18,295,300,0,,,,
12,316,,,,15,0,,2026-07-02,65,0,,,,,,,,Bizon,,530,7,665,9,316,237,0,,,,
113,742,,,,8,0,,2026-07-02,75,0,,,,,,,,Bizon,,187,2,56,7,742,743,0,,,,
114,0,,,,0,0,,2026-07-02,30,0,,,,,,,,Bizon,,162,0,112,0,0,0,0,15,20,20,20
54,0,,,,0,0,,2026-07-02,0,0,,,,,,,,Bizon,,458,0,377,0,0,0,0,,,,
63,0,,,,0,0,,2026-07-02,0,0,,,,,,,,Bizon,,690,0,407,0,0,0,0,,,,
2,351,,,,15,2,,2026-07-02,99,871,,,,,,,,Bizon,,1495,0,773,15,349,545,0,30,40,40,40
77,340,,,,14,0,,2026-07-02,50,0,,,,,,,,Bizon,,450,6,557,9,340,350,0,,,,
28,0,,,,0,0,,2026-07-02,45,0,,,,,,,,Bizon,,180,0,522,0,0,0,0,,,,
100,357,,,,11,2,,2026-07-03,150,0,,,,,,,,Bizon,,568,1,195,11,355,0,0,,,,
94,296,,,,6,0,,2026-07-03,150,0,,,,,,,,Bizon,,733,0,258,7,296,452,0,,,,
73,98,,,,7,0,,2026-07-03,69,0,,,,,,,,Bizon,,632,4,869,3,98,177,0,,,,
110,0,,,,0,0,,2026-07-03,30,0,,,,,,,,Bizon,,26,0,34,0,0,0,0,,,,
36,635,,,,21,1,,2026-07-03,150,932,,,,,,,,Bizon,,2943,11,1977,15,635,0,0,,0,0,0
11,172,,,,3,1,,2026-07-03,60,0,,,,,,,,Bizon,,1949,3,1393,2,171,0,0,0,40,40,40
123,246,,,,11,0,,2026-07-03,30,0,,,,,,,,Bizon,,115,3,133,13,246,3,0,,,,
130,297,,,,9,1,,2026-07-03,30,0,,,,,,,,Bizon,,83,1,3,8,296,0,0,,,,
89,277,,,,8,1,,2026-07-03,125,1554,,,,,,,,Bizon,,245,2,279,7,276,0,0,,,,
116,3,,,,0,0,,2026-07-03,75,0,,,,,,,,Bizon,,629,0,194,0,3,0,0,,,,
55,258,,,,3,5,,2026-07-03,90,0,,,,,,,,Bizon,,1568,0,877,7,253,0,0,,,,
76,297,,,,8,0,,2026-07-03,70,0,,,,,,,,Bizon,,797,0,372,8,297,0,0,,,,
12,237,,,,8,1,,2026-07-03,65,0,,,,,,,,Bizon,,538,6,671,8,236,0,0,,,,
113,741,,,,11,1,,2026-07-03,75,0,,,,,,,,Bizon,,196,4,60,9,740,0,0,,,,
114,0,,,,0,0,,2026-07-03,30,0,,,,,,,,Bizon,,162,0,112,0,0,0,0,14,20,20,20
54,0,,,,0,0,,2026-07-03,0,0,,,,,,,,Bizon,,458,0,377,0,0,0,0,,,,
63,0,,,,0,0,,2026-07-03,0,0,,,,,,,,Bizon,,690,0,407,0,0,0,0,,,,
2,454,,,,29,1,,2026-07-03,99,871,,,,,,,,Bizon,,1525,3,776,30,453,0,0,30,40,40,40
77,343,,,,16,1,,2026-07-03,50,0,,,,,,,,Bizon,,462,6,563,12,342,0,0,,,,
28,0,,,,0,0,,2026-07-03,45,0,,,,,,,,Bizon,,180,0,522,0,0,0,0,,,,
100,0,,,,0,0,,2026-07-04,150,0,,,,,,,,Bizon,,568,0,195,0,0,0,900,,,,
94,86,,,,2,0,,2026-07-04,150,0,,,,,,,,Bizon,,735,0,258,2,86,0,750,,,,
73,0,,,,0,0,,2026-07-04,69,0,,,,,,,,Bizon,,633,0,868,1,0,0,300,,,,
110,0,,,,0,0,,2026-07-04,30,0,,,,,,,,Bizon,,26,0,34,0,0,0,0,,,,
36,0,,,,0,0,,2026-07-04,150,932,,,,,,,,Bizon,,2943,0,1977,0,0,0,742,,0,0,0
11,0,,,,0,0,,2026-07-04,60,0,,,,,,,,Bizon,,1949,0,1393,0,0,0,233,0,40,40,40
123,0,,,,0,0,,2026-07-04,30,0,,,,,,,,Bizon,,115,0,133,0,0,0,253,,,,
130,0,,,,0,0,,2026-07-04,30,0,,,,,,,,Bizon,,83,0,3,0,0,0,300,,,,
89,0,,,,0,0,,2026-07-04,125,1554,,,,,,,,Bizon,,245,0,279,0,0,0,300,,,,
116,0,,,,0,0,,2026-07-04,75,0,,,,,,,,Bizon,,629,0,194,0,0,0,224,,,,
55,0,,,,0,0,,2026-07-04,90,0,,,,,,,,Bizon,,1568,0,877,0,0,0,254,,,,
76,0,,,,0,0,,2026-07-04,70,0,,,,,,,,Bizon,,797,0,372,0,0,0,300,,,,
12,0,,,,0,0,,2026-07-04,65,0,,,,,,,,Bizon,,538,0,671,0,0,0,0,,,,
113,0,,,,0,0,,2026-07-04,75,0,,,,,,,,Bizon,,196,0,60,0,0,0,696,,,,
114,0,,,,0,0,,2026-07-04,30,0,,,,,,,,Bizon,,162,0,112,0,0,0,0,14,20,20,20
54,0,,,,0,0,,2026-07-04,0,0,,,,,,,,Bizon,,458,0,377,0,0,0,0,,,,
63,0,,,,0,0,,2026-07-04,0,0,,,,,,,,Bizon,,690,0,407,0,0,0,0,,,,
2,0,,,,1,0,,2026-07-04,99,871,,,,,,,,Bizon,,1525,1,777,0,0,0,550,20,40,40,40
77,0,,,,0,0,,2026-07-04,50,0,,,,,,,,Bizon,,462,0,563,0,0,0,350,,,,
28,0,,,,0,0,,2026-07-04,45,0,,,,,,,,Bizon,,180,0,522,0,0,0,0,,,,
100,0,,,,0,0,,2026-07-05,150,0,,,,,,,,Bizon,,568,0,195,0,0,900,900,,,,
94,0,,,,0,0,,2026-07-05,150,0,,,,,,,,Bizon,,735,0,258,0,0,750,750,,,,
73,0,,,,0,0,,2026-07-05,69,0,,,,,,,,Bizon,,633,0,868,0,0,300,300,,,,
110,0,,,,0,0,,2026-07-05,30,0,,,,,,,,Bizon,,26,0,34,0,0,0,0,,,,
36,0,,,,0,0,,2026-07-05,150,932,,,,,,,,Bizon,,2943,0,1977,0,0,742,705,,0,0,0
11,0,,,,1,0,,2026-07-05,60,0,,,,,,,,Bizon,,1949,1,1394,0,0,233,271,0,40,40,40
123,0,,,,0,0,,2026-07-05,30,0,,,,,,,,Bizon,,115,0,133,0,0,252,250,,,,
130,0,,,,0,0,,2026-07-05,30,0,,,,,,,,Bizon,,83,0,3,0,0,300,102,,,,
89,0,,,,0,0,,2026-07-05,125,1554,,,,,,,,Bizon,,245,0,279,0,0,300,224,,,,
116,0,,,,0,0,,2026-07-05,75,0,,,,,,,,Bizon,,629,0,194,0,0,224,270,,,,
55,0,,,,0,0,,2026-07-05,90,0,,,,,,,,Bizon,,1568,0,877,0,0,254,0,,,,
76,0,,,,0,0,,2026-07-05,70,0,,,,,,,,Bizon,,797,0,372,0,0,300,300,,,,
12,0,,,,0,0,,2026-07-05,65,0,,,,,,,,Bizon,,538,0,671,0,0,0,0,,,,
113,0,,,,0,0,,2026-07-05,75,0,,,,,,,,Bizon,,196,0,60,0,0,696,174,,,,
114,0,,,,0,0,,2026-07-05,30,0,,,,,,,,Bizon,,162,0,112,0,0,0,0,14,20,20,20
54,0,,,,0,0,,2026-07-05,0,0,,,,,,,,Bizon,,458,0,377,0,0,0,0,,,,
63,0,,,,0,0,,2026-07-05,0,0,,,,,,,,Bizon,,690,0,407,0,0,0,0,,,,
2,0,,,,0,0,,2026-07-05,99,871,,,,,,,,Bizon,,1525,0,777,0,0,550,487,0,40,40,40
77,0,,,,0,0,,2026-07-05,50,0,,,,,,,,Bizon,,462,0,563,0,0,350,336,,,,
28,0,,,,0,0,,2026-07-05,45,0,,,,,,,,Bizon,,180,0,522,0,0,0,0,,,,
100,865,,,,43,9,,2026-07-06,150,0,,,,,,,,Bizon,,601,13,208,33,856,899,827,,,,
94,733,,,,10,0,,2026-07-06,150,0,,,,,,,,Bizon,,743,3,261,8,733,759,728,,,,
73,296,,,,4,0,,2026-07-06,69,0,,,,,,,,Bizon,,637,0,868,4,296,303,300,,,,
110,0,,,,0,0,,2026-07-06,30,0,,,,,,,,Bizon,,26,0,34,0,0,0,0,,,,
36,1475,,,,51,6,,2026-07-06,150,1209,,,,,,,,Bizon,,3001,18,1995,58,1469,950,635,,0,0,0
11,220,,,,4,0,,2026-07-06,60,0,,,,,,,,Bizon,,1952,2,1396,3,220,271,277,0,40,40,40
123,248,,,,17,0,,2026-07-06,30,0,,,,,,,,Bizon,,128,6,139,13,248,252,250,,,,
130,204,,,,4,0,,2026-07-06,30,0,,,,,,,,Bizon,,85,2,5,2,204,102,0,,,,
89,291,,,,10,4,,2026-07-06,125,2437,,,,,,,,Bizon,,253,3,282,8,287,292,373,,,,
116,224,,,,7,0,,2026-07-06,75,0,,,,,,,,Bizon,,636,2,196,7,224,270,12,,,,
55,172,,,,6,0,,2026-07-06,90,0,,,,,,,,Bizon,,1573,1,878,5,172,0,319,,,,
76,289,,,,12,1,,2026-07-06,70,0,,,,,,,,Bizon,,806,4,376,9,288,300,300,,,,
12,0,,,,1,0,,2026-07-06,65,0,,,,,,,,Bizon,,538,1,672,0,0,0,0,,,,
113,696,,,,9,0,,2026-07-06,75,0,,,,,,,,Bizon,,206,1,61,10,696,174,0,,,,
114,0,,,,0,0,,2026-07-06,30,0,,,,,,,,Bizon,,162,0,112,0,0,0,0,14,20,20,20
54,0,,,,0,0,,2026-07-06,0,0,,,,,,,,Bizon,,458,0,377,0,0,0,0,,,,
63,0,,,,0,0,,2026-07-06,0,0,,,,,,,,Bizon,,690,0,407,0,0,0,0,,,,
2,543,,,,29,4,,2026-07-06,99,871,,,,,,,,Bizon,,1550,6,783,25,539,487,354,30,40,40,40
77,338,,,,28,3,,2026-07-06,50,0,,,,,,,,Bizon,,479,12,575,17,335,350,272,,,,
28,0,,,,0,0,,2026-07-06,45,0,,,,,,,,Bizon,,180,0,522,0,0,0,0,,,,
100,292,,,,17,8,,2026-07-07,150,0,,,,,,,,Bizon,,613,6,214,12,451,1267,387,,,,
94,232,,,,2,1,,2026-07-07,150,0,,,,,,,,Bizon,,744,1,262,1,363,1109,670,,,,
73,94,,,,1,10,,2026-07-07,69,0,,,,,,,,Bizon,,638,0,868,1,144,447,299,,,,
110,0,,,,0,0,,2026-07-07,30,0,,,,,,,,Bizon,,26,0,34,0,0,0,0,,,,
36,676,,,,33,0,,2026-07-07,150,1209,,,,,,,,Bizon,,3028,13,2008,27,835,747,1259,,0,0,0
11,205,,,,0,0,,2026-07-07,60,0,,,,,,,,Bizon,,1952,1,1397,0,267,277,280,0,40,40,40
123,209,,,,12,0,,2026-07-07,30,0,,,,,,,,Bizon,,135,5,144,7,245,252,250,,,,
130,81,,,,1,0,,2026-07-07,30,0,,,,,,,,Bizon,,86,0,5,1,102,0,0,,,,
89,202,,,,1,1,,2026-07-07,125,2437,,,,,,,,Bizon,,253,1,283,0,261,373,645,,,,
116,12,,,,1,0,,2026-07-07,75,0,,,,,,,,Bizon,,637,0,196,1,12,0,0,,,,
55,0,,,,0,0,,2026-07-07,90,0,,,,,,,,Bizon,,1573,0,878,0,0,319,282,,,,
76,242,,,,6,0,,2026-07-07,70,0,,,,,,,,Bizon,,809,4,380,3,296,300,300,,,,
12,0,,,,0,0,,2026-07-07,65,0,,,,,,,,Bizon,,538,1,673,0,0,0,0,,,,
113,139,,,,3,0,,2026-07-07,75,0,,,,,,,,Bizon,,210,0,61,4,174,0,0,,,,
114,0,,,,0,0,,2026-07-07,30,0,,,,,,,,Bizon,,162,0,112,0,0,0,0,14,20,20,20
54,0,,,,0,0,,2026-07-07,0,0,,,,,,,,Bizon,,458,0,377,0,0,0,0,,,,
63,0,,,,0,0,,2026-07-07,0,0,,,,,,,,Bizon,,690,0,407,0,0,0,0,,,,
2,292,,,,7,2,,2026-07-07,99,871,,,,,,,,Bizon,,1555,2,785,5,385,512,336,30,40,40,40
77,283,,,,19,7,,2026-07-07,50,0,,,,,,,,Bizon,,494,5,580,15,329,275,23,,,,
28,0,,,,0,0,,2026-07-07,45,0,,,,,,,,Bizon,,180,0,522,0,0,0,0,,,,
125,153,,,,10,2,,2026-07-07,30,2157,,,,,,,,Bizon,,11,0,0,11,298,300,300,,,,
100,353,,,,16,2,,2026-07-08,150,0,,,,,,,,Bizon,,632,8,222,19,725,860,0,,,,
94,261,,,,6,0,,2026-07-08,150,0,,,,,,,,Bizon,,751,0,262,7,599,859,0,,,,
73,102,,,,0,0,,2026-07-08,69,0,,,,,,,,Bizon,,638,0,868,0,254,366,0,,,,
110,0,,,,0,0,,2026-07-08,30,0,,,,,,,,Bizon,,26,0,34,0,0,0,0,,,,
36,581,,,,13,2,,2026-07-08,150,1615,,,,,,,,Bizon,,3052,22,2030,24,1335,789,0,,,,
11,267,,,,6,0,,2026-07-08,60,0,,,,,,,,Bizon,,1960,0,1397,8,278,203,0,,,,
123,250,,,,7,0,,2026-07-08,30,0,,,,,,,,Bizon,,135,10,154,0,251,255,0,,,,
130,288,,,,5,0,,2026-07-08,30,0,,,,,,,,Bizon,,91,0,5,5,280,328,0,,,,
89,346,,,,1,5,,2026-07-08,125,2437,,,,,,,,Bizon,,255,2,285,2,642,648,0,,,,
116,0,,,,0,0,,2026-07-08,75,0,,,,,,,,Bizon,,637,0,196,0,0,191,0,,,,
125,297,,,,27,3,,2026-07-08,30,2157,,,,,,,,Bizon,,56,12,12,45,297,300,0,,,,
55,319,,,,7,0,,2026-07-08,90,0,,,,,,,,Bizon,,1582,4,882,9,281,254,0,,,,
76,291,,,,11,4,,2026-07-08,70,0,,,,,,,,Bizon,,822,1,381,13,300,304,0,,,,
12,298,,,,20,1,,2026-07-08,65,495,,,,,,,,Bizon,,556,8,681,18,300,300,0,,,,
113,0,,,,0,0,,2026-07-08,75,0,,,,,,,,Bizon,,210,0,61,0,2,0,0,,,,
114,0,,,,0,0,,2026-07-08,30,0,,,,,,,,Bizon,,162,0,112,0,0,0,0,,,,
54,0,,,,0,0,,2026-07-08,0,0,,,,,,,,Bizon,,458,0,377,0,0,0,0,,,,
63,0,,,,0,0,,2026-07-08,0,0,,,,,,,,Bizon,,690,0,407,0,0,0,0,,,,
2,280,,,,9,0,,2026-07-08,99,871,,,,,,,,Bizon,,1567,6,791,12,301,476,0,,,,
77,259,,,,20,4,,2026-07-08,50,0,,,,,,,,Bizon,,513,7,587,19,29,38,0,,,,
28,0,,,,0,0,,2026-07-08,45,0,,,,,,,,Bizon,,180,0,522,0,0,0,0,,,,
100,352,,,,11,4,,2026-07-09,150,0,,,,,,,,Bizon,,639,1,223,7,348,879,0,,,,
94,305,,,,9,1,,2026-07-09,150,0,,,,,,,,Bizon,,757,4,266,6,304,964,0,,,,
73,131,,,,1,0,,2026-07-09,69,0,,,,,,,,Bizon,,639,0,868,1,131,485,0,31,40,40,40
110,0,,,,0,0,,2026-07-09,30,0,,,,,,,,Bizon,,26,0,34,0,0,0,0,,,,
36,1313,,,,54,0,,2026-07-09,150,2608,,,,,,,,Bizon,,3086,11,2041,34,1313,1488,0,,,,
11,538,,,,24,1,,2026-07-09,60,1451,,,,,,,,Bizon,,1986,2,1399,26,537,503,0,33,40,40,40
123,250,,,,6,0,,2026-07-09,30,0,,,,,,,,Bizon,,136,3,157,1,250,251,0,,,,
130,276,,,,3,0,,2026-07-09,30,0,,,,,,,,Bizon,,94,0,5,3,276,296,0,23,40,40,40
89,625,,,,7,1,,2026-07-09,125,2437,,,,,,,,Bizon,,259,3,288,4,624,648,0,,,,
116,0,,,,0,0,,2026-07-09,75,0,,,,,,,,Bizon,,637,0,196,0,0,191,0,,,,
125,298,,,,28,4,,2026-07-09,30,2157,,,,,,,,Bizon,,73,1,13,17,294,300,0,,,,
55,280,,,,6,0,,2026-07-09,90,0,,,,,,,,Bizon,,1586,0,882,4,280,254,0,,,,
76,244,,,,8,2,,2026-07-09,70,0,,,,,,,,Bizon,,830,0,381,8,297,304,0,,,,
12,297,,,,9,0,,2026-07-09,65,495,,,,,,,,Bizon,,559,1,682,3,297,300,0,,,,
113,2,,,,1,0,,2026-07-09,75,0,,,,,,,,Bizon,,211,0,61,1,2,0,0,,,,
114,0,,,,0,0,,2026-07-09,30,0,,,,,,,,Bizon,,162,0,112,0,0,0,0,28,40,40,40
54,0,,,,0,0,,2026-07-09,0,0,,,,,,,,Bizon,,458,0,377,0,0,0,0,,,,
63,0,,,,0,0,,2026-07-09,0,0,,,,,,,,Bizon,,690,0,407,0,0,0,0,,,,
2,330,,,,12,2,,2026-07-09,99,1331,,,,,,,,Bizon,,1575,3,794,8,328,737,0,32,40,40,40
77,28,,,,2,0,,2026-07-09,50,0,,,,,,,,Bizon,,514,0,587,1,28,38,0,,,,
28,0,,,,0,0,,2026-07-09,45,0,,,,,,,,Bizon,,180,0,522,0,0,0,0,,,,
100,847,,,,28,2,,2026-07-10,150,0,,,,,,,,Bizon,,664,4,227,25,845,2,0,,,,
94,735,,,,15,1,,2026-07-10,150,0,,,,,,,,Bizon,,774,3,269,17,734,0,0,,,,
73,296,,,,5,0,,2026-07-10,69,0,,,,,,,,Bizon,,643,1,869,4,296,4,0,33,40,40,40
110,0,,,,0,0,,2026-07-10,30,0,,,,,,,,Bizon,,26,0,34,0,0,0,0,,,,
36,1452,,,,51,1,,2026-07-10,150,2608,,,,,,,,Bizon,,3129,13,2054,43,1451,0,0,,,,
11,478,,,,23,3,,2026-07-10,60,1451,,,,,,,,Bizon,,2007,4,1403,21,475,0,0,31,40,40,40
123,249,,,,3,1,,2026-07-10,30,0,,,,,,,,Bizon,,137,2,159,1,248,1,0,,,,
130,300,,,,3,4,,2026-07-10,30,813,,,,,,,,Bizon,,98,0,5,4,296,0,0,25,40,40,40
89,620,,,,4,0,,2026-07-10,125,2437,,,,,,,,Bizon,,263,2,290,4,620,0,0,,,,
116,187,,,,4,1,,2026-07-10,75,0,,,,,,,,Bizon,,639,2,198,2,186,0,0,,,,
125,298,,,,33,5,,2026-07-10,30,2157,,,,,,,,Bizon,,107,2,15,34,293,0,0,,,,
55,250,,,,2,0,,2026-07-10,90,0,,,,,,,,Bizon,,1588,0,882,2,250,0,0,,,,
76,271,,,,9,1,,2026-07-10,70,0,,,,,,,,Bizon,,839,1,382,9,296,0,0,,,,
12,299,,,,8,0,,2026-07-10,65,495,,,,,,,,Bizon,,566,1,683,7,299,0,0,,,,
113,0,,,,1,0,,2026-07-10,75,0,,,,,,,,Bizon,,211,1,62,0,0,0,0,,,,
114,0,,,,0,0,,2026-07-10,30,0,,,,,,,,Bizon,,162,0,112,0,0,0,0,24,40,40,40
54,0,,,,0,0,,2026-07-10,0,0,,,,,,,,Bizon,,458,0,377,0,0,0,0,,,,
63,0,,,,0,0,,2026-07-10,0,0,,,,,,,,Bizon,,690,0,407,0,0,0,0,,,,
2,720,,,,28,1,,2026-07-10,99,1331,,,,,,,,Bizon,,1595,8,802,20,719,0,0,32,40,40,40
77,19,,,,1,0,,2026-07-10,50,0,,,,,,,,Bizon,,515,0,587,1,19,0,0,,,,
28,0,,,,0,0,,2026-07-10,45,0,,,,,,,,Bizon,,180,0,522,0,0,0,0,,,,
100,0,,,,0,0,,2026-07-11,150,0,,,,,,,,Bizon,,664,0,227,0,0,0,905,,,,
94,0,,,,0,0,,2026-07-11,150,0,,,,,,,,Bizon,,774,0,269,0,0,0,629,,,,
73,0,,,,0,0,,2026-07-11,69,0,,,,,,,,Bizon,,643,0,869,0,0,0,313,21,40,40,40
110,0,,,,0,0,,2026-07-11,30,0,,,,,,,,Bizon,,26,0,34,0,0,0,0,,,,
36,0,,,,1,0,,2026-07-11,150,2608,,,,,,,,Bizon,,3129,1,2055,0,0,0,1388,,,,
11,0,,,,0,0,,2026-07-11,60,1451,,,,,,,,Bizon,,2007,0,1403,0,0,0,302,20,40,40,40
123,0,,,,0,0,,2026-07-11,30,0,,,,,,,,Bizon,,137,0,159,0,0,0,254,,,,
130,0,,,,0,0,,2026-07-11,30,813,,,,,,,,Bizon,,98,0,5,0,0,0,297,23,40,40,40
89,0,,,,0,0,,2026-07-11,125,2437,,,,,,,,Bizon,,263,0,290,0,0,0,641,,,,
116,0,,,,0,0,,2026-07-11,75,0,,,,,,,,Bizon,,639,0,198,0,0,0,197,,,,
125,0,,,,0,0,,2026-07-11,30,2157,,,,,,,,Bizon,,107,0,15,0,0,0,300,,,,
55,0,,,,0,0,,2026-07-11,90,0,,,,,,,,Bizon,,1588,0,882,0,0,0,170,,,,
76,0,,,,0,0,,2026-07-11,70,0,,,,,,,,Bizon,,839,0,382,0,0,0,309,,,,
12,0,,,,0,0,,2026-07-11,65,495,,,,,,,,Bizon,,566,1,684,0,0,0,300,,,,
113,0,,,,0,0,,2026-07-11,75,0,,,,,,,,Bizon,,211,0,62,0,0,0,1,,,,
114,0,,,,0,0,,2026-07-11,30,0,,,,,,,,Bizon,,162,0,112,0,0,0,0,0,40,40,40
54,0,,,,0,0,,2026-07-11,0,0,,,,,,,,Bizon,,458,0,377,0,0,0,0,,,,
63,0,,,,0,0,,2026-07-11,0,0,,,,,,,,Bizon,,690,0,407,0,0,0,0,,,,
2,0,,,,1,0,,2026-07-11,99,1331,,,,,,,,Bizon,,1595,1,803,0,0,0,746,20,40,40,40
77,0,,,,0,0,,2026-07-11,50,0,,,,,,,,Bizon,,515,0,587,0,0,0,191,,,,
28,0,,,,0,0,,2026-07-11,45,0,,,,,,,,Bizon,,180,0,522,0,0,0,0,,,,
100,0,,,,0,0,,2026-07-12,150,0,,,,,,,,Bizon,,664,0,227,0,0,903,583,,,,
94,0,,,,0,0,,2026-07-12,150,0,,,,,,,,Bizon,,774,0,269,0,0,630,228,,,,
73,0,,,,0,0,,2026-07-12,69,0,,,,,,,,Bizon,,643,0,869,0,0,312,300,0,40,40,40
110,0,,,,0,0,,2026-07-12,30,0,,,,,,,,Bizon,,26,0,34,0,0,0,0,,,,
36,0,,,,1,0,,2026-07-12,150,2608,,,,,,,,Bizon,,3129,1,2056,0,0,1391,1256,,,,
11,0,,,,0,0,,2026-07-12,60,1451,,,,,,,,Bizon,,2007,0,1403,0,0,302,298,0,40,40,40
123,0,,,,0,0,,2026-07-12,30,0,,,,,,,,Bizon,,137,0,159,0,0,257,250,,,,
130,0,,,,0,0,,2026-07-12,30,813,,,,,,,,Bizon,,98,0,5,0,0,298,299,-1,40,40,40
89,0,,,,0,0,,2026-07-12,125,2437,,,,,,,,Bizon,,263,0,290,0,0,641,632,,,,
116,0,,,,0,0,,2026-07-12,75,0,,,,,,,,Bizon,,639,0,198,0,0,197,54,,,,
125,0,,,,0,0,,2026-07-12,30,2157,,,,,,,,Bizon,,107,0,15,0,0,298,300,,,,
55,0,,,,0,0,,2026-07-12,90,0,,,,,,,,Bizon,,1588,0,882,0,0,170,0,,,,
76,0,,,,0,0,,2026-07-12,70,0,,,,,,,,Bizon,,839,0,382,0,0,308,300,,,,
12,0,,,,0,0,,2026-07-12,65,495,,,,,,,,Bizon,,566,0,684,0,0,300,300,,,,
113,0,,,,0,0,,2026-07-12,75,0,,,,,,,,Bizon,,211,0,62,0,0,7,0,,,,
114,0,,,,0,0,,2026-07-12,30,0,,,,,,,,Bizon,,162,0,112,0,0,0,0,0,40,40,40
54,0,,,,0,0,,2026-07-12,0,0,,,,,,,,Bizon,,458,0,377,0,0,0,0,,,,
63,0,,,,0,0,,2026-07-12,0,0,,,,,,,,Bizon,,690,0,407,0,0,0,0,,,,
2,0,,,,0,0,,2026-07-12,99,1331,,,,,,,,Bizon,,1595,0,803,0,0,747,777,0,40,40,40
77,0,,,,0,0,,2026-07-12,50,0,,,,,,,,Bizon,,515,0,587,0,0,198,345,,,,
28,0,,,,0,0,,2026-07-12,45,0,,,,,,,,Bizon,,180,0,522,0,0,0,0,,,,
100,841,,,,23,1,,2026-07-13,150,0,,,,,,,,Bizon,,683,7,234,19,840,638,112,,,,
94,618,,,,19,2,,2026-07-13,150,0,,,,,,,,Bizon,,788,9,278,14,616,236,87,,,,
73,301,,,,6,2,,2026-07-13,69,0,,,,,,,,Bizon,,650,0,869,7,299,300,301,33,40,40,40
110,0,,,,0,0,,2026-07-13,30,0,,,,,,,,Bizon,,26,0,34,0,0,0,0,,,,
36,1345,,,,38,2,,2026-07-13,150,2608,,,,,,,,Bizon,,3153,20,2076,24,1343,1274,863,,,,
11,250,,,,25,5,,2026-07-13,60,1451,,,,,,,,Bizon,,2025,9,1412,18,245,296,300,32,40,40,40
123,250,,,,13,0,,2026-07-13,30,1622,,,,,,,,Bizon,,147,3,162,10,250,300,300,,,,
130,257,,,,10,1,,2026-07-13,30,813,,,,,,,,Bizon,,108,0,5,10,256,295,300,21,40,40,40
89,623,,,,10,6,,2026-07-13,125,2437,,,,,,,,Bizon,,268,6,296,5,617,634,579,,,,
116,196,,,,5,0,,2026-07-13,75,0,,,,,,,,Bizon,,644,1,199,5,196,54,103,,,,
125,296,,,,28,2,,2026-07-13,30,2157,,,,,,,,Bizon,,134,2,17,27,294,300,300,,,,
55,166,,,,3,0,,2026-07-13,90,0,,,,,,,,Bizon,,1589,2,884,1,166,4,0,,,,
76,299,,,,9,2,,2026-07-13,70,0,,,,,,,,Bizon,,846,3,385,7,297,300,300,,,,
12,300,,,,7,0,,2026-07-13,65,495,,,,,,,,Bizon,,569,5,689,3,300,300,300,,,,
113,7,,,,0,0,,2026-07-13,75,0,,,,,,,,Bizon,,211,0,62,0,7,0,0,,,,
114,0,,,,0,0,,2026-07-13,30,0,,,,,,,,Bizon,,162,0,112,0,0,0,0,0,40,40,40
54,0,,,,0,0,,2026-07-13,0,0,,,,,,,,Bizon,,458,0,377,0,0,0,0,,,,
63,0,,,,0,0,,2026-07-13,0,0,,,,,,,,Bizon,,690,0,407,0,0,0,0,,,,
2,723,,,,50,6,,2026-07-13,99,1331,,,,,,,,Bizon,,1638,10,813,43,717,794,382,32,40,40,40
77,156,,,,2,0,,2026-07-13,50,0,,,,,,,,Bizon,,517,0,587,2,156,347,294,,,,
28,0,,,,0,0,,2026-07-13,45,0,,,,,,,,Bizon,,180,0,522,0,0,0,0,,,,
100,604,,,,15,0,,2026-07-14,150,0,,,,,,,,Bizon,,695,4,238,12,604,137,114,,,,
94,232,,,,8,0,,2026-07-14,150,0,,,,,,,,Bizon,,800,0,276,12,232,87,90,,,,
73,294,,,,6,5,,2026-07-14,69,0,,,,,,,,Bizon,,653,4,873,3,294,304,300,33,40,40,40
110,0,,,,0,0,,2026-07-14,30,0,,,,,,,,Bizon,,26,0,34,0,0,0,0,,,,
36,1267,,,,63,2,,2026-07-14,150,2766,,,,,,,,Bizon,,3210,19,2095,57,1265,864,482,,,,
11,260,,,,14,3,,2026-07-14,60,1451,,,,,,,,Bizon,,2039,1,1413,14,257,300,300,32,40,40,40
123,245,,,,10,0,,2026-07-14,30,1622,,,,,,,,Bizon,,152,6,168,5,245,300,300,,,,
130,293,,,,8,3,,2026-07-14,30,813,,,,,,,,Bizon,,116,0,5,8,290,300,147,23,40,40,40
89,579,,,,10,1,,2026-07-14,125,2437,,,,,,,,Bizon,,274,4,300,6,578,578,304,,,,
116,730,,,,23,10,,2026-07-14,75,1332,,,,,,,,Bizon,,664,3,202,20,720,541,397,,,,
125,297,,,,17,3,,2026-07-14,30,2157,,,,,,,,Bizon,,146,5,22,12,294,300,300,,,,
55,4,,,,1,0,,2026-07-14,90,0,,,,,,,,Bizon,,1590,0,884,1,4,0,0,,,,
76,295,,,,5,0,,2026-07-14,70,0,,,,,,,,Bizon,,850,1,386,4,296,300,300,,,,
12,300,,,,12,1,,2026-07-14,65,495,,,,,,,,Bizon,,578,3,692,9,299,299,300,,,,
113,0,,,,0,0,,2026-07-14,75,0,,,,,,,,Bizon,,211,0,62,0,0,0,0,,,,
114,0,,,,0,0,,2026-07-14,30,0,,,,,,,,Bizon,,162,0,112,0,0,0,0,0,40,40,40
54,0,,,,0,0,,2026-07-14,0,0,,,,,,,,Bizon,,458,0,377,0,0,0,0,,,,
63,0,,,,0,0,,2026-07-14,0,0,,,,,,,,Bizon,,690,0,407,0,0,0,0,,,,
2,779,,,,42,11,,2026-07-14,99,1331,,,,,,,,Bizon,,1671,10,823,33,770,390,399,33,40,40,40
77,338,,,,13,0,,2026-07-14,50,0,,,,,,,,Bizon,,528,3,590,11,338,294,174,,,,
28,0,,,,0,0,,2026-07-14,45,0,,,,,,,,Bizon,,180,0,522,0,0,0,0,,,,
100,9,,,,0,0,,2026-07-15,150,0,,,,,,,,Bizon,,695,0,238,0,9,16,0,,,,
94,87,,,,4,0,,2026-07-15,150,0,,,,,,,,Bizon,,804,1,277,4,87,95,119,,,,
73,294,,,,6,2,,2026-07-15,69,0,,,,,,,,Bizon,,659,2,875,6,292,302,300,31,40,40,40
110,0,,,,0,0,,2026-07-15,30,0,,,,,,,,Bizon,,26,0,34,0,0,0,0,,,,
36,862,,,,51,6,,2026-07-15,150,3059,,,,,,,,Bizon,,3253,15,2110,43,856,715,750,,,,
11,281,,,,21,3,,2026-07-15,60,1451,,,,,,,,Bizon,,2057,3,1416,18,278,300,300,31,40,40,40
123,226,,,,11,0,,2026-07-15,30,1622,,,,,,,,Bizon,,157,6,174,5,226,302,300,,,,
130,300,,,,9,4,,2026-07-15,30,813,,,,,,,,Bizon,,123,2,7,7,296,150,0,24,40,40,40
89,287,,,,7,2,,2026-07-15,125,3278,,,,,,,,Bizon,,279,2,302,5,285,300,300,,,,
116,526,,,,17,16,,2026-07-15,75,1332,,,,,,,,Bizon,,679,5,207,15,512,397,1,,,,
125,295,,,,21,3,,2026-07-15,30,2157,,,,,,,,Bizon,,165,6,28,19,292,300,300,,,,
55,0,,,,0,0,,2026-07-15,90,0,,,,,,,,Bizon,,1590,0,884,0,0,0,0,,,,
76,255,,,,6,0,,2026-07-15,70,0,,,,,,,,Bizon,,855,2,388,5,300,300,300,,,,
12,298,,,,13,0,,2026-07-15,65,495,,,,,,,,Bizon,,585,6,698,7,298,300,300,,,,
113,0,,,,0,0,,2026-07-15,75,0,,,,,,,,Bizon,,211,0,62,0,0,3,0,,,,
114,0,,,,0,0,,2026-07-15,30,0,,,,,,,,Bizon,,162,0,112,0,0,0,0,,0,0,0
54,0,,,,0,0,,2026-07-15,0,0,,,,,,,,Bizon,,458,0,377,0,0,0,0,,,,
63,0,,,,0,0,,2026-07-15,0,0,,,,,,,,Bizon,,690,0,407,0,0,0,0,,,,
2,380,,,,16,7,,2026-07-15,99,1331,,,,,,,,Bizon,,1684,5,828,13,374,399,585,32,32,0,0
77,290,,,,12,1,,2026-07-15,50,0,,,,,,,,Bizon,,537,4,594,9,289,177,52,,,,
28,0,,,,0,0,,2026-07-15,45,0,,,,,,,,Bizon,,180,0,522,0,0,0,0,,,,
100,16,,,,4,0,,2026-07-16,150,0,,,,,,,,Bizon,,698,1,239,3,16,11,0,,,,
94,94,,,,0,0,,2026-07-16,150,0,,,,,,,,Bizon,,804,1,278,0,94,124,0,,,,
73,294,,,,8,1,,2026-07-16,69,0,,,,,,,,Bizon,,664,4,879,5,293,311,0,32,40,40,40
110,0,,,,0,0,,2026-07-16,30,0,,,,,,,,Bizon,,26,0,34,0,0,0,0,,,,
36,776,,,,44,3,,2026-07-16,150,3195,,,,,,,,Bizon,,3288,14,2124,35,773,754,0,,,,
11,252,,,,18,2,,2026-07-16,60,1451,,,,,,,,Bizon,,2067,8,1424,10,250,300,0,31,40,40,40
123,250,,,,5,0,,2026-07-16,30,1622,,,,,,,,Bizon,,160,2,176,3,250,300,0,,,,
130,150,,,,4,1,,2026-07-16,30,813,,,,,,,,Bizon,,128,0,6,5,149,0,0,20,40,40,40
89,248,,,,10,4,,2026-07-16,125,3278,,,,,,,,Bizon,,286,3,305,7,244,300,0,,,,
116,388,,,,12,2,,2026-07-16,75,1332,,,,,,,,Bizon,,689,2,209,10,386,1,0,,,,
125,298,,,,13,0,,2026-07-16,30,2157,,,,,,,,Bizon,,177,1,29,12,298,300,0,,,,
55,0,,,,0,0,,2026-07-16,90,0,,,,,,,,Bizon,,1590,1,885,0,0,0,0,,,,
76,270,,,,8,0,,2026-07-16,70,0,,,,,,,,Bizon,,863,1,389,8,291,300,0,,,,
12,300,,,,13,0,,2026-07-16,65,495,,,,,,,,Bizon,,592,7,705,7,300,300,0,,,,
113,0,,,,0,0,,2026-07-16,75,0,,,,,,,,Bizon,,211,0,62,0,0,8,0,,,,
114,0,,,,0,0,,2026-07-16,30,0,,,,,,,,Bizon,,162,0,112,0,0,0,0,0,40,40,40
54,0,,,,0,0,,2026-07-16,0,0,,,,,,,,Bizon,,458,0,377,0,0,0,0,,,,
63,0,,,,0,0,,2026-07-16,0,0,,,,,,,,Bizon,,690,0,407,0,0,0,0,,,,
2,392,,,,24,6,,2026-07-16,99,1331,,,,,,,,Bizon,,1698,11,839,14,386,585,0,0,40,40,40
77,175,,,,9,0,,2026-07-16,50,0,,,,,,,,Bizon,,543,3,597,6,175,57,0,,,,
28,0,,,,0,0,,2026-07-16,45,0,,,,,,,,Bizon,,180,0,522,0,0,0,0,,,,
100,11,,,,1,0,,2026-07-17,150,0,,,,,,,,Bizon,,699,0,239,1,11,0,0,,,,
94,123,,,,3,0,,2026-07-17,150,0,,,,,,,,Bizon,,808,0,278,4,123,0,0,,,,
73,293,,,,3,0,,2026-07-17,69,0,,,,,,,,Bizon,,666,1,880,2,293,0,0,31,40,40,40
110,0,,,,0,0,,2026-07-17,30,0,,,,,,,,Bizon,,26,0,34,0,0,0,0,,,,
36,749,,,,17,2,,2026-07-17,150,3195,,,,,,,,Bizon,,3303,7,2131,15,747,0,0,,,,
11,289,,,,12,0,,2026-07-17,60,1451,,,,,,,,Bizon,,2082,0,1424,15,289,0,0,31,40,40,40
123,245,,,,10,0,,2026-07-17,30,1622,,,,,,,,Bizon,,170,2,178,10,245,0,0,,,,
130,0,,,,0,0,,2026-07-17,30,813,,,,,,,,Bizon,,128,0,6,0,0,0,0,27,40,40,40
89,253,,,,1,7,,2026-07-17,240,3278,,,,,,,,Bizon,,287,0,305,1,246,0,0,,,,
116,1,,,,3,1,,2026-07-17,75,2697,,,,,,,,Bizon,,689,3,212,0,1,0,0,,,,
125,299,,,,16,1,,2026-07-17,30,2157,,,,,,,,Bizon,,193,1,30,16,298,0,0,,,,
55,380,,,,13,2,,2026-07-17,90,1041,,,,,,,,Bizon,,1603,2,887,13,378,0,0,,,,
76,288,,,,7,0,,2026-07-17,70,0,,,,,,,,Bizon,,869,3,392,6,288,0,0,,,,
12,300,,,,8,0,,2026-07-17,65,495,,,,,,,,Bizon,,598,2,707,6,300,0,0,,,,
113,0,,,,0,0,,2026-07-17,75,0,,,,,,,,Bizon,,211,0,62,0,0,0,0,,,,
114,0,,,,0,0,,2026-07-17,30,0,,,,,,,,Bizon,,162,0,112,0,0,0,0,,,,
54,0,,,,0,0,,2026-07-17,0,0,,,,,,,,Bizon,,458,0,377,0,0,0,0,,,,
63,0,,,,0,0,,2026-07-17,0,0,,,,,,,,Bizon,,690,0,407,0,0,0,0,,,,
2,576,,,,11,1,,2026-07-17,99,1331,,,,,,,,Bizon,,1709,2,841,11,575,0,0,,,,
77,54,,,,5,0,,2026-07-17,50,0,,,,,,,,Bizon,,544,4,601,1,54,0,0,,,,
28,0,,,,0,0,,2026-07-17,45,0,,,,,,,,Bizon,,180,0,522,0,0,0,0,,,,
100,0,,,,0,0,,2026-07-18,150,0,,,,,,,,Bizon,,699,0,239,0,0,0,27,,,,
94,0,,,,0,0,,2026-07-18,150,0,,,,,,,,Bizon,,808,0,278,0,0,0,321,,,,
73,0,,,,0,0,,2026-07-18,69,0,,,,,,,,Bizon,,666,0,880,0,0,0,331,21,40,40,40
110,0,,,,0,0,,2026-07-18,30,0,,,,,,,,Bizon,,26,0,34,0,0,0,0,,,,
36,0,,,,0,0,,2026-07-18,150,3195,,,,,,,,Bizon,,3303,0,2131,0,0,0,736,,,,
11,0,,,,0,0,,2026-07-18,60,1451,,,,,,,,Bizon,,2082,0,1424,0,0,0,300,20,40,40,40
123,0,,,,0,0,,2026-07-18,30,1622,,,,,,,,Bizon,,170,0,178,0,0,0,300,,,,
130,0,,,,0,0,,2026-07-18,30,813,,,,,,,,Bizon,,128,0,6,0,0,0,4,26,40,40,40
89,0,,,,0,0,,2026-07-18,240,3278,,,,,,,,Bizon,,287,0,305,0,0,0,125,,,,
116,0,,,,0,0,,2026-07-18,75,2697,,,,,,,,Bizon,,689,0,212,0,0,0,0,,,,
125,0,,,,0,0,,2026-07-18,30,2157,,,,,,,,Bizon,,193,0,30,0,0,0,300,,,,
55,0,,,,0,0,,2026-07-18,90,1041,,,,,,,,Bizon,,1603,0,887,0,0,0,380,,,,
76,0,,,,0,0,,2026-07-18,70,0,,,,,,,,Bizon,,869,0,392,0,0,0,300,,,,
12,0,,,,0,0,,2026-07-18,65,495,,,,,,,,Bizon,,598,0,707,0,0,0,323,,,,
113,0,,,,0,0,,2026-07-18,75,0,,,,,,,,Bizon,,211,0,62,0,0,0,18,,,,
114,0,,,,0,0,,2026-07-18,30,0,,,,,,,,Bizon,,162,0,112,0,0,0,0,,,,
54,0,,,,0,0,,2026-07-18,0,0,,,,,,,,Bizon,,458,0,377,0,0,0,0,,,,
63,0,,,,0,0,,2026-07-18,0,0,,,,,,,,Bizon,,690,0,407,0,0,0,0,,,,
2,0,,,,0,0,,2026-07-18,99,1331,,,,,,,,Bizon,,1709,0,841,0,0,0,575,,,,
77,0,,,,0,0,,2026-07-18,50,0,,,,,,,,Bizon,,544,0,601,0,0,0,168,,,,
28,0,,,,0,0,,2026-07-18,45,0,,,,,,,,Bizon,,180,0,522,0,0,0,0,,,,
100,0,,,,0,0,,2026-07-19,150,0,,,,,,,,Bizon,,699,0,239,0,0,35,0,,,,
94,0,,,,0,0,,2026-07-19,150,0,,,,,,,,Bizon,,808,0,278,0,0,327,52,,,,
73,0,,,,0,0,,2026-07-19,69,0,,,,,,,,Bizon,,666,0,880,0,0,331,404,0,40,40,40
110,0,,,,0,0,,2026-07-19,30,0,,,,,,,,Bizon,,26,0,34,0,0,0,0,,,,
36,0,,,,0,0,,2026-07-19,150,3195,,,,,,,,Bizon,,3303,0,2131,0,0,741,601,,,,
11,0,,,,0,0,,2026-07-19,60,1451,,,,,,,,Bizon,,2082,0,1424,0,0,300,300,0,40,40,40
123,0,,,,0,1,,2026-07-19,30,1622,,,,,,,,Bizon,,170,0,178,0,0,300,300,,,,
130,0,,,,0,0,,2026-07-19,30,813,,,,,,,,Bizon,,128,0,6,0,0,10,0,0,40,40,40
89,0,,,,0,0,,2026-07-19,240,3278,,,,,,,,Bizon,,287,0,305,0,0,125,0,,,,
116,0,,,,1,0,,2026-07-19,75,2697,,,,,,,,Bizon,,689,1,213,0,0,0,640,,,,
125,0,,,,0,0,,2026-07-19,30,2157,,,,,,,,Bizon,,193,0,30,0,0,300,300,,,,
55,0,,,,1,0,,2026-07-19,90,1041,,,,,,,,Bizon,,1604,0,887,1,0,380,289,,,,
76,0,,,,0,0,,2026-07-19,70,0,,,,,,,,Bizon,,869,0,392,0,0,300,300,,,,
12,0,,,,0,0,,2026-07-19,65,495,,,,,,,,Bizon,,599,0,706,1,0,325,300,,,,
113,0,,,,0,0,,2026-07-19,75,0,,,,,,,,Bizon,,211,0,62,0,0,26,0,,,,
114,0,,,,0,0,,2026-07-19,30,0,,,,,,,,Bizon,,162,0,112,0,0,0,0,,,,
54,0,,,,0,0,,2026-07-19,0,0,,,,,,,,Bizon,,458,0,377,0,0,0,0,,,,
63,0,,,,0,0,,2026-07-19,0,0,,,,,,,,Bizon,,690,0,407,0,0,0,0,,,,
2,0,,,,0,0,,2026-07-19,99,1331,,,,,,,,Bizon,,1710,0,840,1,0,579,564,,,,
77,0,,,,0,0,,2026-07-19,50,0,,,,,,,,Bizon,,544,0,601,0,0,177,29,,,,
28,0,,,,0,0,,2026-07-19,45,0,,,,,,,,Bizon,,180,0,522,0,0,0,0,,,,
100,34,,,,7,0,,2026-07-20,150,0,,,,,,,,Bizon,,703,3,242,4,34,0,0,,,,
94,322,,,,5,0,,2026-07-20,150,0,,,,,,,,Bizon,,813,1,279,5,322,53,182,,,,
73,297,,,,11,0,,2026-07-20,69,0,,,,,,,,Bizon,,676,1,881,10,297,420,300,32,40,40,40
110,0,,,,0,0,,2026-07-20,30,0,,,,,,,,Bizon,,26,0,34,0,0,0,0,,,,
36,727,,,,35,6,,2026-07-20,150,3195,,,,,,,,Bizon,,3322,19,2150,19,721,585,718,,,,
11,293,,,,9,0,,2026-07-20,60,1451,,,,,,,,Bizon,,2089,3,1427,7,294,300,299,33,40,40,40
123,246,,,,12,3,,2026-07-20,30,1622,,,,,,,,Bizon,,176,8,186,6,243,300,300,,,,
130,0,,,,0,0,,2026-07-20,30,813,,,,,,,,Bizon,,128,0,6,0,0,9,0,26,40,40,40
89,106,,,,7,0,,2026-07-20,240,3278,,,,,,,,Bizon,,291,3,308,4,106,1,247,,,,
116,419,,,,24,4,,2026-07-20,75,2697,,,,,,,,Bizon,,715,3,216,26,415,444,450,,,,
125,297,,,,20,0,,2026-07-20,30,2157,,,,,,,,Bizon,,210,4,34,17,299,301,298,,,,
55,379,,,,25,11,,2026-07-20,90,1041,,,,,,,,Bizon,,1626,3,890,22,368,289,312,,,,
76,264,,,,4,1,,2026-07-20,70,0,,,,,,,,Bizon,,872,1,393,3,263,300,300,,,,
12,319,,,,16,0,,2026-07-20,65,495,,,,,,,,Bizon,,614,2,708,15,323,300,300,,,,
113,0,,,,0,0,,2026-07-20,75,0,,,,,,,,Bizon,,211,0,62,0,0,26,0,,,,
114,0,,,,0,0,,2026-07-20,30,0,,,,,,,,Bizon,,162,0,112,0,0,0,0,,,,
54,0,,,,0,0,,2026-07-20,0,0,,,,,,,,Bizon,,458,0,377,0,0,0,0,,,,
63,0,,,,0,0,,2026-07-20,0,0,,,,,,,,Bizon,,690,0,407,0,0,0,0,,,,
2,571,,,,19,2,,2026-07-20,99,1331,,,,,,,,Bizon,,1728,2,842,18,569,564,311,,,,
77,167,,,,17,0,,2026-07-20,50,0,,,,,,,,Bizon,,555,6,607,11,167,31,2,,,,
28,0,,,,0,0,,2026-07-20,45,0,,,,,,,,Bizon,,180,0,522,0,0,0,0,,,,
100,0,,,,0,0,,2026-07-21,150,0,,,,,,,,Bizon,,703,0,242,0,0,0,0,,,,
94,52,,,,2,0,,2026-07-21,150,0,,,,,,,,Bizon,,814,1,280,1,52,182,484,,,,
73,394,,,,12,0,,2026-07-21,69,0,,,,,,,,Bizon,,687,1,882,11,394,316,300,32,40,40,40
110,0,,,,0,0,,2026-07-21,30,0,,,,,,,,Bizon,,26,0,34,0,0,0,0,,,,
36,582,,,,21,1,,2026-07-21,150,3195,,,,,,,,Bizon,,3341,5,2155,19,581,720,755,,,,
11,264,,,,7,6,,2026-07-21,60,1451,,,,,,,,Bizon,,2092,4,1431,3,258,301,300,32,40,40,40
123,250,,,,8,0,,2026-07-21,30,1622,,,,,,,,Bizon,,180,5,191,4,250,300,300,,,,
130,0,,,,0,0,,2026-07-21,30,813,,,,,,,,Bizon,,128,0,6,0,0,9,0,26,40,40,40
89,1,,,,0,0,,2026-07-21,240,3278,,,,,,,,Bizon,,291,0,308,0,1,247,234,,,,
116,424,,,,18,3,,2026-07-21,75,2697,,,,,,,,Bizon,,733,1,217,18,421,450,147,,,,
125,296,,,,14,0,,2026-07-21,30,2157,,,,,,,,Bizon,,221,3,37,11,296,300,300,,,,
55,289,,,,17,3,,2026-07-21,90,1041,,,,,,,,Bizon,,1644,3,893,18,286,312,275,,,,
76,265,,,,1,0,,2026-07-21,70,0,,,,,,,,Bizon,,873,0,393,1,265,300,300,,,,
12,300,,,,9,0,,2026-07-21,65,495,,,,,,,,Bizon,,621,4,712,7,300,300,300,,,,
113,0,,,,1,0,,2026-07-21,75,0,,,,,,,,Bizon,,211,1,63,0,0,26,0,,,,
114,0,,,,0,0,,2026-07-21,30,0,,,,,,,,Bizon,,162,0,112,0,0,0,0,,,,
54,0,,,,0,0,,2026-07-21,0,0,,,,,,,,Bizon,,458,0,377,0,0,0,0,,,,
63,0,,,,0,0,,2026-07-21,0,0,,,,,,,,Bizon,,690,0,407,0,0,0,0,,,,
2,552,,,,22,0,,2026-07-21,99,1331,,,,,,,,Bizon,,1746,5,847,18,552,310,288,,,,
77,29,,,,1,0,,2026-07-21,50,0,,,,,,,,Bizon,,556,0,607,1,29,2,6,,,,
28,0,,,,0,0,,2026-07-21,45,0,,,,,,,,Bizon,,180,0,522,0,0,0,0,,,,
100,0,,,,1,0,,2026-07-22,150,0,,,,,,,,Bizon,,703,1,243,0,0,20,0,,,,
94,179,,,,5,0,,2026-07-22,150,0,,,,,,,,Bizon,,817,3,283,3,179,491,255,,,,
73,260,,,,11,2,,2026-07-22,69,0,,,,,,,,Bizon,,697,1,883,10,258,316,300,32,40,40,40
110,0,,,,0,0,,2026-07-22,30,0,,,,,,,,Bizon,,26,0,34,0,0,0,0,,,,
36,709,,,,25,2,,2026-07-22,150,3195,,,,,,,,Bizon,,3359,9,2164,18,707,775,658,,,,
11,293,,,,7,0,,2026-07-22,60,1451,,,,,,,,Bizon,,2097,3,1434,5,293,300,238,32,40,40,40
123,250,,,,6,1,,2026-07-22,30,1622,,,,,,,,Bizon,,181,5,196,1,249,360,280,,,,
130,0,,,,0,0,,2026-07-22,30,813,,,,,,,,Bizon,,128,0,6,0,9,0,0,-2,40,40,40
89,247,,,,0,0,,2026-07-22,240,3278,,,,,,,,Bizon,,291,0,308,0,247,234,245,,,,
116,407,,,,18,4,,2026-07-22,75,2697,,,,,,,,Bizon,,745,6,223,12,403,147,0,,,,
125,297,,,,15,0,,2026-07-22,30,2157,,,,,,,,Bizon,,233,5,42,12,297,300,187,,,,
55,312,,,,9,0,,2026-07-22,90,1041,,,,,,,,Bizon,,1654,2,895,10,312,277,380,,,,
76,264,,,,9,0,,2026-07-22,70,0,,,,,,,,Bizon,,880,3,396,7,264,339,300,,,,
12,300,,,,9,1,,2026-07-22,65,495,,,,,,,,Bizon,,625,6,718,4,299,300,300,,,,
113,0,,,,0,0,,2026-07-22,75,0,,,,,,,,Bizon,,211,0,63,0,0,34,0,,,,
114,0,,,,0,0,,2026-07-22,30,0,,,,,,,,Bizon,,162,0,112,0,0,0,0,,,,
54,0,,,,0,0,,2026-07-22,0,0,,,,,,,,Bizon,,458,0,377,0,0,0,0,,,,
63,0,,,,0,0,,2026-07-22,0,0,,,,,,,,Bizon,,690,0,407,0,0,0,0,,,,
2,309,,,,9,0,,2026-07-22,99,1331,,,,,,,,Bizon,,1752,5,852,6,309,307,114,,,,
77,2,,,,1,0,,2026-07-22,50,0,,,,,,,,Bizon,,557,0,607,1,2,19,9,,,,
28,0,,,,0,0,,2026-07-22,45,0,,,,,,,,Bizon,,180,0,522,0,0,0,0,,,,
100,6,,,,0,0,,2026-07-23,160,0,,,,,,,,Bizon,,704,0,242,1,6,23,0,,,,
94,477,,,,9,0,,2026-07-23,150,0,,,,,,,,Bizon,,827,1,284,10,477,256,0,,,,
73,280,,,,5,0,,2026-07-23,69,0,,,,,,,,Bizon,,702,3,886,5,280,316,0,32,40,40,40
110,0,,,,0,0,,2026-07-23,30,0,,,,,,,,Bizon,,26,0,34,0,0,0,0,,,,
36,763,,,,41,0,,2026-07-23,150,3195,,,,,,,,Bizon,,3390,13,2177,31,763,686,0,,,,
11,295,,,,16,0,,2026-07-23,60,1451,,,,,,,,Bizon,,2106,7,1441,9,295,238,0,32,40,40,40
123,250,,,,7,0,,2026-07-23,30,1622,,,,,,,,Bizon,,183,5,201,2,250,347,0,,,,
89,232,,,,1,0,,2026-07-23,240,3278,,,,,,,,Bizon,,292,1,309,1,232,245,0,,,,
116,146,,,,8,0,,2026-07-23,75,2697,,,,,,,,Bizon,,751,3,226,6,146,0,0,,,,
125,299,,,,14,0,,2026-07-23,30,2157,,,,,,,,Bizon,,241,6,48,8,299,187,0,,,,
55,273,,,,8,0,,2026-07-23,90,1041,,,,,,,,Bizon,,1661,1,896,7,273,380,0,,,,
76,258,,,,11,0,,2026-07-23,70,0,,,,,,,,Bizon,,887,5,401,7,258,341,0,,,,
12,299,,,,15,0,,2026-07-23,65,495,,,,,,,,Bizon,,634,7,725,9,299,300,0,,,,
113,0,,,,1,0,,2026-07-23,75,0,,,,,,,,Bizon,,211,1,64,0,0,37,0,,,,
114,0,,,,0,0,,2026-07-23,30,0,,,,,,,,Bizon,,162,0,112,0,0,0,0,,,,
54,0,,,,0,0,,2026-07-23,0,0,,,,,,,,Bizon,,458,0,377,0,0,0,0,,,,
63,0,,,,0,0,,2026-07-23,0,0,,,,,,,,Bizon,,690,0,407,0,0,0,0,,,,
2,187,,,,8,0,,2026-07-23,102,1331,,,,,,,,Bizon,,1759,3,855,7,187,62,0,32,40,40,40
77,19,,,,1,0,,2026-07-23,50,0,,,,,,,,Bizon,,558,0,607,1,19,21,0,,,,
28,0,,,,0,0,,2026-07-23,45,0,,,,,,,,Bizon,,180,0,522,0,0,0,0,,,,
100,3,,,,1,0,,2026-07-24,160,0,,,,,,,,Bizon,,705,0,242,1,3,20,0,,,,
94,249,,,,3,0,,2026-07-24,150,0,,,,,,,,Bizon,,833,0,284,6,249,0,0,,,,
73,282,,,,1,1,,2026-07-24,69,0,,,,,,,,Bizon,,705,0,886,3,281,0,0,33,40,40,40
110,0,,,,0,0,,2026-07-24,30,0,,,,,,,,Bizon,,26,0,34,0,0,0,0,,,,
36,676,,,,37,0,,2026-07-24,150,3195,,,,,,,,Bizon,,3416,14,2191,26,676,0,0,,,,
11,228,,,,6,1,,2026-07-24,60,1451,,,,,,,,Bizon,,2113,0,1441,7,227,0,0,13,40,40,40
123,250,,,,11,1,,2026-07-24,30,1622,,,,,,,,Bizon,,187,7,208,4,249,50,0,,,,
89,245,,,,1,0,,2026-07-24,240,3278,,,,,,,,Bizon,,292,1,310,0,245,0,0,,,,
116,0,,,,1,0,,2026-07-24,75,2697,,,,,,,,Bizon,,751,1,227,0,0,0,0,,,,
125,187,,,,11,0,,2026-07-24,30,2157,,,,,,,,Bizon,,250,2,50,9,187,0,0,,,,
55,377,,,,15,0,,2026-07-24,90,1041,,,,,,,,Bizon,,1675,4,900,14,377,0,0,,,,
76,257,,,,5,0,,2026-07-24,70,0,,,,,,,,Bizon,,891,2,403,4,257,0,0,,,,
12,299,,,,18,0,,2026-07-24,65,495,,,,,,,,Bizon,,646,7,732,12,299,0,0,,,,
54,0,,,,0,0,,2026-07-24,0,0,,,,,,,,Bizon,,458,0,377,0,0,0,0,,,,
63,0,,,,0,0,,2026-07-24,0,0,,,,,,,,Bizon,,690,0,407,0,0,0,0,,,,
2,23,,,,0,0,,2026-07-24,102,1331,,,,,,,,Bizon,,1760,0,854,1,23,20,0,31,40,40,40
77,20,,,,4,0,,2026-07-24,50,0,,,,,,,,Bizon,,561,1,608,3,20,0,0,,,,
28,0,,,,0,0,,2026-07-24,45,0,,,,,,,,Bizon,,180,0,522,0,0,0,0,,,,
100,0,,,,0,0,,2026-07-25,160,0,,,,,,,,Bizon,,705,0,242,0,0,0,37,,,,
94,0,,,,0,0,,2026-07-25,150,0,,,,,,,,Bizon,,833,0,284,0,0,0,33,,,,
73,0,,,,0,0,,2026-07-25,69,0,,,,,,,,Bizon,,705,0,886,0,0,0,317,20,40,40,40
110,0,,,,0,0,,2026-07-25,30,0,,,,,,,,Bizon,,26,0,34,0,0,0,0,,,,
36,0,,,,0,0,,2026-07-25,150,3195,,,,,,,,Bizon,,3417,0,2190,1,0,0,801,,,,
11,0,,,,0,0,,2026-07-25,60,1451,,,,,,,,Bizon,,2114,0,1440,1,0,0,6,0,40,40,40
123,0,,,,1,0,,2026-07-25,30,1622,,,,,,,,Bizon,,188,0,208,1,0,0,263,,,,
89,0,,,,0,0,,2026-07-25,240,3278,,,,,,,,Bizon,,292,0,310,0,0,0,102,,,,
116,0,,,,0,0,,2026-07-25,75,2697,,,,,,,,Bizon,,751,0,227,0,0,0,0,,,,
125,0,,,,0,0,,2026-07-25,30,2157,,,,,,,,Bizon,,250,0,50,0,0,0,4,,,,
55,0,,,,0,0,,2026-07-25,90,1041,,,,,,,,Bizon,,1675,0,900,0,0,0,385,,,,
76,0,,,,1,0,,2026-07-25,70,0,,,,,,,,Bizon,,891,1,404,0,0,0,300,,,,
12,0,,,,0,0,,2026-07-25,65,495,,,,,,,,Bizon,,647,0,731,1,0,0,191,,,,
54,0,,,,0,0,,2026-07-25,0,0,,,,,,,,Bizon,,458,0,377,0,0,0,0,,,,
63,0,,,,0,0,,2026-07-25,0,0,,,,,,,,Bizon,,690,0,407,0,0,0,0,,,,
2,0,,,,0,0,,2026-07-25,102,1331,,,,,,,,Bizon,,1760,0,854,0,0,0,191,20,40,40,40
77,0,,,,0,0,,2026-07-25,50,0,,,,,,,,Bizon,,561,0,608,0,0,0,156,,,,
28,0,,,,0,0,,2026-07-25,45,0,,,,,,,,Bizon,,180,0,522,0,0,0,0,,,,
100,0,,,,0,0,,2026-07-26,160,0,,,,,,,,Bizon,,705,0,242,0,0,57,0,,,,
94,0,,,,0,0,,2026-07-26,150,0,,,,,,,,Bizon,,833,0,284,0,0,46,0,,,,
73,0,,,,0,0,,2026-07-26,69,0,,,,,,,,Bizon,,705,0,886,0,0,317,300,0,40,40,40
110,0,,,,0,0,,2026-07-26,30,0,,,,,,,,Bizon,,26,0,34,0,0,0,0,,,,
36,0,,,,0,0,,2026-07-26,150,3195,,,,,,,,Bizon,,3417,0,2190,0,0,811,734,,,,
11,0,,,,0,0,,2026-07-26,60,1451,,,,,,,,Bizon,,2114,0,1440,0,0,6,207,0,40,40,40
123,0,,,,0,0,,2026-07-26,30,1622,,,,,,,,Bizon,,188,0,208,0,0,261,250,,,,
89,0,,,,0,0,,2026-07-26,240,3278,,,,,,,,Bizon,,292,0,310,0,0,102,1,,,,
116,0,,,,0,0,,2026-07-26,75,2697,,,,,,,,Bizon,,751,0,227,0,0,0,0,,,,
125,0,,,,0,0,,2026-07-26,30,2157,,,,,,,,Bizon,,250,0,50,0,0,4,0,,,,
55,0,,,,0,0,,2026-07-26,90,1041,,,,,,,,Bizon,,1675,0,900,0,0,382,380,,,,
76,0,,,,0,0,,2026-07-26,70,0,,,,,,,,Bizon,,891,0,404,0,0,303,300,,,,
12,0,,,,0,0,,2026-07-26,65,495,,,,,,,,Bizon,,647,0,731,0,0,198,7,,,,
54,0,,,,0,0,,2026-07-26,0,0,,,,,,,,Bizon,,458,0,377,0,0,0,0,,,,
63,0,,,,0,0,,2026-07-26,0,0,,,,,,,,Bizon,,690,0,407,0,0,0,0,,,,
2,0,,,,0,0,,2026-07-26,102,1331,,,,,,,,Bizon,,1760,0,854,0,0,192,20,0,40,40,40
77,0,,,,0,0,,2026-07-26,50,0,,,,,,,,Bizon,,561,0,608,0,0,156,137,,,,
28,0,,,,0,0,,2026-07-26,45,0,,,,,,,,Bizon,,180,0,522,0,0,0,0,,,,
100,0,,,,0,0,,2026-07-27,160,0,,,,,,,,Bizon,,705,0,242,0,0,57,0,,,,
94,8,,,,0,0,,2026-07-27,150,0,,,,,,,,Bizon,,833,0,284,0,22,23,1,,,,
73,135,,,,1,1,,2026-07-27,69,0,,,,,,,,Bizon,,706,0,886,1,281,329,300,16,40,40,40
110,0,,,,0,0,,2026-07-27,30,0,,,,,,,,Bizon,,26,0,34,0,0,0,0,,,,
36,415,,,,12,1,,2026-07-27,150,3195,,,,,,,,Bizon,,3424,10,2200,7,756,771,152,,,,
11,3,,,,2,0,,2026-07-27,60,1451,,,,,,,,Bizon,,2114,2,1442,0,5,207,1,0,40,40,40
123,143,,,,3,0,,2026-07-27,30,1622,,,,,,,,Bizon,,188,3,211,0,255,255,250,,,,
89,405,,,,7,0,,2026-07-27,240,3278,,,,,,,,Bizon,,296,3,313,4,847,602,600,,,,
116,202,,,,4,0,,2026-07-27,75,2697,,,,,,,,Bizon,,754,1,228,3,747,388,80,,,,
125,3,,,,1,0,,2026-07-27,30,2157,,,,,,,,Bizon,,250,1,51,0,4,0,0,,,,
55,198,,,,6,1,,2026-07-27,90,1041,,,,,,,,Bizon,,1679,4,904,4,379,380,254,,,,
76,146,,,,4,0,,2026-07-27,70,0,,,,,,,,Bizon,,893,3,407,2,255,344,300,,,,
12,88,,,,5,0,,2026-07-27,65,495,,,,,,,,Bizon,,651,4,735,4,174,31,0,,,,
54,0,,,,0,0,,2026-07-27,0,0,,,,,,,,Bizon,,458,0,377,0,0,0,0,,,,
63,0,,,,0,0,,2026-07-27,0,0,,,,,,,,Bizon,,690,0,407,0,0,0,0,,,,
2,106,,,,3,0,,2026-07-27,102,1331,,,,,,,,Bizon,,1763,1,855,3,177,31,71,13,40,40,40
77,91,,,,2,1,,2026-07-27,50,0,,,,,,,,Bizon,,562,1,609,1,142,147,149,,,,
28,0,,,,0,0,,2026-07-27,45,0,,,,,,,,Bizon,,180,0,522,0,0,0,0,,,,
